x,y
37.454011884736246,167.59971090717966
95.07143064099162,347.2445905014012
73.1993941811405,315.3587948146126
59.86584841970366,219.19726163055137
15.601864044243651,171.51310379245717
15.599452033620265,141.17760174823994
5.8083612168199465,158.01732867303267
86.61761457749351,308.16395141988176
60.11150117432088,266.14045589527444
70.80725777960456,275.3287201476674
2.0584494295802447,101.1432075962887
96.99098521619943,353.25027646640376
83.24426408004217,330.44456182464404
21.233911067827616,101.09656696772865
18.182496720710063,205.10263985059973
18.34045098534338,68.47975358437755
30.42422429595377,147.5689186390675
52.475643163223786,227.2670385006797
43.194501864211574,225.1423453929371
29.122914019804192,238.38402195427932
61.18528947223795,175.6489133047295
13.949386065204184,113.75082554105484
29.214464853521815,84.54914842501785
36.63618432936917,192.9060946306517
45.606998421703594,225.32090518525885
78.51759613930136,362.4791268212751
19.967378215835975,154.9374608043819
51.42344384136116,271.9953273677439
59.24145688620425,272.39421321423123
4.645041271999773,93.50408015924661
60.75448519014384,193.266330586007
17.052412368729154,154.07251530623276
6.505159298527952,54.18391914266215
94.88855372533332,391.1085393974051
96.56320330745594,334.66540640212236
80.83973481164611,351.82475305417296
30.46137691733707,156.17409672633258
9.767211400638388,135.6035789259026
68.42330265121569,279.7682263154461
44.01524937396013,208.16406065057907
12.203823484477883,112.50873800154137
49.51769101112702,240.12237981887006
3.4388521115218396,70.06406134673023
90.9320402078782,277.011483125614
25.87799816000169,216.40287050086843
66.2522284353982,295.88443166141076
31.171107608941096,180.66919269615124
52.00680211778108,299.29533746125367
54.67102793432797,225.5371720274975
18.485445552552704,201.24474755086806
96.95846277645586,349.70092553203426
77.51328233611146,251.14839959415033
93.9498941564189,411.7625400648516
89.48273504276489,364.9254119661961
59.78999788110851,244.43990865046555
92.18742350231169,360.72255540391234
8.84925020519195,105.32702393597263
19.59828624191452,183.4925027076917
4.522728891053807,11.825878844521398
32.53303307632643,138.90369716097274
38.8677289689482,237.91147309578596
27.134903177389592,157.4503267805126
82.87375091519293,315.8191848544064
35.67533266935893,133.15524679390364
28.093450968738075,247.1142262645408
54.26960831582485,285.20606620293853
14.092422497476264,126.88153768880665
80.21969807540397,283.71185380851574
7.455064367977082,161.4744019089344
98.68869366005173,429.2025164528759
77.22447692966574,332.74243550329214
19.87156815341724,240.0368790602031
0.5522117123602399,63.0060560712129
81.54614284548342,269.77472702015564
70.68573438476172,227.24838123829858
72.90071680409874,300.6312659492172
77.12703466859458,300.12358115012773
7.4044651734090365,112.18922883625387
35.84657285442726,223.285677862868
11.586905952512971,180.23835817979636
86.31034258755935,252.3005955704829
62.329812682755794,230.98748060736594
33.08980248526492,216.84662149517928
6.355835028602364,96.42929621905446
31.09823217156622,144.53617667148936
32.518332202674706,223.67213116230218
72.96061783380641,228.75182964363648
63.75574713552131,246.8421248414599
88.72127425763266,335.4764367864605
47.22149251619493,194.17992505233212
11.959424593830171,162.481791750269
71.3244787222995,254.64304178013364
76.07850486168974,348.8019466810317
56.127719756949624,235.08761839140809
77.0967179954561,320.6700226236153
49.379559636439076,254.48726299375608
52.27328293819941,204.57437412269394
42.75410183585496,121.44984395495561
2.541912674409519,121.3640429147878
10.789142699330444,129.98041704851806
3.142918568673425,130.98246611826997
63.64104112637804,249.67791598966315
31.435598107632668,160.681029317393
50.85706911647028,310.7052929379766
90.7566473926093,265.6342540604358
24.929222914887493,192.85910367408874
41.038292303562976,178.68939169012612
75.55511385430486,274.9176984388128
22.879816549162246,144.0064621525375
7.697990982879299,85.81805426808441
28.9751452913768,196.2036750853294
16.122128725400444,198.1631182252879
92.96976523425731,351.9793549861893
80.8120379564417,306.3313080178202
63.34037565104234,217.3100327908256
87.14605901877177,339.3676885988746
80.36720768991145,390.6330535790696
18.657005888603585,130.80369584459032
89.25589984899777,307.4969339854259
53.93422419156507,211.49141910170454
80.74401551640625,281.49793506948987
89.60912999234932,209.8044996469524
31.800347497186387,196.35238624368196
11.005192452767677,92.33374051444832
22.793516254194166,89.98871298381557
42.71077886262563,238.11345271265617
81.80147659224932,259.4862873785146
86.07305832563435,301.0923028767255
0.6952130531190703,162.7494417142485
51.07473025775657,169.05633183574633
41.7411003148779,140.5889245295775
22.210781047073024,166.73145011331013
11.98653673336828,177.79082114539145
33.7615171403628,118.90322688821269
94.29097039125192,352.68937788428093
32.320293202075526,204.97324794456298
51.87906217433661,144.0261804499862
70.30189588951778,308.9764278527475
36.3629602379294,227.3786321001453
97.17820827209607,329.973666299926
96.24472949421113,392.71575681939134
25.178229582536417,210.2278650061991
49.72485058923854,228.60235293365562
30.087830981676966,156.4371693946945
28.484049437746762,130.73557043301344
3.6886947354532795,107.65890515138359
60.956433397989684,276.09593186593685
50.26790232288615,212.18236127843315
5.147875124998935,21.44254850273377
27.864646423661142,222.44652114266773
90.82658859666537,334.9807181572714
23.95618906669724,144.09617648213992
14.48948720912231,171.88583567428958
48.9452760277563,285.79585518485
98.56504541106007,229.83894244227014
24.20552715115004,178.5813787679587
67.21355474058785,208.67807503132036
76.16196153287176,311.1704214482372
23.763754399239968,164.73180365570386
72.82163486118596,308.5035211039003
36.77831327192532,171.174561191213
63.23058305935795,180.14020903971445
63.35297107608947,239.64483655187522
53.57746840747585,250.8705872415732
9.02897700544083,164.81789116894197
83.5302495589238,260.0715239905074
32.07800649717358,222.9259167077862
18.651851039985424,119.6748685629432
4.077514155476392,125.27353085319817
59.08929431882418,226.50907236768197
67.75643618422824,276.97030854424804
1.6587828927856152,141.25357085710587
51.2093058299281,176.97328247666718
22.649577519793795,128.33642493576042
64.51727904094498,268.9885753061842
17.436642900499145,243.50961566867406
69.09377381024659,236.8213833479125
38.67353463005374,281.56370901158334
93.67299887367345,417.57662905580685
13.752094414599325,130.33160074109514
34.10663510502585,172.86193698736017
11.347352124058908,99.57497308155251
92.46936182785628,328.3358348815851
87.7339353380981,260.80820594671377
25.79416277151556,161.313478797371
65.99840460341791,327.27379022158823
81.72222002012158,278.8813254408993
55.52008115994623,228.78485618404986
52.965057835600646,161.63661001432666
24.18522909004517,176.02594462376766
9.310276780589922,134.27946569129477
89.72157579533267,326.95427935471616
90.04180571633304,316.0834140140566
63.31014572732679,246.09515645513372
33.90297910487007,205.6390321056065
34.92095746126609,186.10347750178767
72.59556788702393,294.5933401980923
89.71102599525771,333.2219358683199
88.70864242651173,368.5118545739002
77.98755458576238,323.1352597695305
64.20316461542878,268.53193817565085
8.413996499504883,184.20901583169862
16.162871409461378,157.89247170966587
89.85541885270793,378.93158511281905
60.642905965958995,276.85914251455284
0.9197051616629648,25.666127436396664
10.147154286603211,179.65560135192987
66.35017691080559,271.49945656370267
0.5061583846218687,99.10381511786997
16.080805141749867,151.90752493328
54.87337893665861,222.8304056218724
69.18951976926932,282.419346522544
65.19612595026005,238.36528151180315
22.42693094605598,209.0834884676385
71.2179221347536,273.318966184548
23.724908749680008,143.39485194925314
32.539969815926774,142.8683396838958
74.64914051180241,297.805281439375
64.96328990472146,270.1928250272961
84.9223410494178,328.4662781164102
65.76128923003434,221.6643568810519
56.830860333547164,175.45992691752926
9.367476782809248,149.4464494089127
36.77158030594335,253.69754973517146
26.520236768172545,123.59909809147521
24.398964337908357,227.12619499955088
97.30105547524455,355.06477249670473
39.30977246667604,197.9805786693515
89.20465551771133,306.47160537701404
63.11386259972629,200.18171500543755
79.48113035416485,339.797320226677
50.26370931051921,193.39013178926643
57.69038846263591,211.78207538287933
49.25176938188639,264.39856722388595
19.52429877980445,70.4691264066314
72.24521152615053,217.22366564582484
28.07723624408558,169.4386145014338
2.431596643145384,118.28110495561765
64.54722959071678,281.5354832667092
17.711067940704893,131.72132842887135
94.04585843529144,440.3908027981176
95.39285770025873,329.00066293707715
91.48643902204485,319.1142281459357
37.01587002554444,159.38100481834636
1.5456616528867428,109.01930343516358
92.83185625877253,357.66513348530214
42.81841483173143,257.120962277774
96.66548190436696,279.701958399587
96.36199770892529,330.67034590785556
85.300945546736,331.8374899522555
29.444889206958567,198.03678112667518
38.50977286019253,196.54688938620222
85.11366715168569,335.351744280142
31.692200515627768,145.5735180349131
16.94927466860925,207.18992015694144
55.68012624583501,280.498657520495
93.6154774160781,278.08290564515517
69.6029796674973,229.27773304249212
57.0061170089365,198.95806071027556
9.717649377076853,152.50109801452044
61.500722669916975,200.30064365183614
99.00538501042632,333.7411785334334
14.008401523652402,153.93900298019454
51.832965236373674,226.8295760724973
87.73730719279554,330.1142960306435
74.07686177542044,240.8493792890182
69.7015740995268,299.00288122671753
70.24840839871092,250.1083095188039
35.94911512197552,176.36697000426312
29.359184426449335,183.2888015042235
80.93611554785136,306.6288634355271
81.01133946791808,303.5260385611488
86.70723185801037,285.5382131474992
91.32405525564712,315.8473698936032
51.13423988609378,227.92644812129896
50.15162946871996,168.16858372229706
79.82951789667752,280.33008752825884
64.99639307777652,278.62042346514164
70.19668772577033,222.34390547520846
79.57926694361011,347.067804860995
89.00053418175663,375.32365878952845
33.79951568515358,132.69423717976179
37.5582952639944,250.37957094246283
9.3981939840869,117.52176577553084
57.8280140996174,261.98235442960004
3.5942273796742086,88.32237656779866
46.55980181324602,254.80283076866095
54.26446347075766,252.55672065626703
28.65412521282844,137.7624260426196
59.08332605690107,199.23002761485344
3.050024993904943,46.869106579140045
3.7348188749214417,117.1563742023523
82.26005606596583,329.4678419044421
36.019064141126286,217.13111999953662
12.706051265188478,126.85651881682851
52.224326005480435,182.4239195676327
76.99935530986109,264.12063216474667
21.582102749684317,201.89877967374906
62.28904758190003,235.559623268703
8.5347464993768,127.30376395105671
5.16817211686077,68.16793808626585
53.1354631568148,246.84221234448117
54.06351216101065,216.11679130656643
63.742990149820656,302.90601021959776
72.60913337226616,313.7067405142839
97.58520794625346,323.33914914809674
51.630034830119534,223.80522387791217
32.2956472941246,157.8098994848247
79.51861947687037,239.74095950670053
27.083225126207424,132.03412761885735
43.89714207056361,217.98969701709322
7.845638134226595,133.14653303878106
2.535074341545751,112.5180288177203
96.26484146779251,328.10848485766775
83.59801205122058,347.81531295944365
69.59742060936979,276.63721564298095
40.89529444142699,231.49714681964517
17.329432007084577,69.52557686424454
15.643704267108605,-24.082398118569188
25.024289816459532,174.36773964306064
54.92266647061205,178.0292198433356
71.45959227000624,269.80991695034305
66.01973767177313,252.48058166752188
27.993389694594285,236.02735575004272
95.48652806631941,355.3581967710106
73.78969166957685,291.374802285214
55.43540525114007,273.41157200813865
61.17207462343522,268.26154710248335
41.96000624277899,185.85834140674038
24.773098950115745,206.51155708134507
35.597267865126156,142.8219600485695
75.78461104643691,302.91024303208195
1.4393488629755868,39.21165341588764
11.607264050691624,137.5032545261567
4.600264202175275,119.53000421061255
4.072880231897013,179.9311931774683
85.54605840110072,248.75432883851403
70.36578593800236,250.91452381895564
47.41738290873252,252.77120080504525
9.783416065100148,138.40943139792813
49.16158751168324,230.40556946444752
47.34717707805657,178.5878689185629
17.320186991001517,118.71944053445648
43.385164923797305,260.2629057714407
39.85047343973734,197.48314101515467
61.585009805221645,269.5793834580534
63.50936508676438,253.98099653294193
4.530400977204452,62.10367036712388
37.46126146264712,232.5043831710672
62.58599157142364,277.4019874740232
50.31362585800877,321.7102006617639
85.64898411883223,271.8691461664504
65.8693631618945,298.89659546139814
16.29344270814297,86.16675442006849
7.056874740042984,124.18859867340684
64.24192782063156,301.2324250641117
2.6511310541621813,20.416542418989053
58.57755812734633,237.9176694705884
94.02302414249576,311.6251911825154
57.5474177875879,214.66357594014724
38.816992620652194,213.06927322893395
64.32882184423532,307.44823951708486
45.825289049151664,209.01815500511515
54.56167893159349,244.95347043229933
94.14648087765252,340.1220235863618
38.610263780077425,196.6006944224184
96.11905638239142,294.9754859919155
90.53506419560637,372.45455362180894
19.579113478929642,161.2294017642231
6.9361300875165455,133.76938937433098
10.077800137742665,91.63962686260587
1.8221825651549728,85.44956877037369
9.44429607559284,116.28266807763552
68.30067734163569,206.92435869957254
7.118864846022898,47.5664095283897
31.89756302937613,154.74975985153958
84.48753109694546,332.9583303825804
2.3271935735825866,78.644170136124
81.44684825889358,261.2296794098496
28.185477477339994,136.56865631504184
11.816482762165625,110.59666260037619
69.67371653641507,259.4619714821194
62.8942846779884,347.3323400992717
87.74720135270529,363.245547414178
73.50710438038858,326.40353918282216
80.34809303848486,349.4890771397382
28.203457257130648,128.95265088278467
17.743954377972283,93.50334495853062
75.06147516408583,241.60229403162293
80.6834739267264,357.23087928692223
99.05051420006733,324.86034373653627
41.26176769114265,151.09168263489514
37.201808579278314,175.0729029665119
77.64129607419969,284.1760450962063
34.08035402530179,196.3682327495124
93.07573256035647,343.1301611778184
85.84127518430118,280.1466941500149
42.89940273750184,235.77527537167438
75.08710677914974,261.1240879842975
75.45428740846823,282.1338337108618
10.31238688359326,154.35423678560232
90.25529066795667,298.9352150353598
50.525237244785714,202.62519863759616
82.64574661077417,331.2307453476495
32.00496010306117,144.32636851509983
89.55232284962005,307.8715157230024
38.92016787341631,220.42210081614184
1.083765148029836,188.17003170419704
90.53819764192636,351.53337882621656
9.128667678613356,142.485870191549
31.93136375904149,201.91243585314706
95.0061967050805,292.8653566965233
95.06071469375561,342.4611948328313
57.34378881232861,242.12103579376046
63.183721216979926,271.338843940098
44.84455219783198,216.9587038491149
29.321077169806454,189.10011700758145
32.8664545369916,169.2075281096354
67.25184560770384,270.5680409599137
75.237452943768,237.0097634152898
79.15790437258485,284.58500261865896
78.96181427945538,355.2702350823237
9.120610304869036,136.06556268889582
49.442030470258146,222.73465536821584
5.755876001664428,193.27799381447963
54.95288823237355,180.76461319836235
44.1530501373377,164.22367143029354
88.77041827582998,393.1834896776408
35.09150125520787,189.64096018269947
11.706701642760587,119.174074740683
14.299168205283586,85.85496454693083
76.15106317174723,309.0040835001164
61.82180633162611,277.20679595119765
10.112267612279025,79.74417636826496
8.410680611499743,115.19052877107255
70.096913145912,261.28312988033775
7.276300636419353,128.84069357956372
82.18600592903562,258.89855247606033
70.62422271564962,328.6478932946334
8.134878064189976,158.44008943120343
8.483771408519193,106.0994912231318
98.66395785011754,337.65578329573316
37.427079575612034,187.89184854874466
37.06421470668909,160.27897046422123
81.27995672575025,284.75098867488066
94.72485773838586,325.56753217171854
98.6001063822871,413.60373524371875
75.33781852589416,327.7286484114622
37.62595855309158,232.95125226132495
8.350071669866876,136.26595281864522
77.71469159274368,247.80028285259493
55.840424973580504,237.8748229513624
42.42220092469763,246.4327232473087
90.6354385094736,274.2384333921914
11.119748230615134,154.28319860825204
49.262510429085914,319.78854913732727
1.1353644767419069,147.0153458926211
46.86606419941263,275.9959134563328
5.630327568183735,123.15981356055046
11.881791626807193,169.9753362407809
11.752624677710488,99.51524278222544
64.92103021160635,295.41452927478656
74.60448792654233,313.73707088635143
58.336876509715964,257.9039601803014
96.21725484745419,395.2956916827408
37.48705795237041,171.3014747358808
28.571208628186074,163.6454842352722
86.85991281894603,321.1214850559918
22.359583851945263,113.06194364523247
96.32225394406113,350.24714974000005
1.2154474689816341,31.52243280832913
96.98788267076391,386.0283024823041
4.315991195057611,112.73032795784057
89.11431136980711,301.1140030866958
52.77011090862999,197.21112137129106
99.29647961193004,338.48152676174107
7.379656473539886,147.08422089822
55.38542844013208,261.2522787252695
96.9302535619099,312.9716922957875
52.30978441701488,195.57493811822792
62.93986381352625,284.67996308829726
69.57486889846172,243.8838723233588
45.454106476777326,216.1278153410301
62.75580800840635,262.0383381172096
58.43143119231002,259.06193859010517
90.11580104909889,360.99788682725506
4.5446380341457875,58.815958885180656
28.096318959223034,90.72691801627802
95.04114840765587,313.99419848266234
89.02637838909163,397.5186255478312
45.56567527857129,298.04684284121606
62.013259780153675,331.21936582677813
27.738118298113267,161.3162962808022
18.81211597237613,72.88530274936248
46.36984049399822,118.4423421406918
35.33522280260528,162.79096856238527
58.365611185087204,237.67316466668655
7.773463696498483,173.54624414902017
97.43948076661665,379.7037914948283
98.62107444796028,356.01388581306566
69.81617140197451,237.51839227283023
53.60963663441204,194.05080997783602
30.952761628632775,187.95489921138517
81.37950197069486,332.44959578905457
68.47311725538793,287.4870326680171
16.26169393448913,97.60973494473095
91.09271844938425,354.8028553855401
82.2537242923169,323.35435783406706
94.9799913291924,292.9048489061409
72.571950838836,248.798163872158
61.34151959357899,281.99870846509054
41.82430362906189,194.80406133571051
93.27284833540132,399.2986738605697
86.60638895004084,337.3654809874969
4.521867010618941,91.05835258583998
2.6366974497252005,106.16713910925371
37.64633668780496,196.75291094256974
81.0553330781833,272.3336172567996
98.72761293149445,308.8507546681381
15.041689110352818,166.78558441268137
59.41307153521351,283.7003166677493
38.08908566310215,220.3430724180192
96.99143978146031,405.5234846102917
84.21189231357087,287.9892281836893
83.83287047111378,379.2402951981201
46.86931597949703,179.6904217198214
41.48195023376652,161.57204203513766
27.340707193070624,95.12859060418495
5.6375496650927115,95.54653781872669
86.47223762550531,295.223201028462
81.29010091300776,325.1068991508932
99.97176732861305,360.0765131544943
99.66368370739053,299.5254924584131
55.543170560262745,222.51853159483957
76.89874151805105,276.79215781594627
94.47657298824281,262.30160219710933
84.96473906774115,271.59950999517105
24.734810174319765,129.7672857545583
45.05441353100935,272.28207453070075
12.915941515149498,140.25517040746715
95.40510272587224,366.0623209644871
60.617463445088006,189.1928537464988
22.864280550346272,206.84605471259306
67.17006844058567,322.0575875542795
61.81282404578958,171.3908177384273
35.81627180328405,160.19594190829667
11.355759219962902,149.01574952849012
67.15731955927996,294.70311275956533
52.03077009037933,201.84811800508476
77.23183917356393,280.3692774831877
52.01635011119934,205.1868063340453
85.21815003185401,317.6393234492974
55.190683877448556,287.78538241437633
56.093797153538624,208.15524534500696
87.66536026583451,360.8025875657222
40.3482866212397,168.34921086009555
13.401522845064074,98.23823451263374
2.8782676313338973,141.25333914550433
75.5137255673619,327.14152306870983
62.03095513534647,290.5003408707969
70.40797680992236,221.2761249996841
21.296416150891073,133.8551266135003
13.637147558676975,168.33335045791102
1.4544665667881929,105.36451677281767
35.058755880659696,142.97584509683142
58.991768685463306,266.5477625099752
39.22440450997323,168.32141948819316
43.747492202372904,284.03002664000326
90.41586944937484,390.31287998730477
34.82554670233004,212.19737041467522
51.39894891598108,285.1221243608492
78.3653012741143,298.60890055000294
39.65427823212701,230.98176084425415
62.20867002278735,317.00230190352494
86.23637087467452,325.80491213004956
94.9520623657642,326.763080871335
14.707348092903793,65.84748834526452
92.65876251614944,328.1881317918634
49.21162930795382,257.28763607627144
25.824438829895836,203.90422315803613
45.913575623826134,235.7680728624605
98.0032575285477,322.487367883221
49.26180939928696,140.9087631814134
32.875161028750824,161.584453633669
63.34008543167258,245.68792998639478
24.014561877819308,147.01697935238312
7.586332810866391,144.70090021823478
12.887972191064922,214.8340969418627
12.804583895777244,137.15089836472958
15.190269351229436,128.95853644270306
13.882717264941014,123.921856658158
64.08747448032146,265.39372065350824
18.188008439914483,111.00881774404479
34.56672833238632,191.41768788358314
89.67884099060119,342.953172292932
47.39616402628724,227.21440923560914
66.75577385210272,285.9254896946893
17.231987120162984,161.12605879660106
19.228901880867078,74.3524045531405
4.086861626647886,136.71416888227606
16.893506307216455,114.3161595296834
27.85903390319586,124.05514153400533
17.70104842767468,98.3018474930075
8.87025337570556,140.21315384191092
12.06358711006008,120.89872678799276
46.077876803272574,145.21629656723314
20.63337184057925,171.472216828514
36.42698610480755,131.17249692714955
50.34172708548569,231.67159233298136
69.03948286293652,282.5214668969389
3.9312139841098936,146.67251376769735
79.94103989090426,373.9796844422766
62.79003894909078,200.19767053101876
8.17590319488719,118.25658057937655
87.35786241067773,306.89771224568346
92.08724005318132,348.2642775267108
6.107795985486375,124.24239997272059
27.687764814720374,154.55170796265816
80.62012797930613,283.20656232377326
74.82596903836584,240.6149288871539
18.45210193563773,187.2302854179991
20.93493233367103,171.44254379298576
37.0472102791382,230.80181750179116
48.45229851910213,208.21669950423617
61.825477153029595,227.23602033265456
36.891363956977244,147.36505757521772
46.25347161331479,230.56646306879105
74.74709381337566,243.60708538485977
3.66832028905979,186.08452023335622
25.243694434402077,108.70470105155901
71.33495858845524,289.7230394277767
89.52068376871993,388.9907779371574
51.167744211566614,252.84451994777825
53.211348526531566,240.33728491709155
10.717201133977605,86.49919223008611
44.741236682345466,154.36451545738333
53.261726645502314,265.1922899365993
24.247050363472965,223.2809572444182
26.924323094938096,149.05243191887686
37.728416310462265,146.93032974127644
2.007119777772637,2.745537254040059
32.20791655831783,139.71502098752745
21.144800699654464,148.1333031283915
32.74973521779147,248.4059405162725
11.976213181925122,157.94629391078595
89.0527280739895,335.3249137174493
59.359245355404866,231.7511148539236
67.91023191444896,245.51294093200232
78.91712386073382,355.7748482993987
49.84421989290573,232.96228676756434
8.69202880874237,34.25126499844504
53.71065418185478,206.25398469293341
58.68411180208791,211.00415854929287
74.54394741843299,263.6325271035138
43.16595462296794,231.33481275249284
12.758030279556376,127.42482601418028
28.377590579872447,167.74598734414826
36.30822963986351,245.41769071647178
64.59172413316013,232.50301183415877
57.077830466891186,320.25469074573067
35.60967258978462,161.09439553624412
98.65152487929797,350.3399076327177
60.577481935688716,239.7442151781331
23.72267917359945,164.44155716048493
10.178247262040374,143.94289036213223
15.285913918433202,156.2645216736144
24.595772838450813,130.155947861823
16.06813732595557,93.45142195733737
18.656702405130577,250.78634365824496
28.50951686938471,151.13759950076383
17.33735952947548,172.43416733050927
89.67654246264252,257.3053589691742
8.023374566164222,108.42513520904387
52.451138957025464,225.8357106555922
41.03968269896615,222.27070139635325
98.23786169086064,232.326813431223
11.203890216805235,134.92201406454362
39.785559904574164,151.6288489658175
96.94704332753689,355.8620278667444
86.55071258939803,273.2602533703371
81.707207094928,268.6756173560724
25.790282704493983,153.09141633564764
17.088758739006582,98.93967659514908
66.8643219924431,247.37617052398699
92.93759891275857,282.69353870269964
55.67628930139298,162.92157485961542
57.161268946989985,285.25532648297116
27.997909366028416,116.07260268235686
76.94929331919369,284.9392060260015
18.704374855752338,178.08500826744068
32.367923640424365,155.33502893767354
42.54364386164168,172.02804109529555
50.7610378684455,236.31524167343198
24.240973241508023,207.11412575138476
11.483682473920354,80.0597860561643
61.06200424416326,246.40810254436136
28.863055324025577,100.07711397437518
58.123822142261226,228.95040791758223
15.436271527420232,140.01376643071586
48.114010185481746,184.72832446916703
53.258943255158584,214.13419001896685
5.182353682242691,54.36653902784139
33.660427819392055,187.35792903282365
13.441467693897424,177.52588129746206
6.337497047276774,70.19701700388603
98.99602323899452,321.5837680850942
32.235384497472296,201.49692298005505
80.98744458546349,352.8977065067244
25.464065476376383,101.53592681921893
68.15027222239293,263.3533831080456
76.02278598896865,301.83663700584054
59.56387406078443,244.66362391188318
47.15761885501584,114.84698923064809
41.18409141472685,223.80810345387138
34.88682665429953,250.42913156628967
92.95291442478259,337.23600405833275
83.06194077877291,264.75563299233875
96.50269106665125,319.90804289941065
12.429722348554472,204.7116276360803
73.08674752036443,320.57590585741724
93.83404568210378,361.2134536967372
18.123306616566015,160.1368299179604
6.6496267366777495,89.11742419880227
74.11206492900591,276.93538831266073
57.44731131799119,240.37629897700808
84.1828776758272,333.32226111585163
13.97723766262895,197.72174027456344
79.52673118598902,345.34534211953826
20.162732004774455,91.35327284826612
16.36559428657045,150.23330760859534
16.426579793099293,171.7195253337696
81.45747202313821,329.3913950677293
66.51972206962002,240.12000295490557
52.30654247691193,352.0080159666975
35.88304841235025,136.57445389647737
87.72005408131082,274.23402566570496
39.244510742263536,207.83001190307743
81.65994394715771,392.21955691653636
43.91349085702184,174.99379852710845
37.69444294249076,183.17630489866383
46.26797856696064,260.49080360221467
30.13778741641421,174.6013126929231
74.76093801762511,272.98113492926814
50.27203900924791,249.21328271627814
23.22126951468173,169.39129840984498
89.95745732745685,367.7651005689495
38.38912213732114,249.70443311142088
54.35528611139886,248.6610929556507
90.6472110964547,338.7555823818452
62.42379959139921,264.9675971128561
11.689804070836407,149.57481146767188
93.98321236134751,337.2534080533244
62.770805307141785,256.90169733038084
33.49056146570861,233.51213491797267
13.927207266338726,197.89610773176207
79.4025189270296,235.78448160245034
62.00727559285135,255.43511950185754
53.34610919763215,204.71210662114933
89.38925830509577,310.5351623353355
78.85972112245308,313.896009858274
15.167487973275119,165.77073688688034
31.172206779554823,173.26549065046206
24.848913981446575,82.51766456399683
74.3946292572677,245.83580346236573
3.353243473577938,145.68202233280311
56.98896848713165,128.45684276958667
76.24586857406905,340.0176375121237
87.67656367617495,340.87720903898077
34.20817487159075,240.28000892619224
82.12573046720128,297.0528452093506
11.063173695520723,41.893058398132325
84.64522917345182,329.51833217333615
12.748866233198243,184.90417260552834
39.72872905603673,237.79491964118762
79.72953657795536,271.75252910638505
14.991742734877377,141.08905572424467
22.92513952326415,135.14416917689536
72.22525683930662,246.47751985104136
72.00365365460743,319.75812345805053
64.11476328852973,210.46351647414835
69.39484444671,236.2998337865439
54.27244433475962,189.74806909933955
25.179905890695274,100.94794193237468
34.56959935039195,192.51557231618742
18.159771680142565,193.7238216661584
90.84505613336283,319.42083363666444
58.339179476612046,183.201236085756
40.08514167636399,235.15878880644965
46.20058036441327,285.63515675773016
94.72833396118153,309.93389066213837
15.33514031160802,118.42757656038982
58.62298320167972,268.01154432784733
50.5888678884466,293.9503081731674
61.14542354346478,231.2358332078493
1.8110183820840509,49.09090612711559
87.21239089441515,344.30117995276447
93.21182824836124,366.274837797677
56.51331835892089,241.53839519954147
69.66508238768922,250.94154376637366
92.24993811772957,371.9960221663159
70.72386343133986,298.77862297598875
15.253904291426135,106.16396258727916
57.62883601668132,246.11467879488742
60.67150463828559,195.4409020723059
42.4130671302386,234.569174594798
73.64442356247228,273.20081812710805
93.43670147690149,315.46398270337886
92.55685129067763,330.02438362654544
45.08393714041321,214.38684669908508
11.323804584075525,165.54312146324474
98.48411989623345,370.80265088069575
83.88980864459342,303.2171057389597
12.466268120326685,162.93812189178317
92.08418826173724,346.8831641512484
86.98963620621282,299.7253912963627
51.88380571260721,224.5206090658935
59.127543574492925,241.6520382272972
39.90027038701302,220.77209943883503
5.476163882203133,98.42041545037982
33.519724164590095,167.55631667026145
80.28534485980114,382.6236085456227
0.4632023004602859,140.25574750338964
33.34991716911442,151.72996421099938
39.81686935909433,223.29620202653456
53.73956029379229,239.27286113953423
91.98556164127605,346.254410347185
34.634599436596126,192.30059127401174
34.69532018962277,236.23344228157802
73.75012481097484,298.7548637651021
45.221794088980715,210.47128182568125
22.460482293998197,199.5115968524446
45.24395161326934,222.81571484364733
14.085702037979985,140.2683774679887
17.63869865062233,157.16167271995215
49.83677727394797,220.6973350825418
41.89254495045479,205.1152518815283
91.48459010681,304.30201753727977
36.23938991166331,159.34612501047587
58.05883502780434,203.60151666104693
63.22642879195304,200.1525376633494
1.3094456588333636,66.6729292964601
66.35373720167107,258.63395431304383
17.803596686975144,148.79920389616635
96.10703174694551,328.98027227910063
14.866272775311295,39.1565203275927
41.462412372702374,269.1667751551585
8.534966807864386,166.5404769112961
99.68742518459473,367.7644238818409
50.21950103312426,304.90999748508875
59.53850173200438,208.18297130462167
6.7076477388427485,195.30385696717207
74.99604703991778,247.332337627223
20.990559309558577,162.40910160457554
89.80542894407138,271.5155066918834
20.513964048200716,151.89625870107074
19.068772066366655,163.738406642933
3.654966784809488,102.70151799285534
47.206694510999924,247.71764306873217
56.48411332626164,245.3297844422857
6.570863942835237,94.69206893586798
77.55276166950105,270.29960771734466
45.32888347480276,247.0603167832536
52.439026932758004,203.89859746171638
44.07627469382282,248.27607313788124
40.0763060875326,251.0617505568364
55.96403313082179,170.48315906432276
15.52402459307125,185.9455205297733
18.19281304952711,231.20602211762014
86.17856210135173,325.9310343510783
94.61154621336327,361.45379304701123
37.330931627975296,236.4719874928637
27.074467314355378,156.22471277486108
64.39995432390158,268.5836636332478
40.87341710980964,147.50620556832305
2.538635566034486,112.11450621583631
15.615259736619036,159.76212385105072
71.59722288473975,300.4680456148785
65.89239419101514,309.05803442776454
2.709599250348349,74.53831472537179
22.197216193294945,133.33390971464746
23.10747965880714,236.63137714791708
67.18927435987284,261.7187663852455
1.9710537754364155,113.25005017149448
10.410858198457385,123.23918935628525
79.99160853731894,265.79294943941073
17.85446620543336,212.18317959104746
65.27461078518748,241.23148330833732
23.81827810467265,112.64492462674676
9.944139275934516,106.10727639291747
24.317219099945408,77.51196936185703
72.22669318556592,253.46988538608173
85.56964681062857,273.6450782576875
83.02198645669915,333.24311523403827
39.71835296184548,171.2784492630632
66.80851365706462,303.9584113173748
20.498429541582098,209.43007038030828
29.314773026101328,205.7877715296485
89.63358185211197,315.12271409198326
1.3001923510736035,109.1215565759593
8.550853085446807,57.93005795279461
20.78862551460273,146.40566629704756
2.6532203873819715,70.8344654392321
18.143543508979732,174.2463426114893
58.304156096969216,352.7998821642636
42.1424550592498,226.15124182909506
89.26717110769748,240.32644221459446
81.7443561738441,289.33189017868676
34.1817351697876,190.5505790053948
25.94234334312925,168.49036840805178
37.96924081672669,164.51758537336448
59.02949425148078,257.7791108580651
26.806364082287626,115.32160069800571
62.4148907849134,216.7242522618978
40.941165219124045,229.22135624917237
55.204718085198024,195.7550756578739
43.61265291353167,231.42395306804863
29.44657595419177,116.63983099868418
94.84533069621567,410.5389959659618
76.36057941597608,258.6879096657887
14.011317576645254,125.72263502712615
86.84679758979128,330.8721752494754
48.743119824951364,198.33638649257074
89.45522268940914,329.60446891142226
79.98552559473153,323.90155930733135
42.52135044692334,246.26973773470658
2.24693083201174,138.54761751845922
26.867735938494608,160.0211569005413
54.16342146608669,229.30793136715153
63.347821982614725,356.104334087026
25.788768543320227,203.99210358515424
13.935607407282413,96.4864991593472
83.4930236799299,312.89257175773963
98.44021807035521,332.15689811296824
52.56901823026858,225.79195799976594
17.16792858483035,91.76661388888826
27.230732651936897,150.9387448462859
1.8390676547466733,179.9675377497173
91.4298806560499,352.6672001210591
11.775108289014113,25.792875652731993
57.651647551425356,294.7509606814559
27.4055220687206,213.84789600884673
55.417800251579344,223.5964175609014
65.14203883518643,292.6968827264046
82.97418037072016,271.6801037474638
20.64212717606032,132.04030532839533
1.0995828658480478,165.09605350315633
13.688563006880727,122.91606560822139
90.00186418481051,247.2143810855437
87.38900775625153,315.8387856384587
59.74131021703083,246.08360152199361
60.051686043365336,299.9873994160401
66.50366745462554,266.8556361987302
17.53712786234496,126.30286648801946
91.44119459249598,372.08259970907784
41.87705248920731,209.7181148918282
38.31385282494975,164.5799008568864
51.89177052828376,277.78315763515036
4.696596677505505,119.79879909933683
16.628336875607943,141.69257717916372
73.80336164263704,291.91029163566327
8.279866792512646,76.15445580109801
60.31521094663882,228.83496559940696
24.534910968132095,161.4863317488939
38.929561404197656,189.22491073599366
28.869373677069987,225.11288074532777
35.567271646494916,197.96336050019738
71.90459051842456,315.3297967856449
29.7121715623175,174.6713231031634
56.64046402968972,285.5480953081585
47.60504021990997,235.55176275843007
66.36711653626482,266.47615130694976
93.6829739324758,333.6547912502254
73.25720972102503,243.43355748567794
21.494037859075675,174.82534855530244
3.1183135061284672,106.12306377267149
26.22640442998251,144.68061044671143
59.507793070025485,294.8038800285706
5.1425813484250344,60.84115303987871
49.636624720123635,206.51359892474784
59.68428489168892,291.96900220994445
33.424389081696084,196.68832045328142
77.09122037458219,290.7368778561033
10.65982531337718,137.09257825903623
7.513778173580876,126.24898100019291
72.81887562036033,218.94636790308556
49.549131620619846,209.34177083094545
68.84023964277361,339.3560634505579
43.48273386037462,181.2756210240861
24.640203323910683,148.3575786868681
81.91023176741997,282.2414204527273
79.94158789689793,296.2336970209457
69.46964708544267,249.41326313081967
27.21451372299627,188.28718886639086
59.023066686908706,255.76690111122642
36.09738969400268,222.4269614779132
9.158207332663416,79.17105851232554
91.73135754622427,315.1685110410351
13.68186309189614,124.81345634400613
95.02373538208025,356.5165509547535
44.600577295795574,178.49943562864033
18.513292883861965,184.379054564676
54.190094737835814,284.8361168686671
87.29458358764083,277.0943754522524
73.22248864095612,262.6334302419515
80.65611478614497,279.5092499394773
65.87833667107174,374.2164014753081
69.22765645178525,255.1831257356104
84.91956515653193,382.096603378085
24.966800885918595,109.71871466292924
48.942496364314046,181.1817629310754
22.120944181960223,126.73614454251455
98.7668007996647,311.7320558693283
94.40593396866133,324.8688946785462
3.94268113685059,80.3679502432555
70.55751725156884,242.30504515481357
92.52483174156659,379.51036474919323
18.057534512733355,196.05983119787203
56.79452305526295,281.48183596574586
91.54882975880419,350.6730771704615
3.394597858579884,112.3450745400369
69.742026724684,253.67608004996265
29.734900737255078,134.68108615187361
92.43961953765304,346.20150325353507
97.10582451653677,293.93561006874444
94.42664891134339,294.7144922738614
47.42142166574638,266.52056789255374
86.20426509893134,394.5872612564487
84.45493985350704,327.5004135417688
31.910047324325564,225.80932351067202
82.89154741506773,297.00033698560213
3.700763471549262,53.59790721554718
59.6269878482053,274.53690045258287
23.000883728770305,181.18752010974353
12.056688577727881,133.1234952155481
7.695320162920916,109.15425734184691
69.62887758781397,314.1050132504401
33.98749637680661,143.95726874991925
72.47667715287615,248.99851316940567
6.535634079894237,74.39676352981917
31.529033783061035,182.3578888210482
53.949129237533725,189.6109798755321
79.07231648389636,269.21286104279926
31.875250293206992,150.3251302431963
62.58913764370091,245.6302213989428
88.5977748236187,259.6121487727013
61.58631881823046,257.59396510393265
23.295947475363377,210.13399950237743
2.440078155653802,111.73732071577278
87.00988739009298,381.65146184845406
2.126941085038714,160.81841400316878
87.47016726841994,351.03312373775856
52.8937134027212,235.34159172776802
93.90676985128962,335.7030544073293
79.87832357736654,331.4737367010852
99.79341105333374,333.1880523216426
35.071181545171015,109.35558377717926
76.71882889311269,312.2669255287423
40.193091360924214,153.42456144341196
47.98756203039088,179.9389711215487
62.75054632183701,256.88568317216595
87.36771141863387,314.461603254933
98.40834691992951,287.27139102409217
76.82734138645182,298.9536382748103
41.77667821673337,244.63798448764814
42.13570022770702,158.39454306439606
73.75823015888915,337.337308065504
23.877714576830233,94.7833011753473
11.047411313139467,215.70990528235387
35.462215764077655,171.54502861617368
28.723899165408174,177.86815035469434
29.630812045599008,95.35887863366612
23.360775104990992,155.816763607086
4.209318963636188,120.02930984868361
1.787393473341381,100.88370502984493
98.77223897360315,323.50358104080243
42.77731337358623,167.56141926466907
38.432664715968166,243.1172783790965
67.96472826930699,271.1935530667671
21.825388786506416,218.6665517065419
94.99611839502253,315.58597126565337
78.6345014415552,278.49659862448215
8.94110023122595,156.28558994531846
41.75807757849284,136.8712394215038
87.91183075621647,269.29337305703433
94.47320222914102,381.843922735579
46.74015112498697,168.09200803135715
61.34113892107077,177.6711387667566
16.70339460920752,219.49865370336056
99.11686261369765,289.80230353328636
23.16717013834434,165.5782221285566
94.27317741351257,338.5572364348173
64.96466489923685,145.47533046208366
60.773679487885914,240.8124605914902
51.26885110165086,246.82838344197464
23.06698117177587,172.40851248086338
17.652803200550828,181.72303127260676
22.048620907017536,138.99995671680222
18.643826214425452,176.25334851045085
77.95844735667534,266.21654801301116
35.01252591667301,128.84874733734978
5.784267656339637,60.46861511878792
96.91026301408114,281.4444788675629
88.37858849634257,362.95034596516604
92.77522831952129,268.9241641493896
99.49078226464353,360.12835534258073
17.38952492194873,132.41002290087204
39.62420189026587,194.78980568964747
75.82384757040913,346.2925686919171
69.60206180537922,255.764361956985
15.389590633985506,163.91969016415018
81.58331249906178,305.5211063619269
22.444057183666068,149.78538878170747
22.38176148226231,251.6447342401637
53.69744228934136,174.2765102531132
59.293993484170315,301.86937824538376
58.00862078378112,272.33137997008396
9.148683739775487,102.92104794735846
87.74608626303804,387.15309412382095
26.560004258870606,89.50929692257375
12.951492128280417,110.67060242913554
88.87480798689772,271.9080573735938
95.56514982297534,356.0576277383638
86.21276172654507,269.2228166771502
80.95160747248781,320.3966658604223
65.52419806390218,256.05379874827975
55.08573706091393,217.77079787621477
8.698675991141014,137.9163781010243
40.845321307069874,190.93728715910783
37.2688517012314,147.87942212098173
25.97537837603262,281.48970938372497
72.3420113688585,260.5864133892991
49.58757350787708,131.70519699771384
8.104621590764793,85.22599584366489
22.018320194981133,102.32069043998148
68.32587636595959,305.1865206191954
7.613085949030019,132.415089873732
85.12069140487687,329.3901945864206
49.51465270139743,208.3918285425571
48.0586577326648,208.52426332126305
59.24077846595176,232.66933903402676
82.46809659251491,302.7921949915785
34.780920790219305,221.70639136268716
67.80161525590636,283.4864724977646
56.5731963995791,262.2402103061785
26.70282701694213,187.54124092319398
87.8629986355158,356.45476846276756
79.74260216069281,311.34500230204344
65.84518346584255,279.54285068890766
85.05817290942419,362.10577543864724
86.72942009598023,289.154281535607
70.83629767150347,241.48753130960512
83.7013328363672,259.91300460088087
69.74714616692836,281.9780349916914
68.01407717603004,192.9105702640859
61.86113782151843,273.88078885136315
75.27166395576413,283.63617572755516
15.86051052930737,186.8580178235111
88.08707591989284,292.2625364680961
87.1843527745232,309.5018144953481
2.9247283034559146,154.0011466070527
82.58167505647627,363.99961545190854
12.886986747344519,103.9196936493488
33.51188542591419,191.34273084480037
74.35082562916078,298.1263803752387
16.07598960483082,155.73584265445285
81.79670241190622,293.56728258191845
83.21341779577419,361.34556490213987
50.746773376083624,148.24572542369148
0.638587171683358,84.07532343256636
28.703813317491278,190.39571384986561
61.69269183757422,273.2545907793795
98.11861780274235,401.5781516817337
63.18135270166684,307.8056092099846
25.98035810641598,153.07092165365611
63.40057030996113,312.58263392108853
53.99853797158555,205.28860244101742
77.98453951511436,333.69096494013996
10.698063882695841,202.07203803884607
76.1027902502028,340.80478599966455
54.12665786761103,239.71722676940027
96.29920038589947,326.94432855950436
34.187216603868606,121.87092412217548
63.26218931339481,271.07549046154514
93.20281055100175,286.6083577906894
10.250972799067926,92.62902462129307
93.72284872364511,284.7660831721423
68.78857223008133,252.81678453219598
6.78370591051719,115.79559588668127
30.096356694681624,186.62464008062648
70.81720886452815,252.05891353931625
6.73506014687717,161.32525248985755
58.217046017627325,236.88022486463626
34.588305695295674,153.69753297639272
62.091551776747714,264.6437805465543
4.5742033812512854,193.12922236935248
87.15368061523763,331.82857368371305
97.3488969177397,328.27561575639567
96.88778552856915,278.6693576500298
74.96518317429248,278.28429734001054
13.008624013063198,142.29575643519914
75.82631959290225,273.44047660298327
2.458691645880151,36.858317887491665
2.2123551528997254,70.14307228080841
32.36102191495412,241.41870025287375
48.864319040466576,281.8224811337173
77.04074178077931,255.71318744053278
68.32953766065052,298.8139239548145
44.590270637674834,162.4410968957673
27.362666628166586,226.83331576942885
99.71245001577111,359.4841747652234
42.6181302235973,246.055207638885
45.13870243296755,141.4902115317559
16.362382119166917,169.09908083952027
79.48095487499293,298.38310738379846
69.36822257814886,308.8651080750285
22.07696127887604,193.25552372656392
8.238104561584269,123.33223670210862
68.0499302074713,245.1272783123201
65.45112142811352,296.06710225397904
27.32595269982093,165.81215079104436
95.08635622504103,301.4036288878361
15.105789178090024,99.4814933014272
43.23348010426019,146.62620078728207
94.36159201675989,314.6732908079943
41.97273169261223,250.80938699864936
63.85259476640856,267.03010463322124
39.75943979627943,177.35758757067705
27.421520234867003,202.03987217852327
98.39776479598282,311.3591804773552
40.9334006315043,206.30055451469678
89.40992036791344,316.05127027196386
22.995460589108617,189.90442014618594
21.31047040250833,87.65551069323081
3.113408288451136,72.41100095375926
65.1666825375885,194.7574137024684
36.852634372376116,181.331051327142
86.4358249839637,366.49106438098556
47.32099066915572,197.2733202174118
96.81934279147217,320.8013261701075
18.552551570312115,182.6495172241303
86.86231679556109,361.6128498497841
77.65968527917417,290.46420951119876
77.0921844644052,321.2180569340212
84.47832281168877,266.38905945397346
76.10239909429988,347.5866888669035
62.62203216314154,345.95211331074614
13.124487768238758,154.49642850007035
3.2526179491251916,21.412823445183562
92.08478478156869,306.98676394720576
61.665031452073805,279.65920681039813
79.65372909761763,281.59850155153873
48.152235151255006,273.31047240177816
11.730818896239448,153.79735966496784
12.518579220255043,101.90349948188478
68.55652872289714,272.73370087424803
43.030589489946266,170.38849784345285
20.052472670033673,142.53472867028563
49.15945467414369,199.8247571595412
6.420893707513409,164.92825776479447
58.19714019143988,333.5296380103344
26.899340443509768,107.70368887293122
79.75591006371882,219.37426531376747
31.036195892357377,167.39007884878512
45.52201490818012,150.63127612334742
1.1620539908100636,104.8277710606636
7.244688779455888,149.27124644809845
39.24935564066848,260.28723751987917
47.99388347171235,228.36373937451134
60.00205481193037,241.96890423246006
29.166257870930323,90.60484120431695
69.49818861265426,274.8349059740884
86.01223971892045,317.99650934041847
77.98509888933498,321.5465774587123
3.9618825348357145,80.4280234128481
48.0506947257829,202.0263516070812
10.493017841817487,64.74018679798719
24.204501586252746,65.18190205506492
98.66625932671465,300.5465713734473
14.249554290151323,70.29040162792319
49.888815345135605,238.7309702664036
61.81557343181191,232.98194021908074
70.2464970544104,253.22285990027274
55.96486834869141,198.95561681532755
0.9770847419183659,-32.04833475612462
32.64613082439919,244.3686712542184
51.771164338471145,187.81160568209503
8.786649914483336,104.8078671383074
35.06269312091808,127.1258714474771
3.3203108791366565,148.73798778220606
7.857849715502074,125.61199239287086
39.69232762015961,164.84984999698725
13.271575404306034,116.86020589954222
56.75408482615582,311.70597171899595
68.94649691372658,269.33034541874554
80.05866991090829,292.585641848922
20.01502442448101,110.87133721384454
16.748258225906977,63.04650197479485
10.456784033440025,119.48354305932943
63.64302495436367,272.6493867748398
70.64757264869012,322.36719829473657
3.1586144825642037,14.347725350368137
93.62122462436898,287.2433725635915
5.1971283651472415,88.83105877393452
54.12963353010704,235.17926294616166
70.90605194509165,271.2309958676927
87.09691237460856,312.67941707793335
71.40869321324278,295.5005899752865
80.17280830697918,262.85046568328823
33.94501925428061,223.72754959400106
81.48251137465122,321.74008896800945
8.011484638467515,106.72207423938256
89.48166560605276,390.31002114377924
54.75923761537362,301.6528610976656
81.72977699624937,343.13760043526133
45.23182845183001,87.49236561008358
64.35776951965249,326.5865134085194
52.640266093611324,264.66663333946684
73.15895217553319,366.37411223246426
8.162998203058958,171.89227178233736
6.03520839905638,180.7550470916212
24.710323401014644,198.332287521331
15.954468011318834,195.99861806059766
87.17835665922017,400.91150968802714
21.92139873580443,163.8132675683908
97.58652558191314,278.5535834776214
33.68957917711069,171.43202180910114
18.211791568869927,161.75318510146167
78.96985071424791,300.5403284815531
65.87077755008761,212.81367088221262
49.8195716453139,156.68827893143646
55.53635509376312,208.00477781035673
71.92017782722638,313.40648922248636
22.845474133129873,222.86380059457537
99.63339160567419,387.217320459996
97.4793162146783,387.6926057417537
65.03256863469369,259.2190856204114
19.954245092914512,77.40618488748005
68.02282424312914,251.117585556219
7.219840897917584,107.28369593757749
3.0652502205806065,86.98323195896981
25.76828885112137,166.69630473921546
46.26229567393163,234.0210303884174
86.82725054083805,352.55786595272986
72.7169069766308,270.2210765646011
74.2706521199981,206.47062494420408
42.54933344480754,186.28318193268103
34.59349925469629,188.30232139131573
37.10387629846027,243.63467554855484
98.76495637360578,323.28871724092676
4.010919141248248,131.35170116569893
86.70314961224486,328.826995613964
57.86754085723934,246.4953360209368
43.86154191895905,248.36874012147587
72.52576604151365,253.82008403751695
48.666894142470284,197.7365743304368
87.34232380816606,317.86067517993865
90.07018640112585,298.54213861879316
42.17209268734554,226.56610851391633
27.682779723505156,139.53454779003928
59.23503285933622,257.5029800381963
91.2363345616691,323.92314334511104
21.066218900566657,161.60755277308516
62.296658356348274,236.61408213902544
63.156022009252055,243.78226955783168
73.3113022415281,287.2727260041412
13.15676851272598,141.29924122456922
71.58249646820886,278.7814202703655
90.9032520665641,398.2098163632304
17.968310887024195,103.70111812653565
23.754332492387764,156.7146291285352
97.13950940416396,277.3778592844475
18.097695270948975,160.72470672016138
85.4385093369579,267.19638537788563
49.227785644803475,211.49035198672
24.723107440317705,146.32801372341063
87.07499012725114,329.37396469908697
44.53052550026655,188.32741995878445
51.48173539296902,203.93661513456732
35.92333693997657,249.54722240344682
59.29508514349274,260.0771284191104
16.352387258502276,117.53841936704137
39.10815366517607,187.33443669290457
96.94123223352875,410.8081557237441
25.813343270112753,154.74931164554528
65.67366645412922,235.50677773048704
32.51900642246949,152.7982169458237
77.34731256866006,270.52184669607067
13.087366071834982,107.98430768316607
96.98210450785447,289.21544849216036
45.37895413836392,166.67498404574962
23.605046334646396,124.50870015348247
7.349674733001265,142.98652866361914
16.975790508754073,126.57807985381292
51.977394855601766,221.3245146957184
33.70031764312863,237.09286996698404
82.88833658826094,361.0996787594852
43.08875236618059,195.9840585357356
24.871427258762992,135.93146020994385
61.714498660403,218.3215801855242
70.67772168854458,305.5172747937873
16.704190790094987,133.24362227886073
16.761921628831765,125.82466481597014
3.667142693354297,75.31530136053837
73.64020150656405,252.0784942973683
66.38045276218051,279.267168981573
47.46308757498139,163.9288440469831
84.41704489691972,352.43417404093725
80.56701529500532,279.20690511244777
58.535436439675216,240.11298014925114
86.82712805132586,261.44278526357556
20.584121003676824,150.94581702969813
11.191961939772789,114.32009559619186
26.974961151698963,165.35379705726936
5.708685608931486,175.50223639831597
53.1169528001032,240.1855180892218
93.66056922949615,301.08958794433244
3.9343540668509647,80.24138468698088
12.21099140100268,155.28794127901176
45.21990282834353,267.0819564427781
93.38750175279048,345.19796774543755
31.61561049767505,207.69295445174734
50.723480868839246,252.17687066914772
4.15728590503921,169.43346070510017
14.834320096208886,55.97300352645881
98.66301229588468,374.4172081040613
96.51186964360456,382.2080614520162
0.49399809344096157,45.53732843615509
95.18117854232389,301.1046772321628
63.91199378155004,224.3831256151713
86.79182945200222,286.6582210334729
45.47398556338591,193.643101894154
51.55960285792502,238.9925093243348
48.88465802569202,258.22808225342385
66.68642575461044,311.70431053484833
13.96512547563129,100.05514329580095
2.9973589872677953,72.34948692939643
30.79299415911909,231.72731890910154
70.46807627366466,303.07800448705655
20.185345212294838,153.9109589241164
67.34324333249174,288.0513044083907
96.99120461072704,341.23802369119676
9.39007157894184,145.3005509412316
67.26021182251263,254.1684578278827
44.375021930457116,222.12119757728544
86.81422543775054,254.1892195652971
17.71497894473859,115.6721473517452
69.26259522261645,244.9894041614887
83.81152896481102,293.95230634207746
94.46142194740233,297.6059245310217
68.32480282896458,248.61389781596236
49.71747640084273,161.28641813898102
61.78472402012139,277.29052083339974
86.89049844787182,313.79326703553517
57.060974663882966,171.70718879183818
3.038705969683686,72.86362471233159
93.09486955069778,346.7414931175095
68.95267510315611,249.78923250003587
67.65133857772466,240.13206211305697
21.567515239771716,150.81535603911385
65.88854702326572,279.0167602064531
39.386440565415846,138.70658554838906
65.12329770414921,285.69636725560156
10.659303030799073,93.35201554071207
65.7845304603036,263.71543213442385
99.94137257706666,348.3797747164037
4.821203886055603,90.12439748589537
97.71741842213173,301.70413108296606
40.690796072287064,189.8409870486088
87.07534503372591,385.31031144184436
78.23854840582734,238.94381321972892
56.70162609866678,312.16283310749384
73.84492092513266,273.80658999104014
87.8515561301348,321.10051990366395
40.4140321651033,155.8224227147698
32.70331615632387,149.66958770758887
66.75933855635847,245.9747652302278
80.78459419412586,258.4552938844721
76.22851347766158,281.87924162130844
79.78136488586345,282.51949566472376
43.5583314812933,285.89767076663577
81.78342161750216,255.9481396910282
12.020905537060845,134.32470793168005
54.448909796084955,246.43393145354702
0.575866049812157,56.90892512788328
32.45858299002703,209.72194979938394
36.646153487139784,175.0429684104771
39.61726916092554,95.34717670306445
69.54672066898621,301.31987780982274
38.85581012703457,150.66914393115306
44.86936226225306,168.58067657994476
23.754413087432745,188.00623330710468
37.325179162934006,178.8692770557392
22.726962726315147,195.00136307435986
7.319592376844364,168.64800190910006
60.34485933813779,224.02986747469834
66.82127985550163,300.0569254860801
61.94903460096145,223.4416020493263
46.34940438005724,308.78241045080523
37.978578017922985,166.11593418850074
86.33336495718252,358.52383173019933
51.908178513621806,264.87637254289825
47.9181877629731,232.94631906660152
2.5642065806435688,78.51253465990446
34.12478276261564,179.01305667680947
38.019561878585705,105.44876346942785
39.88227808969005,209.04270215343465
58.017236922733225,259.5888556526614
53.360254672687844,238.95488669346926
60.79050927934446,128.27172112652715
76.48832615421283,238.56394774194146
81.29857387160935,272.12207189534075
71.81230762264944,291.6652535696045
95.55236959549347,350.9188836395423
1.823258267636163,97.4759762843581
19.57779856835461,175.37391876559676
0.756287497814212,59.19385335620182
64.7474714154603,287.2575364930646
89.8030548949987,344.2593062703997
24.34822965762993,176.57875770056708
92.70345447963066,324.18483495255884
6.026739028956085,191.23503603398268
93.44360268055144,354.1284380056488
35.16226872396344,147.61800975363266
10.142082844921651,135.6859688580918
48.58717591863256,252.7750483618594
25.677656772050796,139.72585423680178
28.487290196192284,216.53745184257684
30.728996492628657,192.71702267883168
80.30258978326634,203.29754597758662
53.91612766752545,247.25818678466482
31.130769915600364,160.9340614977323
61.03337833109184,274.93283889781105
71.61506742231936,318.3217742428195
27.262400073353376,176.2757269226602
41.354910152535155,272.67017792117196
12.188609333694755,123.03641445761895
18.11493495346803,171.2829141842178
68.11178539649828,303.7691395551372
18.143834769562694,141.30950301591847
52.516338366706016,263.69178997815783
70.90462617224327,252.5201660360965
10.687692309474384,109.13825055058352
56.73122196289035,187.22189725518024
25.656278370136377,174.18453429454314
96.29268752375798,354.26383106229616
48.35456467199247,269.94971441528025
80.59925497751581,334.41355692190143
55.022654215626176,225.70770215061324
4.341253285481916,61.83490835378016
63.31513755940223,276.29660655969127
95.14033422066571,384.06377688363244
60.16118201463312,281.82246366901705
81.91888594267903,349.91695655693496
88.42064633484078,312.23594128644015
22.807977194893247,137.6062374618125
21.204483990822666,122.35239233523433
61.09809888509917,250.41967192164793
41.10284698067047,199.48734345189152
83.98613028667204,318.5641587963511
90.00231233980112,319.62635367814914
35.34213793027181,182.79575644227393
23.687055897448207,126.90324479585495
78.05255152438619,334.3074849981975
27.48060355481361,171.8850466964444
82.26143185136785,298.3958310114892
42.37382536487628,174.8377319216134
66.75498992914704,211.47316320224283
9.553531383466819,178.30174415383286
62.3859324676573,279.04060238086447
45.17676787372291,145.37873656642216
58.66084631754741,278.4026894104825
16.801420774486342,180.38342719432956
73.68737449441821,289.3931110294522
86.27970775432286,382.1887531896723
21.673980009077564,163.2015815801244
9.571455552016172,64.98162508710914
2.3638586046336396,121.10252107705946
64.1971500443266,270.68183960578614
60.70940360887808,226.67331343352254
54.669741271407005,260.53729729366046
23.194709611597542,88.60347716178475
39.09059959055147,238.93908141041652
59.4476335186173,212.0847863676829
49.67668588591694,183.2129818823361
98.77855202148874,342.2106947048922
13.643975255673313,152.12379848091336
69.51445540475937,280.60620738217045
40.431876810429216,170.18132026371396
42.819961492561475,185.9940334413862
71.75977656581762,232.2591578426653
69.24361513243696,263.76121927845935
99.12559937021884,392.5403098605312
12.839428945412523,131.92121262949604
10.410964938416633,161.78338542934856
72.43388171287411,341.6367497817241
57.83869170064091,220.13218933649847
27.416066655980586,160.7777771085143
7.9419368988986605,210.18742990085502
8.565824959643054,181.50654234452014
89.41908746641182,253.96724466506646
19.18673247187429,164.07415624633356
32.33715621155208,180.86618903820107
22.6656402226988,191.0487235983468
35.49963058319373,157.75419755027224
6.942384274609337,82.4240123450239
51.90597909082704,201.63699177965725
6.76125635922149,93.10802510820696
80.03565078223616,334.0107297229922
23.3712081910433,109.28408654914043
54.00119146045106,209.09909618123623
88.00790875614582,245.58782184273988
65.08773690471942,304.62052971153514
53.29577865513353,286.1207175402501
32.43337531153756,167.4755318175952
33.300191305819794,170.85428002900605
66.94869551981901,286.22805872797164
99.41393612211675,409.8807380207003
66.18391898493786,282.4600680658789
55.77834173700249,210.42458691356555
73.06505102392461,215.3114334295745
46.52056122837182,169.90651910028316
6.0142342600785215,118.08188454511028
56.22968158779098,213.30926956729405
95.76252845053801,347.51796229230507
17.530294235765965,120.82130421983003
69.00048908206658,228.4769874704947
20.093368865905646,101.26296222723771
53.582768447308126,298.95875867723475
9.667644964671961,161.15549221067096
45.037093625818514,284.5910200634898
75.61633288952461,311.50551647449413
34.757152423898205,169.0030669830768
66.4911724487218,321.28559643576045
79.54499607897291,297.48669434570877
92.71778194794527,340.98258777601546
23.464208185545353,156.87881002904848
39.931591580930814,77.22288141523708
15.241601333041743,204.8690838367847
99.24835021583752,368.5491192861173
92.70009679242953,345.4725469362892
53.99571302805596,232.41908640745567
84.20332943764213,317.3077462409005
52.09579772720422,205.38967429806894
62.35856880027597,281.54923681348623
8.912443211601662,67.89921598946395
75.52704204968079,296.5589915699413
12.771348363523483,155.29266325890467
82.60676302525283,298.2512683069576
78.20280876703859,310.9369949854403
70.87446977429764,235.94165743014057
3.6160380524762115,68.85682398803344
30.31283559453286,185.63071665442533
26.311256991084285,194.00923481991126
36.01364074715191,112.03022243292736
8.764274676383854,143.6293813420924
93.69578230310628,311.6395301471478
55.38022407123763,230.42885326564453
30.552431065802356,120.65036741115482
39.698151707428345,163.81380136680673
44.72025405048357,251.9963276498708
60.05943333606173,251.5158656594266
51.567942769649775,212.9943423627805
91.93919732144174,325.0014895620997
49.696348290583025,244.59455317687056
99.21580148233127,366.3662992656361
85.14249577450957,309.73473732963254
20.85105143573358,197.60024710124668
93.05952146439162,373.0249502415384
11.636639788547608,146.28996343278067
81.74497084911916,306.63455308411375
38.06232934765801,222.50370043078692
87.79743204450695,332.5686919245204
86.80566901074504,361.1488126078326
80.59254001176211,338.9076461320226
79.00304363070614,255.1431045442506
30.46791390980408,130.98823270289435
8.091928305125219,91.05429837005089
40.29801787651615,241.35734374767097
17.35245149865087,77.79871404104036
69.49510889024617,290.1616731572246
34.609972653778556,201.6085550848011
97.56102008599149,392.27458088763535
64.0972077345332,267.7460195874303
82.24805636343609,249.73584698515987
13.252467274184843,93.21715703158326
86.20144822726226,266.3266377202305
92.27571905133944,308.30811198473964
48.70619188189359,214.15585083776216
60.625293775097745,203.07498140848548
76.48098009029954,352.38941595408
17.483862726041256,88.57125900413945
50.25660764634424,281.64621943869383
39.86630277723131,248.97452418401338
14.63739921622491,173.96742058078982
36.753442229153144,163.01941114467408
6.817230938549357,131.2907633143369
2.5811906949486985,53.30788679304321
13.516628915482276,171.68990507255975
96.31151115891738,337.700637358508
54.952953589501696,220.35259595922867
96.582216115322,290.5415746942337
43.2497878330132,105.04770351676389
31.181613308525957,134.7454889349416
50.61418628402441,272.83349033454726
43.95116886329101,193.11801720455313
10.566468426174392,119.3712354901849
64.08263146902063,287.4809505599102
21.60381825095996,229.13448967590347
61.95879548978296,310.02387371050327
65.02010923981534,222.0962265999956
15.20248531286481,57.18546743104588
6.134962711066816,213.50927612719926
78.07615860684398,389.5919060841728
45.98004237693202,222.79072725395102
5.816379550547579,61.68222183047358
99.48663171697672,388.7916674449867
5.778056099636664,109.95247358790874
69.50352288585532,269.05822193303567
98.36789252634136,383.13373625127844
23.918010421592562,173.70670413323978
14.224936868719617,86.22645344849411
12.138493942242889,116.83533039305317
30.327514756759555,203.32608757983255
10.10458110106467,146.49052200415784
69.2161341694132,283.9415481137556
6.229179813006269,154.40805827169004
50.94221281497897,212.30627865522487
99.66968538529768,356.60777840373004
81.39702695060188,163.05142996448154
61.52194382310109,235.09714073774376
30.625362078661166,208.34562394160002
62.389583629163845,239.7315777290959
52.70414639116516,212.36295201064812
42.60833838903715,163.19114378884936
13.071037674019948,174.4226823709251
88.66042152404667,344.4698957565864
44.97846488213225,246.78757786010306
19.462251182076507,76.83640967020847
36.77593508772896,185.26430563866447
41.4129752528927,191.8784056351206
82.75378955668742,295.21127399595554
73.3614380561402,257.7737383515308
76.93048936413398,277.92653786026506
1.1031264428647214,138.10732981674585
41.615399817976154,124.45422324990028
48.13441516353236,294.28047568707825
1.9192276823056686,124.9283034289391
25.98132087450342,163.19208154858646
76.0289823122135,327.8013358278045
13.710970572899905,73.87376919458583
53.531013145259166,206.17261843578396
21.52018720172375,148.76311857982478
1.2120774643893273,159.84440121966702
24.12014575995415,158.36587181494176
97.58737549100537,362.6929858475944
80.15371118829896,275.8548143361515
95.95766443210334,360.1492497262983
48.785404392636245,291.74514819383023
10.973619867750351,168.85298750300126
54.79594889736929,233.60089179501858
45.43773345599609,241.6981641490672
84.4357082739616,335.1168924863002
9.808258078424458,145.59725063194938
48.82411370217782,268.3231594877688
15.004866469398426,183.46401632122107
32.467592689006,175.8785419351949
73.73570773877996,311.04467982604575
47.601812936876655,203.0658489732787
37.58882851457693,155.5675980375764
39.44762785700353,187.40676844817023
45.94467684059866,211.68813578061818
78.50165438370568,227.12397574169614
89.20846889402344,358.81535142959274
95.53346865039283,223.69895891282408
78.6903386255295,409.6759412088661
31.540689574801274,241.33748046827264
68.81347060865421,261.17439548885153
43.760312405539196,209.79296521689704
25.467062204605117,176.27281547597966
84.08715794259226,285.70584742647895
3.8426348962324997,117.62051651660397
90.17619921354235,319.44937175431966
46.147746462473414,211.4471450374006
63.72014768082804,266.8500658303836
65.93539222057827,210.18909075831655
89.51177407065364,325.42573552969566
63.66696821672073,265.9676722204495
61.39335847600618,258.84419113550524
6.665204056068996,107.68336075783245
51.84080219452041,276.9426352057604
15.016900081704165,122.82851795795642
73.74337687214856,293.81634791150617
51.22219208126745,282.02960903242064
68.02277792083532,266.7544965237345
4.167290060238427,119.34098012755904
8.479201604580322,117.18791639347849
71.63233880626822,330.5616792077555
7.208433599867337,107.29844071564932
7.12567277652586,171.20821336181936
1.210847523488745,98.71733926731365
95.65013982994802,303.36748476449964
73.75083594590069,312.642444629397
35.32514085020642,175.6371316533605
29.65355812876552,199.94986628526183
34.97032297458495,73.86880139388883
77.46535311811819,293.8799479769602
66.13706110704143,246.22075130936275
18.519556786746794,102.06196109719488
17.410933533408436,120.5097142620346
9.839564971339732,100.72996439597323
66.03027197013381,263.07922852886713
76.43726622217359,234.20547969841687
26.5046428325004,179.42019353859027
2.094496103091281,162.0776747758317
8.217166747642734,132.23096104520894
96.78600348450304,375.62302028844596
29.544477747742025,219.4005200768669
76.92231478381336,343.74999500076905
62.46635688542638,333.97310612961365
38.19396396528959,174.71558578968683
20.56872621955551,121.52925338583907
12.138641815940643,162.94273205118284
61.50129680388666,283.2206935275808
77.4633780637788,325.93045482282827
64.39042535411306,339.5797544537349
53.030213324915835,233.0485789369196
4.195122343163627,128.21807085130115
96.84887775943838,301.3330921267874
79.87141916545745,388.5186901503713
29.282203670096475,159.2035408841232
97.99703293588506,332.1692432222462
60.18815896363221,236.04385083870673
58.24226582072465,218.77474007560875
74.8073179429532,256.67002993144973
81.17697880901376,281.15370412129914
65.64786073315027,207.2956438876634
12.809574636620003,99.35074521351032
33.82675059944984,265.6535842968149
92.80836403260497,362.6278791525566
22.461561184385193,194.67619257560779
37.21670238375133,242.0195864796472
43.2076882944196,284.32848108554197
43.940498969445215,136.15112351035845
61.29395824945255,202.0655470559748
94.30758377447076,302.3299962979509
24.069271183250496,140.63004626500538
12.150137630091805,117.87013953630756
19.747048985993732,130.7710990090771
88.69249002092695,330.8555833596786
64.5810812655206,262.92116966230515
28.590678923916013,141.40311947821763
81.59469389686173,213.47291898846782
86.1369996363436,274.0341469100877
84.6514338690278,288.7774830118774
91.89265336395545,319.45188107507516
25.224102017336158,116.0603838584006
75.50419287462783,268.34045458291877
46.053949727414,168.08008741420426
84.19985528900615,305.26491780403626
72.84906771616131,237.4766508652106
77.64474464997247,258.7931409086078
65.61618376810715,209.59259065028118
17.742876946970686,137.97078824547236
54.502691889693835,200.20812688929476
98.46697395245081,383.89423968108696
93.73880664971189,351.23243728301196
4.317373579701167,107.88724347735747
16.481481572943714,108.02427990089105
13.172877345456191,148.76375971152436
72.59799099852955,310.23162256753994
81.77853298569451,310.3828909954993
21.35113663106719,220.09993754031268
50.5852692951829,245.5864068614984
84.07030280112,348.1864310161382
73.28015447662506,288.75738198994145
54.223720549184826,263.6703547680047
59.03476904587729,214.43679955026101
50.83605469162799,208.01844988457347
29.754845131882057,188.9224009581303
56.50219928590161,255.48856426716983
68.88853020500906,293.3405408122587
87.33229158608077,364.1126303235792
63.629135397924806,199.78684157103356
76.1121537043158,249.73823724570894
16.0071634954573,149.56928996074348
46.15574744197899,185.25218344906426
0.9331619827093296,242.86512169431876
24.667886452162303,183.12625669796012
72.64617151130048,278.35646988802057
99.18099513493634,326.50636293123597
9.917809958721591,104.81734907223593
40.14943158612883,201.6275826878926
80.00709686991596,304.6767560862395
20.403563462889885,132.0079178842695
55.50849493022862,227.4067244377278
73.30712960296748,339.1968510420547
61.5985450260179,311.5987608311887
18.802473461541613,157.49207000344984
35.538456868573945,133.04296408914468
78.37917844853972,318.3523969056231
55.42265141320166,303.2226273087118
0.5229613542912737,158.29721469098527
76.09907600280938,320.80351437148823
3.531135494023907,168.0078169825853
74.57337827312321,288.65450101120274
20.24805601652374,176.75239553805483
95.80734801193802,311.1946685197865
36.79407513020845,204.14490675688683
32.69316163380791,237.0482428486538
14.888805033244468,112.69902204731284
30.560421549021488,140.5606568740911
87.66507618282006,323.21872264449286
99.63343376272474,339.6532920763375
36.83095305068483,219.08520605195963
44.861063095454256,193.29477247578166
72.2070938202737,352.01350076645076
88.61957804650746,267.8919065117753
59.304433418678414,300.4227820773142
39.15256981778293,166.0598341196776
41.262184084862376,128.43350865010683
69.56181464968068,283.80134440984654
0.32182636042786816,90.21158789972674
61.95893374598407,208.73198107694543
35.54930104413574,118.91948287691496
79.41973312770843,298.2014818463812
9.299063982313216,163.84740267283317
58.82022669483905,271.3875860941241
48.09728898861238,222.60250543467987
64.23255259052274,280.5038587265504
6.485359448296835,115.08115328108273
57.99837874281313,185.51219816746283
56.14845879595237,181.25478161832626
56.06600944161709,231.71218678696602
60.34876665964548,244.18792862908955
67.64679372263622,304.52216123790055
80.49889996807697,332.7549300537313
26.982072012821433,192.63176943986312
82.5049410180062,294.60117623917336
49.82556822634536,167.12181792621723
7.705827913433117,136.40881006554605
5.85509292439792,136.4874278742093
33.42383186960608,84.18460863064064
78.48969771114676,261.5115622661229
70.76809347409157,248.16888172619767
78.86149646724064,302.0777072093188
51.72690564416094,195.89341309666275
44.01989979554906,208.4631588442725
14.745252670628394,128.10381494582367
32.81927536093116,175.42676667350366
43.40193661738753,178.69922109821772
8.860042967961723,95.5651022639932
22.061195271121125,110.20842308781266
59.82252940637388,265.369048403542
73.56631142391899,307.6765320062648
99.83475113929497,317.5252794635246
93.31133313435576,396.5446401393461
64.25651995351916,247.5522909170385
42.1248053294072,268.97546278799905
63.617736470823274,232.32860797106292
78.56516180802319,212.09703469358013
11.833619092338733,146.31750836649317
40.99048896962883,212.81695396233314
83.98022856356172,311.3815269841
38.3832951933044,169.23812357359688
57.18722712271865,241.5296886351049
58.77693608621982,225.67136488213995
18.447625313363936,133.53979444345615
36.22354416522884,225.57501253822153
33.451128874193216,191.29218924023132
2.6196708532064794,131.92623513128305
2.4191763891355245,96.4010401495579
83.16970436757735,293.6946121286257
27.30708099728124,120.27700406330197
51.80787662388154,214.12429977331809
29.872557358877305,36.506256088746085
94.06792451153404,310.613596829835
25.929675886577375,161.41781047658205
42.96568127389351,230.86587378274382
87.27302504846018,307.00420607928544
84.19335667918087,324.94836682426035
18.610141784627732,55.83513810510151
80.26433097957104,298.2961273681494
45.81868867378927,144.6709239254996
48.29688720853552,170.4706897762401
13.347997241594378,125.58296111739672
8.060151375712465,173.24940553230238
72.79393069737652,297.4289027166656
49.646115235529976,224.87378963718368
43.68507026151796,208.400112822512
72.95082286523967,252.68649134390517
76.55128989911097,268.74576760781144
15.890816766935355,157.50804367949925
61.02251494776413,194.91829366165854
13.535408227768553,158.51256401404768
75.13750860290457,271.6799155348417
65.69551562671396,298.5861324862072
95.6614621083458,379.1399966621315
6.895801635642118,47.63076001025517
5.705472115125431,90.06698352538673
28.218707469320016,134.95249639701476
26.170568373590598,90.00778321932182
24.697879907199983,118.7861011325887
90.62545805210367,428.1322167583913
24.95461998495061,187.74523970051823
27.1949726128631,247.75629342705827
75.93982624179637,324.3442476981746
44.973984245054,181.57053876931946
77.67105569551812,278.29402949336503
6.536615756438524,140.82345612146918
48.75711936733843,240.0952659112087
3.3613600183282633,84.38305658606808
6.265320345535452,52.83995942610621
90.64374533444109,463.39683209122234
13.924537111759516,128.9388035969767
53.24206822752171,219.55278761457467
41.10956026007065,207.48918669339366
34.73433262588427,176.73709645775875
89.98333456872724,330.0644787695375
2.18233967754895,158.9993554449915
66.37896861755891,260.76557581284055
96.33944342135504,292.47398253101636
56.016818346184195,233.31684770583894
93.68224620330918,314.88415614921183
5.225787928602377,172.3058563723936
41.87933190741614,253.42279707194194
26.015779096205115,169.51303076510706
73.08209649807299,229.50337200416737
98.12970904972467,294.32096364747645
25.65300624442478,164.7617196662128
65.41746014740745,277.53638434023463
19.809763275974014,133.93820704184702
56.53302545716099,221.35508405927362
46.39324866883362,191.31967990583894
97.2005329631537,342.0280255210575
60.85272726964666,152.9968712578727
34.950637208681876,141.55584350988633
11.409578488793336,102.43546441299142
15.124682873493455,188.04993804574406
22.53169299512351,122.47047518364533
25.0966661340298,170.25005140846721
85.06160578411378,322.07933695132715
56.12227882825249,294.3055782499067
52.33909113743665,283.377324052858
11.476887186921747,126.29980407254443
86.0139693349435,295.25235688196346
72.28143032084837,253.0847663339359
6.766836190000158,106.88764303899731
70.78350972297687,258.9007948772594
54.353821734264606,258.9182504112922
8.172534574677826,137.9183474298472
45.830064152865646,239.1970785596476
48.469628713004695,273.56663362448563
16.577454016327575,218.94839807404554
94.56981470002823,341.6111634722466
84.99753714806619,358.2370881076994
66.90223373291083,252.62474478311648
46.22955610006072,264.8761651122142
41.17655415845085,247.10552700940173
65.09734671509541,304.6985636888543
54.543186940690546,240.27174780273427
6.227310588188562,87.76120160602714
51.25026487703317,170.10623673846302
80.64036172328395,299.9351542854157
45.923987759695805,278.5910329474304
5.195657755426842,100.098031759449
78.6278199384033,329.2347807299851
20.13637821359744,185.45358579270138
25.862083488803876,152.85242930172163
16.47063534322959,195.94318120667867
33.02150648714976,61.538790364086296
75.6751505688635,238.31528987609835
51.93858595039374,191.7515373582144
20.488127415071254,117.11603398420348
87.78300781520409,333.4477564521996
87.95818549515292,331.96250105045226
87.05784250460069,334.0366037362345
23.87962113815393,184.49905324289296
45.12393441809881,173.2806878928145
98.49896561408751,295.56513780548283
77.20124763099903,309.49201928339915
2.716742122555982,80.57101833895315
6.5204591260492055,50.96145494966116
46.39313768123328,256.39567177761586
90.92202058615601,385.3483361108472
53.870179795271426,299.46120624063974
49.781250803429025,232.2335926203423
10.547369995663058,152.4103611702713
65.6780104724294,321.18846217651856
82.21031606002255,278.83965410300505
38.04200075075623,241.31480251183987
77.56118509253275,305.3608368365558
96.44766539008116,379.1341825025636
20.376645912768907,158.68402422949845
52.33296311947413,284.7632330859369
28.713795808457554,181.08420684914157
79.28544190338394,236.47258171555046
57.75933658811575,304.80582167727357
63.45824175503038,219.22354048512466
79.79141596158941,351.61208945725474
39.59704726624549,195.23805856659547
91.50900684070432,377.70051300074897
53.302886724614,280.4693218287066
15.7954822835348,157.38482568406232
69.58991181688025,295.13241688448096
79.32613504382545,315.8988223805979
31.67616770675267,95.40513948904308
85.7179256998753,319.21794892942444
90.61432547657664,280.1019077864955
27.690448737780894,176.3483715279781
98.3521472715222,298.3281863317833
14.071152804875842,85.87789719014259
20.201566840248997,217.2772973737311
18.422483923802613,190.55062191869882
89.39897100078704,323.32507504802794
65.42925523249619,271.26044702259867
15.210428322227287,127.71151214623042
44.032341836834895,233.79058973726427
61.529802506980204,225.69723051038602
8.34640849893833,162.21063462107955
88.24163684073388,310.07440141434125
80.36035354415351,283.4331285853092
50.52067735766382,227.205064614967
96.71266152591704,317.18696036859353
41.77609792750997,218.11509042026404
98.41103190364979,323.67058233552
66.79199988036271,286.47294764598513
63.467127325394145,309.25983122652895
16.5954895295785,111.5613090419434
88.1927758304644,315.0493411400396
42.74896879206152,226.06610938578606
16.223340578247935,122.424484376777
1.260751997575904,122.46996016656982
55.975568363838256,263.04631830495464
52.739962212267635,276.9190659510948
71.93536223691585,254.6261593948737
89.02580530178021,283.3403021983698
7.9406584643029525,107.05487347358189
73.14964903403623,242.61073806182748
18.741194409758222,170.33896205716093
85.8177053157164,266.2095422993169
81.90635138616561,401.8311433152566
54.07937549855444,289.115582288889
71.02427986233116,278.08391517947143
31.43501131837484,214.67551959057204
47.116789893281464,149.69275124594094
82.16368977104716,410.3942981763784
45.92651971732139,190.26039081221595
35.77982653254418,184.43626539513204
49.421244725029986,146.3369145088692
82.82492524372184,327.2943207619308
33.520804737087275,137.7725078145411
17.37615931357438,147.66979133180365
71.20140203307808,255.35894005970866
82.59782127080818,261.65496282271255
10.063747852353334,91.69386909142284
23.98741127559447,169.36245064789904
14.19719897609939,82.1765013748863
34.79414115821666,155.831005844271
45.035097890541266,240.1832669509696
74.88263369633064,395.4828896901696
65.11475848816741,282.6570029614398
62.092856747843115,217.06942533749609
35.23749466096544,172.81993323233863
84.144755308476,311.6761504532108
47.128716739816454,203.2839492894788
97.91049380151546,382.34801472931457
63.41421382957368,267.58352971937904
12.626474156450273,169.33742930368928
67.6177562075434,255.96194088548344
32.5104015431699,236.42350684126345
68.63271966860974,264.6551581048181
6.964114816240574,77.0038839266595
17.48814371759594,234.30788272303965
85.57372589057863,238.00602422323612
22.71795570235149,126.0596276153876
83.704112524294,283.1727561523274
27.927608845441043,274.17723014589035
64.28819100587077,335.8949318236292
69.4150573509831,335.69259856541464
51.265475314505295,214.40661808849273
30.531067669673128,277.2689264552353
21.264437637109612,168.4863976487482
3.318935456242622,148.956430074505
30.39464012407238,183.46283563493307
65.3162790531283,261.2326384570945
93.83048184484826,324.10094028178656
87.1204482263052,309.0790381469901
76.60647765353026,316.8325196323365
78.84473432532987,312.3892018198769
66.49849034759953,264.9368579365194
26.0286857566003,227.87553566003854
90.71950307058299,203.36684776427768
67.0732311905834,288.89696244628806
56.04406309804399,269.9717125587768
11.098946921348107,175.4668148430939
44.70555438064254,209.06490639973873
46.03582712019263,223.74009261047675
86.45636095226699,357.16133421560204
54.66482201877885,298.7021079305211
38.04005489704097,182.59632253728904
97.68003285106593,355.3076229469356
11.072059332631568,197.51730213163214
42.25484283119446,117.26685427761038
4.202467517140529,81.79816004214868
73.99041207669303,345.96220944720756
91.80765521991506,374.97422929903286
28.003732955048942,191.74569153682697
85.83416767991208,295.9215238416157
29.221823046189776,136.3664548298044
91.07701616439152,303.0949849818129
75.3961903596784,352.8954354048112
80.49067768414386,275.0803046742342
1.80065556004545,108.72134640356602
96.2810357074026,309.34454498065327
72.66709920703232,316.73140372104064
30.47510953861333,153.77403998924586
82.9394664858847,303.28826753022264
28.152119841492997,100.34310170451174
87.2753839566128,251.0641936744761
11.258039041193701,128.46434119517204
70.36859774607957,220.78826459853073
54.069847664491036,322.75685415119904
9.653447019544082,38.3638452893432
24.189382825883897,127.1821237146841
1.240403627731479,103.79584948788046
46.876796546450585,202.00061721407783
30.126526076000037,129.37828820255965
59.83574842977588,209.73473536755336
29.72378077086172,133.09323945015097
29.99191115069847,163.0507074132177
74.31931987316034,367.0084071471338
4.814283597835345,115.2782941186867
90.28949951919873,374.9383828636249
85.22638743911814,334.1587448403516
66.78046832264066,313.293471623927
59.32215701073843,131.8127375780652
89.23024981396523,310.4086333267907
18.533017952871443,200.71597958503418
7.896916219082861,95.95519302660605
23.95101699095381,233.20532671429768
79.45782787001903,360.38189379187304
3.4670266726483323,89.14935975695082
58.280683508348964,224.7675653774059
99.54375161913099,306.688257245277
85.56960938375394,287.7297239312391
52.14456890435895,179.0794925545557
6.364090928664234,133.75093794575324
83.13735143857099,247.26449136501813
59.89785081772106,274.8629693999847
11.493299705956684,154.86449488502583
9.38572848233562,54.349828784192425
90.96268194365923,391.88698554450275
66.92002629380784,288.66880613502315
82.92867993167555,338.5129235340996
87.89789002822673,288.18042138887176
57.17723520483222,268.83720238648766
51.74463517550413,276.22524379090623
43.042741032099016,203.50424520426665
31.69465877911193,262.5267310618574
43.459596085871176,210.482301555684
77.38796557301563,340.9323642571668
60.19234310151316,262.6715038449916
89.2523289954846,347.49147516881703
44.33800143791877,141.309140948979
60.7089578718754,267.2101040295322
63.130755309198875,227.24821239937995
59.16971623063255,212.7098467021144
70.26337730855164,348.22194355417395
23.74334683748063,150.46444522377797
51.23637775457907,186.34852149303933
10.422480280834767,111.11451133993025
38.45113276448126,142.02253504883356
48.76670686212644,281.5736022211343
65.22242595454725,234.11223270621045
95.05310525862035,359.6543133899585
60.06510665483559,306.5836543555131
74.35939161765597,265.089601709352
50.626605949520275,248.70133479645335
63.41040313763313,215.66922597354974
7.093221613377343,219.4894193681996
25.439158084184697,202.55603757740045
36.185309320513866,182.44987277660917
47.249335500651355,185.96955269734426
4.564874550238374,106.66935408912853
14.002409755331769,120.86098460356814
27.68143077913058,250.45593286266092
97.15326909010507,291.8947392689905
33.134700710305076,188.44517173861877
48.20410581120825,219.74730834789727
19.609771273839293,144.1395667623157
61.07800710757682,248.17601640392368
28.068321551597432,165.3416720145387
20.699257843842677,188.07210199667247
51.65726284459791,254.47998548773666
0.5505799160420821,118.80528834796989
0.7664032649225327,-24.31327110217363
21.906880910185777,167.2401830198807
3.672136250082114,40.297382179892296
10.802575413069137,153.8966212685311
33.88606493387516,246.061699111664
80.25856795798128,262.1101952570548
57.204864336930086,232.12076078702316
51.26677259564164,203.23070738237254
29.348882320812166,224.7724066662649
93.17537194328163,336.8920697811337
39.70150412371917,271.1609906913626
8.70927667957715,138.9874560211384
61.70665161178013,264.3537809295357
11.38383934766014,131.2973449731191
34.52231428016921,220.33838793086838
50.74119387178089,154.55646342953972
87.42225246851758,322.10637071222516
49.35465803401187,220.47235928787413
70.22587660316643,305.7457781193281
99.28168389990704,340.39487504283505
13.148911989798162,89.65568185206823
27.47315255195195,168.98870657781828
39.45760755976464,153.59238449922657
42.18281785388314,125.35641391983319
41.102107526554576,233.00723605137216
90.76110025565549,350.9946363533724
71.40326444668564,297.94150321966225
60.79052140907037,306.1847057298394
30.93727178627821,149.67449438447875
82.37903842212947,246.40602051746916
95.5060511484989,335.8515355021292
82.11982825502265,290.8418032757581
0.15651051914729042,65.34752084439953
63.6401370183407,255.77821451850872
5.1135381442100725,87.33798264159218
25.760722033372186,88.01471337654353
5.952470034777169,96.52599678539215
60.37954529493877,203.6699175505845
68.65899134926067,281.28520798660617
11.448763806590511,101.32755056506207
38.38388830449795,242.2092038804997
45.6236508955542,280.78805524172697
36.90530217609166,220.52895146770902
12.102500048519305,65.72572819037846
41.89477901874754,267.3607024159154
75.11780478084181,353.35244015536716
7.100766453325546,118.53369629675363
8.018001408190345,175.08541263423874
35.47712918359842,165.74035122899454
94.1725711618925,257.7861723789309
66.85726467229141,235.51148955932564
67.86699566725648,341.6151382521589
36.1919990837865,128.44354285844224
59.36607912085384,248.39528071293438
1.0131184027743378,103.95335439827139
63.60960464095422,237.68169250753104
91.32869475762368,309.868998534396
61.25734683448192,256.14929593220114
87.3698593466345,295.03585599393347
72.39730554660937,221.82844891723403
12.055841640369025,139.086018849523
90.24533072858418,370.27079720652614
6.644384435577488,152.78956924998457
53.39674725477638,199.80278348859184
14.213712379345766,83.47688090460007
1.1706610730904066,91.10300162195507
42.2034260127639,270.7366092655737
29.504070765415623,200.6203173011026
48.6000493797603,250.78860906114892
57.71998867345508,281.3225147003827
4.373907230894735,128.44078197036362
12.300329512374564,135.7687484409072
55.86423964504254,267.21591069638
34.316735317265824,163.0685701913338
72.9173487549448,223.4445675050058
65.22916485919397,293.15323579932635
84.56043629899068,362.8972465864788
69.24928266692253,226.59911086242622
42.99310773901481,241.6788537609617
67.29666223944324,338.16999722714485
27.538117425541852,168.75184022732628
30.63134987782127,142.5453528570242
78.89851599207933,302.3644880494146
44.64195164015822,188.6998857989519
79.83803405183525,273.93599803725425
82.24223736682784,323.6282382169444
85.75623376612837,247.66733933937672
91.66352358412072,269.08407387077125
43.098522051329624,208.54890317179851
31.886681832113883,178.7885567022814
58.21987465941139,259.8432920213241
37.117242343762754,270.8119520030668
60.1074166800233,254.61685340196365
70.55858626438246,301.2834479143995
68.84050184921368,231.51415801095936
37.45528870201213,225.58830668123443
16.68602016987528,119.81453213567731
43.05293384622075,210.60380192973057
14.259414408190874,131.1198835265559
89.00970351838083,365.50120354033925
34.58774607378574,131.9677250748226
15.445974722332378,43.620679135631505
2.5447759905750877,97.4820619316996
64.58223862864843,280.9488629653425
63.69023174547432,265.5607543653023
34.060416658129164,236.41696061526187
7.171188884765101,136.12488421184162
40.9628894895232,178.94828565593562
31.12174950633936,81.05515186462372
67.71206397350093,259.4067725524845
60.57792494526903,294.21309810188274
36.459372819754,174.83726442936558
21.78925542549901,155.65140455150183
98.80359661555919,364.53970600858406
45.40016211961149,171.25911525256066
68.82742357802371,297.99831961793245
14.055296757836079,203.2507759062358
48.55896996593978,214.20751675994435
2.7536719869465487,59.909398186890826
50.545511791044994,223.59284041495422
96.40174071177023,248.4587396094063
38.420671298580025,210.0685554063453
3.8996012574911587,128.5659012623172
3.095579091934353,177.45387960157205
38.798675994686946,188.9255269324631
16.002493646319405,157.00128705424302
2.335209632818591,70.00408947445428
75.62136139501769,274.22423529877307
45.85230088818907,151.1753357919782
28.924477197265453,164.20696105037325
90.00831830164807,312.3183931411305
11.613896020052561,141.48296129333232
95.59188289553192,313.0349278213078
31.396671737735282,181.95926684312627
88.84036723086813,308.23062417780335
60.294287647946156,236.9436704779822
82.67073597414874,310.0203185292315
98.40131632104642,347.6892498459053
28.840543781874572,203.7700434465062
96.1135485407593,335.2645118786926
38.94818949024204,182.81347626343572
38.55119047369223,188.8554733818889
34.03871042545057,155.36313971322144
54.14076073475852,220.3777827753554
15.41450431784871,223.04272071236966
55.37114853580112,200.4558258208007
54.1704812410004,223.83269238458723
76.190181260487,274.3539679219137
83.36499619375856,298.1289031859264
44.044135031242405,196.32910955355555
30.233324935149376,187.20111072525603
25.933489731709447,93.68180364089483
19.462383670487192,191.80753020177443
5.764758219902488,140.73053458990137
34.244797883471335,133.9022601642832
27.024769213078326,73.15684952325245
96.64173858664074,300.95321092352265
55.77088262500439,229.33105628927848
34.72770390305075,294.1724333473364
58.0467600993696,267.7191334664151
13.91967013456955,59.59431751161762
44.40437492022029,182.31778550160286
62.62343214210638,254.34467428082394
48.889783179245136,232.7789749216523
40.177880065432426,145.7445080266401
99.38483888996981,342.845822033622
88.0314762148927,290.22127829880867
62.34059581594401,209.92955929921678
56.93773611822828,253.14483016935048
62.06604798245841,287.3623184901082
20.131210782243325,185.31959137806126
39.51377432643186,222.68180870327967
3.945953289089932,89.17179890287275
47.554603748682666,248.61538796090778
54.302458395766315,248.6143713550475
22.77497361032096,162.5100927698677
96.40288471655137,315.5576888474807
90.9454610937242,306.69109658740996
72.21432354559059,283.6098785395103
53.33866287653626,334.85775650700157
86.99691596476849,330.02549837343463
13.065234382346292,107.23455772950453
79.0509794274885,262.99584404933063
12.48208139668483,110.74522895902781
79.42106625494054,389.1390684970704
27.576756825135696,152.33079932529677
87.7090581018189,357.00303923625455
94.40420938253979,320.37000998814904
14.879596940511563,148.06558826361248
46.267560506539354,248.60950301866063
98.09873781626851,321.45279785035456
48.34074359731466,194.17837653435646
86.35475225145451,384.90423729356655
58.87315221313199,288.1469172042524
37.53299079196019,226.7284383725057
28.57835555258702,204.20055846035143
20.322309108608728,169.92643396464752
76.17981913776973,374.3992115420893
38.65405068230279,198.46193380298482
51.12754622007512,251.835895229803
49.23254800011819,162.71606498734766
57.727902923313124,209.99722665302968
86.55771456245522,266.4341518165121
98.07393435834294,398.1923150554576
40.758420857381694,95.69749136293755
82.7518922106303,290.1416018941652
76.45277946547176,166.57863562372697
57.352895145557326,208.79646336606532
95.60471436119332,318.58583027719044
20.04745155284028,207.73626005277458
10.92642103096214,143.81777784010694
85.39619669554222,278.8275969616751
43.91498166337483,254.136928069806
84.69688542070605,312.4841253939874
89.30902051954149,324.83552233560584
6.245759361907144,65.57719012970631
88.34647629860606,279.676620628978
44.831905536942216,177.75154938165988
51.04324890042322,229.54114584604412
62.659251109321026,259.8885673425465
92.63826067300867,395.8377042309179
1.911609442976403,120.79926314166548
47.68434683178171,106.56246087944017
68.77220424305607,282.8577436583823
72.27069576982285,220.34873635228683
69.2532431537108,232.9438392185686
13.443512940812186,99.81843083143757
29.93955883716812,147.25067294283275
35.87155254170135,132.4657220716191
80.4437207679505,309.5751808578673
27.875987241455302,110.99346842118933
21.070496386720315,167.51541461779235
95.74480190380962,432.43129838200343
0.88632851134689,46.9077710964432
99.78208556819781,337.61814846860244
67.68212988573956,164.21675484692986
82.84692994491171,294.5968969363206
29.461939634619316,200.39512839004126
1.4315277667059978,133.56105070567654
73.78695185615301,287.6861015109392
83.41445970006758,345.53399854526936
74.04761319535191,391.0477593873652
14.285028730083859,206.95309404761082
75.34279222569691,266.6174711437651
76.8922782107641,231.85744154160517
65.85405156700548,247.73717890291377
76.61159327955862,252.12971783850654
84.59214396777321,330.258697238473
61.360411423745845,204.25741223217375
8.860471396967906,119.12139753970564
48.76278096672109,256.77256909873694
7.764933467160507,115.22287683947242
40.75430310324308,162.51432379928627
40.71064891256276,250.6548199471905
6.600984414024158,38.327364784801745
34.88205339694793,173.56720378630948
11.099809879131485,126.01625733994683
80.82352100092221,302.7206830312571
94.76880259644707,344.43155393814874
7.231647525793861,143.47649807042478
95.51152072917014,337.3056735492865
52.25765993367452,215.33106658412876
29.95656779538739,157.93364440388606
7.686207527616351,93.77337326861559
50.06242680704178,257.9218464430937
79.45155444907486,271.7300363750482
70.70864772666981,312.0015736882078
5.022601146397376,113.34696063432732
7.290183536790352,96.53862651370731
40.28732826326371,226.44718382073165
29.52904940479433,143.55686656450982
23.238432305604782,184.64775971988522
28.10044989087136,179.1016056463932
80.34827432968846,276.06056728825376
92.92280536318539,354.3008913583496
40.510269452756646,224.0165665262099
90.61110021324971,374.68641166718396
32.1495701247882,220.57052011931796
47.64369863437916,239.5487268067334
22.602899781599973,109.59377149256451
64.0476042175844,361.99259473973706
97.89811151748088,286.34775608048596
60.34930960433786,290.3674158878757
35.78140841135489,207.3971058158756
64.78174459905284,213.1041093242426
12.292067846538757,125.5586228329934
88.86590802653987,318.8882522925268
50.30839507798363,280.0898219312124
44.93497420396421,182.66009980224587
58.58647884535192,235.56796201063833
62.47838627894025,159.00367285918827
7.177580622651303,190.11884439013204
68.26172212234025,226.11742047762095
24.193168031552958,174.08406294757762
71.39526325065899,274.2690802955654
82.25347943841967,301.55636346803925
80.39585075525203,334.68397530261103
55.25009674078891,307.65820016028437
52.016989231075115,240.50587980298684
14.287596133941172,162.97354404529747
77.53461504031355,307.5200864474703
27.140938044671437,210.1867909321821
49.669542281794655,204.9141965668012
28.42740929275167,215.81020107211737
13.382836299969314,179.65949324116158
62.95576968917366,302.42843065061294
5.4332034822903825,86.11752364451729
74.86452341262,280.15761283374326
31.758679526111667,189.3597348689113
0.013469300448532007,42.999721364797594
51.11291392372298,294.13901989314405
4.6851908527603126,111.20221134109717
27.616955782089946,180.85522342972783
70.69764874557161,252.7378232697672
6.268962162186586,60.46759813722926
83.93384923560023,284.70392947187645
0.3819922658583108,110.07498186240173
24.682386920190226,189.72400676048437
74.09040561520715,291.95735918252774
31.627014972930677,193.49300748175386
10.189238806601352,111.45109782957485
36.02339188004279,210.7049261361946
27.039328638452552,229.29165721851706
84.27119021605549,340.00077556781673
31.334791758514314,212.01801017495666
78.89324717760073,309.46568495279695
89.18721448107347,260.4291942984575
43.381741957652956,164.99095160122636
90.9943143854392,346.4109164169397
37.73180539631929,193.87439368649476
96.40784164901082,359.319289428548
8.928952452557294,192.07006133648332
68.70192665032427,301.96158071215
49.38140404569287,275.82953371193906
38.76488054556471,200.85142531168432
63.27118787486009,224.5937210239306
70.38570916343312,273.5567484582449
0.43632696503090873,67.60907792463045
16.69530887471987,206.57121185662635
71.30460506343186,311.1457729572391
66.63854135782064,288.2523018686376
96.60475051286772,392.9333550703395
76.1037790250783,206.21489933179552
95.0772707731338,362.16268583499425
70.25405015348069,221.10564192935317
29.805220863944314,174.21117846204623
10.536492225085647,113.37262057702137
78.18238633449356,322.9875507027193
64.4149221475916,270.53104894706803
4.818601239329623,168.01017043011498
36.005046590097834,164.97065496944063
95.67998154842861,368.7026935432337
50.04011457102012,231.8495914859655
43.272913601970465,140.1459504716429
45.7699605159294,176.20581755583794
20.88827240051637,145.98499791514337
36.87071708647952,238.45377576464261
36.98132559871766,211.74653501598928
5.2355020187472405,64.51482483541048
76.75676285179182,286.054043438692
41.6504431903879,288.0770462700535
82.21798868164232,310.17242411693377
85.03480011198954,298.968603346306
21.199405469865805,173.45736604010006
65.73534821701286,296.0993778266803
47.22818041629817,199.09154411242258
88.0156737921485,340.9488331221708
21.57406791764541,140.25170582406878
67.78132003100443,299.3809609542697
60.775212225272256,258.99812289378883
29.53014775718328,193.8776649601834
13.660090365117261,102.56435647704275
65.16397604772766,228.74027900424363
73.85974581323308,323.9868272159691
31.562734376335,175.60354551947222
64.48326040223138,273.06703571672944
39.51309076115032,186.03512982372297
71.32068832826177,315.6932932351399
19.92152748940531,124.51585408323776
89.02150026361744,316.91205428606906
28.74095964655797,204.55366942817503
36.77859877561529,240.7478767702874
5.8091952080349785,92.7319565025525
11.15122123212764,209.41080323258976
51.58619027123281,241.9979120220816
26.75926767279715,123.50708665044824
83.54802257421944,324.2244853883423
1.4693388654953843,87.73864567588465
37.90940486719362,212.83295330254796
33.73455467690927,182.55335036339184
1.9327630917601035,107.92206832719023
12.436839900051023,93.16521169163433
41.36426749186353,244.60221578658826
49.28645844474466,175.11540913688867
40.42897472548691,154.94221784624955
53.093767841209385,248.0184653158425
59.51316749056815,315.4693338532792
0.992382112783563,87.81130183116349
46.409515945350385,245.18777843342994
96.34992408875883,385.5311820014259
51.90322801295487,263.65305682130094
67.75422674589532,256.43773041756333
31.18638579168832,132.5729112030206
77.39913781527625,201.65271757976257
77.2921481876115,282.29487833361986
52.129604765413895,279.33839584632545
97.60138232792136,297.2324737588093
12.555021476265338,160.51981944247487
1.6947664889580993,64.70577265405888
77.0158211757096,296.95270778882485
80.71555373648826,331.236589873404
12.020722912057625,102.6134666224611
26.55828329586061,173.4887319128756
1.755236336662891,87.11819500170635
29.33086107805647,202.66489794324687
77.31418739186715,303.0758510521931
51.79605277125789,231.84113655100694
34.80955931682881,251.85912637984092
37.17392949063303,220.49010392851292
0.1353625715468154,71.61628248628553
29.98005275652359,171.37776000109426
64.64587416379305,258.45691265747763
97.41944438163571,346.89031079318914
84.70608269838995,416.7975415519661
2.3594964645529126,121.32805271891435
89.85606046748393,239.93632284173253
78.3198413298626,273.21642493905847
78.03761235709804,214.69759347645746
45.79957590035715,200.77766675996114
39.80052929545028,116.81918166515634
30.29157288331926,139.4663670360316
6.569485895436578,53.15401938542055
22.82353634936991,173.04184430513791
24.66036349780246,161.67334895367597
48.40770697102016,233.62402939442427
74.7444406596694,282.5112358949396
47.38098283979466,160.4426294170511
5.784444944716061,135.82619463159097
95.77898009882038,419.4216992851981
94.27243190941122,352.7063895877127
78.51895431484084,278.5767715147919
99.13279015642206,288.4171690538336
54.448233280026294,198.34041143246884
96.27683502532061,359.5408251498048
7.560504061675077,163.54838936917804
36.568074826137135,202.2735373211109
22.538126800676583,189.62466772459953
19.583308413427,178.40125979591062
14.08029488926761,156.27512592903653
62.241364156599666,228.20758350377804
78.1321855747305,302.5665603574964
57.82983994203607,209.27779886291282
14.696270958820968,137.46580985720058
81.11237699334708,316.5465362532635
63.59547071637285,328.8345611210881
38.81657061269955,142.54996218555496
67.4130295536063,288.56572297106567
25.990497924283286,226.6031673417137
34.51922084942105,217.86995140192118
91.74858431319902,364.0261976209983
29.05045056714204,197.07720222443905
46.99882681579366,271.5143384687701
89.01411373960147,277.2907007359552
70.77213502675275,219.26878926298525
6.220322616470275,115.28727431009236
14.730304427897034,46.910503583581885
0.7841590771916818,153.16147797013832
63.09217902291634,308.5183643631806
44.767342541041835,193.88878481893784
13.427485090227552,118.14278349428622
95.79341210567705,336.4735099395278
52.96597239456199,234.57925275160048
24.189329411288917,165.76440080140793
50.06035711547076,248.3761675350972
67.96203327351078,262.7229551268386
7.623921797356448,158.3014090918008
27.4703815047892,187.22963334914246
80.69654908839937,276.48862817669516
45.966487040266124,270.4636469675976
54.65771420322949,180.1339356191221
43.28160022094693,204.36943738020273
4.389994264300512,151.20363252711311
16.574977982015593,111.35395223506038
44.554163874189086,224.26448786260858
20.918546540792782,174.90203747949954
4.997902865967873,76.69261856798371
84.36496640518237,307.89697686170615
98.11925291641158,338.7867826020932
79.31428739967394,275.330637558994
85.3784921704667,409.20752784552025
24.197713031704538,128.74520455037282
96.06269755131997,381.9669190601723
19.692570445342838,132.88892014616334
95.14298103618323,292.647899565294
99.4819293965951,352.98241522384996
71.17228057460487,304.9362641813473
98.1143731791822,383.5837798904491
56.95397795671037,307.3830630125969
25.954178317609035,287.4225650975709
43.699588566562085,219.67162740199663
59.35609353787859,220.80225076465285
7.308156202701499,137.11224953960308
62.234326461724606,244.51001302858083
98.11778367622945,383.8193263680646
19.010764978372762,93.55832697202499
79.25951162883833,396.6834562447922
90.78987937796194,362.59062227360226
94.37015928202209,265.8623267595462
96.01356044054472,310.53471813335676
52.14596387214719,264.3180023659232
97.73079079915037,393.2688303313972
75.73102071344388,236.3960416266029
16.16714362369619,170.0833352537429
47.690010646797,138.2058537497248
71.8331175372004,275.86597068878103
24.734031581908333,208.10184347888045
64.06151835488873,237.20795633269626
66.66004790466192,203.95454208393164
16.26997438085659,146.75820987354103
56.50853124527563,216.1119694003899
77.16269109786077,319.09953507447835
49.88956645359419,187.88986561059792
1.2103116776107425,70.8801827292128
0.9038469079292177,18.175714557762475
35.702934397001215,196.32789420160327
92.6194068431782,324.8540590975887
22.867677960360876,107.72639119561585
63.43636888716871,266.6539274039077
22.207587069332057,198.2502789369241
32.16699896595486,171.44878233967677
84.8042089601484,323.1676217695813
72.88614422699469,293.5864887858189
9.539927731321063,73.74361659131462
42.87020209864336,292.7398612501213
2.916976364526447,87.7027101628492
48.0890146603009,247.5202840680369
66.24340117010681,297.61174303392534
11.850262359815156,123.81779364909302
28.888493890916568,197.4669721152402
39.783662550215695,209.68647740256412
91.95310246560497,270.90178311110833
99.32550154229641,334.4895314898446
4.491129899561585,85.74261379803649
76.1007923495392,271.04105531811155
37.17240664023432,138.67789912079255
39.245818622948,244.97987772106336
75.42649733470228,355.21722791234356
91.84264321454087,370.2964708022206
95.09285945025483,390.59258058679364
57.712258603832076,229.9420968667393
35.71211593005028,162.80879236061315
78.75490858587793,264.49411841348893
25.100138326230027,189.54669917092684
56.40740288335178,250.4654768990418
35.85784615248732,186.4318022051871
65.66310737078761,318.04248843093814
24.03989128935069,176.9473335163468
19.159294573482576,113.00584344949989
91.8239086675437,301.2305257528994
10.18036829495369,153.82528608690046
50.595790773493164,269.8308244075888
22.085278296300892,178.1658794155863
3.892996332566745,188.65264212670346
3.601881829142639,177.02925953589912
17.522177210582733,162.1547610094493
86.67703545060003,281.8033983174623
28.247874397702667,116.11759000323813
95.04591705752958,321.4977557538697
58.16222929891936,276.743056384088
43.66141897687661,285.1512906014087
58.00888346694546,262.3901134274222
51.669838522626776,277.79936665561814
75.87762537573252,279.4880331987464
28.249606597285226,196.5343571181583
35.30503916003024,222.5183999998242
89.40943025332507,241.16245670695366
94.64565131504055,319.41298622194313
89.25582274864745,362.65188889239755
41.94479939573136,216.28126733074174
78.03655030068816,245.3103072873264
47.63357333010988,117.97857025450514
49.75398521461022,209.16663682075756
20.468010905728395,148.19170092857755
59.113030325851646,211.00691724631054
18.613589775334795,152.48703040484716
33.15646990671938,203.9594207302898
85.50302016199352,341.66152371121984
20.707580921085523,53.75082751618514
7.115828517343282,63.10867401853707
6.90075926128163,104.5780576219154
94.07845205031079,359.0014218800932
50.69204379618346,247.0847151105732
40.941207181701834,221.9851907529503
81.08785810079185,286.76752258613516
83.5825927910516,295.3252764201586
33.21910331156046,152.74558261303264
69.36180574737952,305.3652695167274
77.11228158518865,254.48372187822085
65.46506868659546,299.02847848302486
15.159507480009937,146.5465130758824
87.5883083517057,317.09669309864273
53.90945527360087,207.45116913267438
28.24724263700037,114.220719613335
42.52281854376939,179.3614210150258
3.757109039890738,95.66282031360778
12.786680122241755,33.40332525161696
76.55467505158609,283.1757165135591
0.0011634755366141114,138.46084325003318
41.65658284822922,227.74058646564077
52.251018108558846,209.9828749758618
5.4634420000972295,115.61139204498983
97.30781629723329,320.1302859960135
22.612533124967193,162.72053056838604
30.419871963628086,240.12594299897606
30.39425122550273,216.2800692207316
23.04166621173499,179.2718386836555
0.1473822086311416,79.86195407275895
72.93447940879963,313.53742289519676
96.68454997992853,271.5287749590543
22.429348328504506,145.57419157263382
66.30471918034225,290.04714078762976
74.18963269587151,316.27934340852437
84.84253790905247,339.9769225160536
42.262919701360914,217.92374483436993
30.293090564042924,167.58957885920597
32.52951340230311,203.70630065630928
71.26213330985128,238.51150198994486
81.6779466505636,269.05202681064594
18.161396775660265,147.97196624312747
37.09410081577652,199.9411486329526
90.19401967491501,249.5302383103085
80.66935196947392,320.6097678833547
98.48584027624759,378.36400352933117
75.42482596820807,285.3466087475768
39.319520102792225,297.08858881603345
59.06378339946377,219.24590921923078
66.10142542473203,250.2305140565571
7.845581631712395,103.17717567659592
54.44969591038651,232.95445039498193
70.93208284726096,263.65359482187665
16.732130400106037,83.2999028805281
78.06317174255571,272.41876013650176
58.37727805141116,241.88168119489114
95.22217856975946,389.1702493891304
4.24222982068917,202.23001616359227
26.5326137555467,221.89399274996575
60.15538792998241,218.12878648738518
29.65599122059307,145.19078437582144
71.44241640712423,271.97716757607265
75.9005282521931,363.99798251914876
10.251596406647446,118.74651504604851
51.38544642067677,173.23260046558158
50.889055559105586,206.37113903070934
36.92807702155411,223.81754540054902
93.29248625696721,361.93621539447673
82.75063198732212,298.54655553799273
69.72093819096368,302.7358471760621
71.43266357349975,184.00621567357683
46.17161438131191,219.74885647351144
92.09945210965759,366.0574903078482
69.45954272532853,238.99753856536452
72.89810616558164,247.44935874393536
86.16909037873452,237.7690571346077
27.4071589342191,234.66558313258068
80.7070903866703,271.8056837086882
19.524060295649203,158.8387683788922
34.53419522448878,211.46148679843617
33.56104542698427,246.81227627111886
97.85254683891405,338.2284425079654
85.65372237479268,291.69130236814567
70.11698615902597,282.4929535784504
72.70567616153902,335.1884145781399
56.20727944025711,233.4381619145074
94.70906671085191,297.04529084623067
49.62587528823615,159.9613824900623
38.05177098698945,144.31728865453258
16.3035336931591,176.72188574565502
78.6205652261058,283.21181568113155
73.44439320755914,258.33504515497316
38.43550385241349,166.30090747600931
2.519341395922936,109.83669076001648
83.89973277180107,299.7867907685588
1.1417983454073632,91.49081935370182
70.3699779629051,332.0636344580508
97.02571097260571,406.5535218167204
43.766132814820345,142.43029975341952
23.497340499595275,172.372863224343
70.48710100433817,243.89636601543216
81.71281420155852,293.9535354866343
54.64303160778473,249.4751217121694
96.70352752561462,332.90859602340555
5.166872165796111,122.50547528261558
50.479559830452814,254.1978586805279
71.845394732255,291.86936936080855
86.2640471149179,288.74846097797547
17.925561190779003,118.63602183724586
80.00034817636814,240.10185951727968
55.27070757185453,202.64937221222175
39.65536819899632,280.77037289661445
13.171502857909356,99.97740880443334
86.52957589089124,266.6733545063984
15.727320817971535,152.62891674950282
30.978785920909925,172.855233468135
29.004553196243688,164.37371658197455
87.14140341908544,376.4769365036237
67.2702994208898,291.02219137284817
79.66813971913723,277.1199668479539
25.046789879249896,144.956632901523
62.48740996069989,235.30838783604023
57.17459831437487,279.3300815228647
83.28303767882711,295.38709665075334
90.60870604812605,251.91752390263363
1.2156771477386807,101.02885021718434
67.40199190587927,204.55693605898182
5.1835799119729025,203.83397328759256
54.88586650773559,197.0380043816453
28.76327290436782,165.17379059681252
30.67765995221412,187.43668758093006
35.29585034523566,176.2299886405691
62.12924490496101,243.25638289325968
33.40499656687692,201.06263677054622
73.26990505902803,346.67305400103106
40.45273855738697,233.06410015662397
6.835320030995861,178.60194399577477
78.37598424841073,252.39532024507622
28.5758324592706,184.64346938889724
43.276687959926264,214.6507396658297
68.54438832219016,285.96814156795074
33.2456157148712,240.37223930645197
5.658565614671563,104.96047040899197
37.39210470128136,176.60927389210892
94.44485826943034,358.3284434761398
64.17343972985582,186.45138584447835
67.1479148667207,258.01554580853025
63.22821536376399,252.4872368300387
19.899213895943678,111.45646844407905
41.833386410228016,248.5624590993024
75.09397983633183,243.54038802219372
10.137289755315916,119.69021941061163
27.785277608971228,181.6600150546309
27.631910846585363,225.39019707248934
43.2018927594506,207.56553089705466
98.0368740942185,384.0409023741262
6.750254668382194,146.0239432397606
51.870099438059505,234.81170639866784
17.936468201221047,99.51191062123749
97.06765454097442,282.9833278331435
11.33035047274642,132.75703873855082
40.36010023615913,178.32131998947594
73.78849848346061,322.71714993745064
70.45544280274453,307.17000477278077
42.272863689393226,198.00140956007277
34.652416795271826,138.464337843591
39.76123785528706,220.65227274215434
26.42762631586393,123.71722813441488
20.53329387067998,119.77730520172737
48.303969755889,180.01128358111706
26.853375606760732,161.37109706705647
28.746166489725013,220.55132685192996
65.67560634745571,263.9792902106917
96.85373316998923,323.6941970432394
60.363720055937506,187.43601461765132
7.697946706496628,142.21603774799118
7.558361385406698,86.42713077428198
95.1423220845566,342.7451316382697
29.729079030733363,159.58541433283293
9.206698608247542,157.88915169317096
59.90445871503815,243.2193188275008
62.36487782902661,253.4605606433465
64.85048201186882,282.3357394114027
26.74020278575413,254.5098587006752
1.5110684214475034,140.7415500583238
96.50153694544719,337.5673808742117
25.089304569110247,162.85631398238547
67.60262880525475,247.16976789690506
70.66298698787095,237.13284867706147
61.00074170794857,229.50463010857092
31.290739421364822,146.10155227180076
27.109625376406576,194.95748775020286
59.76682827027031,204.84995500028964
86.60956336116915,371.9922005368812
94.67337289233956,367.97235966154375
10.590580440375764,127.32942657740132
15.482861259771985,138.72040899538075
94.47362587830797,312.99834791709577
73.65352283347926,295.37068253565866
88.29938248297731,366.0185975987157
20.263263413534315,121.40329872841005
58.758587110940184,183.0996131709766
70.11395944174737,304.5423292940486
68.01118854469726,283.523233954808
40.81516908666981,155.4319955162996
1.5394891691308477,73.33593822940293
58.29260568042631,209.98843788068442
25.310153917960875,133.13118347859165
45.02542461428904,199.09672435338288
95.75810150838173,328.30553983555075
39.903531764243475,172.682526818993
83.98016066644267,278.4069580093985
18.854060574925114,137.61656735779562
67.24604980250288,275.0919392071201
97.70069544389435,331.09220538350365
10.189310087293679,173.67967471611416
0.8319942227192012,123.21900034527569
43.35827926326144,142.20847666105257
9.26254830513672,144.94609065567707
74.83843496762313,312.2897751222585
91.45486638485589,310.5499958546673
43.402097270875885,146.29747272218248
25.871164215544095,165.0135284679052
43.44033190066098,208.28011092091248
72.3447817850001,234.1958066526773
0.9054161580370979,41.8854922684744
58.945398948469716,243.72082768888762
61.329168488737906,243.62573298096015
63.76882468959355,242.06171531544112
24.202207998087722,157.03521220134672
71.40527233781268,232.63211461732237
9.13914863317764,104.75713822169737
19.92703364668008,172.00659870854912
87.74700466544819,304.8069889544574
73.87231507265663,215.11828930979675
1.3745554011345251,83.77000262970255
24.83762603698002,117.57006865637214
21.440648299316457,164.71583973286388
27.080632803697256,180.96682813483002
24.755977027988642,92.87654127090926
6.252629574284574,147.21034656569742
45.894051659682034,168.46256241912494
73.27334747861651,348.05322592977984
60.67317247174364,249.65359225353868
67.28716685980798,216.36165326028652
8.114917853623915,72.77490700601426
95.14907101767872,352.355199581323
83.84918338430248,293.3429069568124
80.50903184956627,297.25128887668467
82.29838050417675,372.8457535621218
93.27105081327613,304.0855427434842
54.42539661136977,238.55824922402022
20.02820178676259,209.14320542786788
61.678360785254114,265.4506286492265
74.2881493667939,218.87758620128164
73.79173933540254,305.5060834665516
52.14490241668801,181.9754639348644
6.845871933357806,175.64497747762988
37.11129384301278,158.54278671672614
92.07666084633573,453.73824381078026
58.4448909757426,307.16247887650644
53.83319432557134,201.4398799837668
26.885351438219352,168.0460539543396
36.84489199165789,223.46763803671388
89.53460891531692,356.4407555410263
66.64630475268358,285.01918411713194
78.73870267523328,348.9428960921374
45.434542306765515,208.47022658754406
63.024721945615795,242.30449790856218
24.838360874320752,147.664608607512
70.54608302834863,312.0778688490082
42.76013337033373,222.09370888508846
44.25455148147456,222.7552501935978
64.93223245768817,295.41634188636954
93.62806214689266,248.73601728244827
6.400634660862092,128.9020155885541
82.47432373470076,315.2793788978064
29.238311041219312,242.52662135010078
44.391945450637785,147.38288411805206
2.1913328775008956,170.26515997162412
30.1046077834313,178.39892004174715
50.26312426301305,246.00224455477263
5.617607734743901,183.77070437577834
49.10957293831652,246.10443296749725
92.71106288584274,348.43499993629564
10.539321810780521,136.4288414390311
76.44407280755044,270.9950500141539
40.967105337599264,201.23247189285075
65.5173714524338,234.0244841848368
26.023659798522935,163.20494141511836
15.949226254135828,42.68655207006198
16.046261427122644,157.9658662500628
7.049194564314465,112.55810187411836
18.564670490124303,132.42390293415357
66.42193849889682,275.19789232855493
88.16906118435081,260.7791541954309
81.41256855911618,383.79879616798246
68.51343098744842,267.0079320898754
11.043186341110268,121.54010091939335
28.918744629594983,132.13150393292648
30.980687532246897,178.44800927094514
24.99569463976212,220.19377225214294
51.50056597097231,271.8507606688865
53.55538148796726,269.43737912108486
35.68859751711102,211.95444952438856
35.3789158736436,173.5301098796644
82.85555979060814,246.80478833069034
78.92928483196856,288.95898391433616
30.779583168074566,167.13551383279815
91.37884438732593,372.0822561234335
95.2815017002506,351.0759590942873
32.67425420300408,248.76593732279807
35.442494879305485,238.4278078413501
50.56341534219588,207.4160156742772
94.11208125336735,260.5937630610878
87.63194331423115,376.7267852423284
10.25679625835898,182.19928089620686
39.27307432714162,141.34138419891013
55.33711897497719,301.1348040004552
50.313247255154,241.68112214550962
19.38630679368927,155.1510951761168
85.88167711681547,381.88733090557037
67.69407829968374,325.1808896835197
83.79083748518036,336.5757505700957
85.87642793494722,334.37928954518605
74.83558536657398,312.7340787247404
43.92106012497173,193.15824075270635
61.054675501542455,250.3441901798925
16.036540611974313,102.550401151682
67.36454174749078,254.55521783033032
17.925325573928074,129.55949306262153
69.39495905101568,247.05548592713254
22.959816075396866,163.08888527540063
11.755130015021997,115.90858552878151
16.52844901429574,162.21662321303933
0.1992135219070268,33.00130349086085
71.87396178535302,274.96877258109384
73.24010490583791,288.5734748383937
51.493334991325945,215.80959240777915
16.13628010553837,133.16829335995672
8.355433751068976,54.934344759036335
1.912896643728701,119.61348939092292
16.57481769652207,168.3807235589562
89.08555349831467,343.2475275728807
24.153684170168177,203.60050172223262
35.42713272172156,196.95248113952528
10.534548448133318,146.2519255995072
22.236130474817028,162.08448917294612
51.922457078020514,258.4117247958957
60.775268309565256,186.31745282163868
24.535231416621105,124.16059764472952
5.773215922511721,180.45607946212712
39.10328691273987,95.3916617577036
23.420337092633414,152.71873294523658
21.955392322980195,203.66103917479214
95.98628027134552,336.0855860207637
61.63004859257241,237.22461558275262
55.68784431720959,244.60420613453314
41.57751035233219,189.25219311801717
42.89443334301443,208.51957804771843
54.090500383808084,206.79414873159587
69.64298070361072,320.23390649089924
70.21460961818295,334.7515323213939
17.169390770544958,137.37376589866741
50.0112752076627,167.34322627692697
41.195809503410196,181.1950024390687
87.05269662693841,309.9768841550534
63.14189212183764,278.8877005805826
53.25040664159818,191.18757600249947
11.539464217891737,96.84762378072958
60.56378893234115,272.65617860602106
11.720390568023342,168.36432536984066
33.720657556575205,158.4401925310719
14.284196481433186,80.24192894588522
69.20736470243689,409.6543138921528
20.62521138361526,184.15244044781605
39.1859373188026,186.85613842504011
89.56747776187787,360.07478411853106
20.431638339897027,145.9010715413681
50.780506395877914,263.02937176227
41.9271661166022,211.4494772626809
1.8124041045729733,108.32838215289067
79.27581135728128,293.4639490806416
6.904590631459973,57.04310375788198
47.42550209769536,299.19829053594356
56.06782949389499,200.99700785783477
62.842645661458704,200.52276519150035
68.86316293078755,263.3018612511648
25.327238352271507,123.31601295751105
0.9978776658449373,100.34318092510564
72.3443662354912,309.47536493100625
53.56565993475786,275.32377682873596
83.61177032072487,342.9263382524928
82.13883629006943,292.63125378880426
84.33261677878832,312.89481241892264
48.50946599795402,238.24349332199085
33.362839583686565,110.27426520811679
79.155820259137,321.6287556543302
45.12941130292549,152.19251845895462
18.34421964034345,230.7492714685567
85.49740195614743,296.91363454770305
88.25598767723473,312.94822819282655
46.63097561401701,184.55373664709197
7.569972730978747,92.7149971218295
38.782608991693124,291.57029924276367
80.35376594626034,340.0085428267161
90.17740285462287,260.9888618679564
20.347274249759582,213.45103864388756
6.697361202527152,166.38830758584794
87.73504531328386,307.637754714905
38.94049389788753,210.11137636817938
54.176096426756324,234.81849189461965
96.80658120507589,424.0857386656467
6.656472791422285,83.51148881088555
64.83180074520956,268.1542805906346
7.410542257486707,100.71334771890972
37.54689284665004,134.2455143582326
80.38145451934467,392.1368555923282
43.34722327556344,159.20892152745535
99.71823539029504,358.4540743387237
55.905928494660216,167.34288538540932
32.11621526359535,163.68718840013346
22.011132590475313,172.58386541164182
35.05205342861618,153.31703507606687
37.25332737595508,217.54723880942066
6.8713677723960975,105.98495133736833
36.95741994267732,240.65884084764855
46.423851973922496,272.7157608910248
72.27377522388046,256.27289292271035
65.6729484721608,267.3748456359574
70.87656552291543,284.82403608162593
0.8363681876857099,127.85897890446404
21.766739958053606,155.01521356870157
66.16842883998565,273.3348085835605
48.398936817974715,210.8704034784908
0.5313475668345946,106.12292935026046
80.44946424318223,355.1245273224298
77.28095732903374,320.0827189099378
54.841916299356264,266.28056672556767
6.646332577627212,146.6992084696984
76.65150495325847,285.22954048121255
58.37135877313639,259.19321203839314
78.19599771579591,250.34128908893842
75.17469923958404,340.7255541443766
80.30020719578371,184.96530991349562
51.80080664046248,225.87620337622766
14.032451819351499,182.5481637800328
67.11574733796887,211.04557470411766
62.04737850519706,271.75130974459245
74.22531871990871,257.2399747172084
16.98810060507353,127.12617320574455
19.497519990028923,188.09972098721357
89.04095172193284,330.84254761911507
74.99777984520708,202.85497190933378
90.82284887003229,286.4328887240443
75.87153211639207,330.2577223569851
59.71553059903019,267.96711075776443
65.41327370278736,336.2644522467518
88.91279239400099,392.2886183511357
57.88067545119405,230.46256285871715
63.239132432838744,362.24516525010335
15.647671600360058,140.13765689030652
47.39212201161027,178.4284324729787
71.6397111958099,252.73665965437706
27.09426983163654,73.84451362349749
20.22541805245349,217.423651401313
31.382680822441557,244.80685442877288
24.150062799283344,118.1249191798116
21.491263703639586,144.2470220352666
42.48508428680869,210.19046737502276
90.78385138835341,287.00409167044234
50.705964673871826,153.74380383005823
18.792038081532304,138.228156570207
7.697166938087408,105.88439161240792
69.61561451379252,257.8791671629996
38.279876443638784,204.96580404064142
82.18309465853592,364.93297358736555
65.95107686407702,252.26750438750196
79.62414505413685,306.1516521278872
27.194603941844875,198.22799437519146
69.2358922461058,296.14487480791075
26.406198469371876,140.45237468662498
93.90684794502916,338.7768948934473
63.63742815333744,281.87399200607217
32.451180017534206,134.18283617224714
26.951186229227265,219.9475693579085
19.09265850716435,207.2929743209625
69.46409588937279,243.58893102021221
21.87156129979273,162.73655405612215
59.53032659274891,275.54783549696367
26.463502692535734,143.45845244906675
66.19689447938686,285.52980435329306
81.49397285405392,310.5271906380322
77.80252431446532,233.4335015355873
76.08513309307817,309.3162622651977
18.772240569225207,101.15912113152231
8.838494698451871,161.17181839702144
69.89488284873856,246.8114367465082
36.83472137943513,185.37651490871303
43.23462264033473,265.1802894779104
3.1149092793391064,128.43925644628766
25.95764492750492,119.98254586674591
3.3676403874464023,66.19344624352479
87.91857726012476,294.8624206342687
24.339668321853047,177.2683576447868
55.73371695730081,254.2413741265842
3.897932066113041,74.66751658216387
66.6847391305658,218.15003875811018
32.30273457540939,192.47212810048583
89.79191869576658,316.91349960004504
88.81181889340358,411.78062220032206
32.529061836174776,182.84555155377203
90.09608956904678,400.72230362319345
99.61576734987788,300.3455501973791
82.5415664123948,240.90031294056195
84.4871347755229,264.61663893935696
24.90087361090899,211.72598810108275
57.67023988577563,317.23829424725153
6.725591396736785,84.27136316173652
9.491793682166971,104.56761148575022
99.88926120332906,301.08764373095215
32.663924942591095,106.28644584379144
74.81839120488463,316.9355326550117
80.66650530268164,310.9450341237036
85.80232710072292,314.94217079588174
99.76282974021565,291.15765204844627
24.149648525686786,228.60460114221053
4.035082685969971,89.14552443516308
41.1191517994586,224.99943361135988
13.008066982894695,72.0030673906283
2.2425889162055124,97.67966224050735
36.04268271414861,202.2293556205902
78.37382510752364,309.54254358616726
56.61806912250709,247.97933318785124
31.277798921035405,198.76913033533353
65.43420054927196,216.55014121691082
23.20181803088107,166.2162422051005
1.4381446072085025,108.32825563283744
76.43533864364274,300.7271002303563
62.374308486400906,258.94569760347497
76.23026245009599,237.60357494174565
3.893801668766561,54.90737952899835
83.71196278306522,217.15516825889515
61.95262000363033,288.8951142091307
56.33953507126401,275.2835697952946
62.46140481145316,291.2494641149712
86.4433246868364,328.87232346026457
58.69365065589071,157.9855948230631
58.095037988817936,202.52125357403287
99.06791570657658,354.7599312447652
75.6730167068568,294.8207750560269
44.22938054511353,201.30600080595352
70.73970000329277,292.1980686996886
38.92304716917885,197.79238780436458
22.8875462483499,162.24352688475105
59.68518768877594,222.62462406397884
92.81820981139515,372.9021407561338
92.91395200154628,314.3626056644206
34.19052781054903,130.11459782776086
52.7677466221695,199.84191403828015
21.16358985698612,138.41102130997268
99.56311094988834,390.2633131350586
98.11179078679358,343.5209147765735
64.95089297074473,254.63252646000043
80.44140596774734,249.1528106359969
71.51001612837,311.45508278451393
59.31582190394682,221.16505276124838
5.3347996988897695,109.17533516953432
45.476434255266106,275.2741766356122
67.47863021674105,289.86369939397474
67.75316138836847,201.63931232094086
37.31226184223836,119.66009265742997
94.16919866580305,332.7473571685317
16.7357032236781,91.3831240791582
50.03594462155606,252.07268144919476
69.08839765508228,274.4793510708576
69.71358058918092,281.16479306576645
64.86389567688155,232.75565374718443
27.528821345186017,241.27240749814268
15.620656868662197,257.3178964985258
63.594032682671084,247.3945503314986
59.930211613943776,264.51374463492635
17.935601028924097,148.8920560062794
70.51391455705634,265.48050144174
45.51719917336564,179.17466447791904
66.7760591603153,221.80000047856518
83.73670797701507,262.09518887323406
16.972842857692317,159.29213868963436
1.9144867996836679,83.16513432362373
77.91025863957867,187.50564352422327
60.96974251526159,270.93270482148563
69.96395696221217,273.31802983361615
83.81549749886426,365.56714137199765
80.28109348245005,316.2265097120273
96.09201469288247,278.7097477494894
53.59350788521182,141.21796147921796
48.84956326599054,192.19022360470518
40.18871998907301,174.4641744478374
15.369104284420454,177.6629464741723
57.26072328820224,242.78273263860407
27.70125243259788,216.42029778646273
92.13075122129754,275.2071324622917
58.31908042770976,285.95757409330577
59.284018050811014,278.20683494132714
35.492466087701004,104.76243399970318
5.198935197770749,168.02491947765287
3.174376537298862,111.82428657082254
42.33351441531975,222.14481724373857
8.456537809723786,85.15729847831577
60.68469555401391,304.7684546842954
88.09730056396575,270.9058058995302
88.29148165187222,355.3479342006792
65.90454101322324,298.9027676399829
21.1231831472931,112.2776732616436
86.29968313588721,398.2675657123655
88.60934353132082,331.1561128358484
19.66535849529587,176.368631016162
73.74260857706773,220.82058431969594
28.651954892712293,259.73815000021716
80.26403123529296,249.71232530058475
99.72378999036027,391.9499263071183
3.0026005329392813,66.11897421906292
89.73658657909318,298.5884063246088
62.26305335986581,288.4737848729856
97.33826191648211,386.09703687309974
46.50095175264276,163.3605345689107
84.73879305713737,357.21613181504404
6.239406859827723,159.07498295129307
33.527905007829574,144.79616399962504
6.701653775120997,183.2659475821358
97.53431334790706,283.22314883017947
81.69739072718367,278.24978224136953
85.25474212459704,333.0657834611198
93.79652314338942,298.978639862075
8.510348611978536,132.25207779388998
38.55975925133334,206.4293804529022
7.103488904400212,109.97548789772094
21.07931015500286,187.3303414575596
22.936577703767234,147.84048205134462
46.91072110475787,226.91008051861957
26.856216745364257,214.83956170768784
10.09781068177611,158.14106604673816
16.749108909410772,174.57506099834353
14.727556355209092,89.00721602087785
97.30767979122983,365.10322084789317
75.92925069184736,253.27314056210324
96.7761465269562,288.62703194837445
43.974048650790856,206.95177550085867
27.83684816626566,131.96887391467558
79.82931972091866,332.46698906537864
32.62539180411468,215.45226807874826
29.93833737053483,95.6869836323746
23.25059922078312,123.66492943597562
12.967897822423534,71.68524700798207
25.646306101676597,144.8680510467571
35.53197484738877,207.76754364509543
67.39942081457303,258.4181435851009
6.256484221945158,91.10424782921211
21.050693966534297,206.7206443887709
80.90236402916764,206.362212047993
14.692192358377076,188.19059793171974
34.26451465225215,163.01614495204157
86.46589218581401,312.9150011894041
15.492531114344265,116.79034972526173
8.27368356181899,184.87614575769214
48.45379950800108,169.91957679943553
30.24195112785364,176.09317006932542
56.34083644838541,262.796202630122
80.38048904834751,233.9253718316496
13.714848815274316,96.01471261548855
58.0699084554285,239.00979583598036
50.550876038986395,189.4874469514698
14.407878601319958,102.0869600410207
62.39984855289824,241.44356777417903
27.364041786077166,195.43596828014705
48.78343185440125,207.69978937582104
8.227232427706188,165.43605686599076
45.958405721362304,173.38425181767244
30.646346804282032,124.52957870447867
82.23812111853543,385.74099981575296
5.697872699736828,86.87030091674126
41.860727491832996,150.11125906365558
45.8431424131438,142.12961459492013
72.50060762991187,325.9812520798744
57.428757509021096,229.37190235768847
66.72123371941811,256.2474780728303
77.7049285651756,287.63872623426516
86.22029736581888,357.69428282944494
31.38754967224705,170.9995264525068
53.802270536390296,332.0301511301711
84.01080784391999,315.5921349880984
98.94511309650565,391.5383911133331
88.95193110437631,355.8818723516425
37.14672626243768,191.35042307255506
19.516651721865042,124.3706720531399
48.93925374065887,236.15951021459094
74.16414518360422,306.6330462015422
49.25690707532976,199.31979649785103
48.31808633136685,227.7157526716234
83.82304210818006,360.9899752635126
36.14037790671863,276.4712240525335
85.97946748116456,350.49474703758796
40.680480095172356,279.2014102216775
32.82331056783394,155.87313086189994
45.3989911199699,242.69932402634953
76.24469586748684,346.3009108166975
12.600202786399429,94.20851378584356
19.64192158720174,128.90180305238522
95.1444825663092,410.1668210147827
17.54916273813574,103.30387014622153
56.77273179310546,186.1340473500084
57.931446666193786,308.4003665128679
48.96244620502448,272.19750938636815
64.47452485768186,279.1646965229468
22.982672579761843,155.55488321452273
55.266226777674824,219.92073294015836
37.21732552468971,204.77381081820795
66.1667259629189,331.1447624399823
14.122354337314945,145.23144146176202
57.08774168394763,332.87580298088926
18.52703553833237,108.9586675909003
27.86430631150364,168.84194700990153
21.87098003235832,139.15632554099753
18.28377798688171,100.56207675215106
82.5710951560667,300.0586815163957
28.570756766089033,188.78989839830984
92.71237818644494,353.59156834095455
96.99265253451908,432.7834028733178
57.126046993709735,262.13930980891257
14.30011226657264,183.60177994834612
37.45482433795813,196.38691527020868
79.7732263348214,369.24865308126255
36.739072869707044,291.63528474454085
8.701721830278874,143.85012803098266
55.678491092818795,197.8965997111885
84.51208514960348,288.4471524334456
79.59263871435024,310.71148758165515
17.512314013035322,162.77340863710745
67.27646144124667,297.24916627564613
22.05042634356471,174.27261341957245
21.820753455217222,154.84249142846934
87.40717733051852,292.04887533808585
24.966895274023017,179.1066156220922
26.32473465180112,242.9886784803722
0.06533907612995549,142.59752836699639
87.06690341255177,339.9136431181479
79.25948132091347,340.9838866981808
62.7328935090678,241.39409627834098
75.02657639388423,266.4200441430326
15.20485674244918,106.90050516202163
45.832359458757544,209.36834243592395
35.121938734878086,170.24727038304377
9.37765262570165,173.7144626237383
48.61304852149241,201.75676672092933
92.07396503426354,296.78763540556633
4.005911905069448,190.8358005147156
29.14609134937939,154.08573929279163
20.754093620570345,158.27279319948968
23.81466536656963,178.31397212876828
90.84345518793752,279.8164638651812
46.806905423429015,268.41962762522286
46.62994129398188,243.08222279933608
76.05756424552823,354.9805554258867
15.44922040049258,110.3639883079327
48.72653541000508,225.94047208227036
42.99852141210597,209.13370168657028
59.69106905466561,260.2067666518253
99.95577032504386,289.37010639398534
76.9448894082047,296.9735766034084
39.78657030174272,140.11832332446144
82.75530522740469,321.79677003542855
17.070836331248017,54.11453746275541
3.0463686308960125,30.580558663891097
20.444837246427305,185.16785343225717
34.041155611425964,162.35164773069445
51.05807574595599,186.54530476871426
61.51291405411998,306.6558808064986
91.06057172144217,341.2823344733822
50.98540095504577,263.74685862127353
50.127564462572934,218.4024014170395
5.024300982298213,224.04683838198275
3.491155265622381,83.57705873929622
55.11599619163721,310.36981512293704
43.81786132483445,206.9915161423335
83.91803949802986,240.95911095579834
16.067958471184518,160.25884241159133
2.49716621170496,119.33862765260125
44.903876793012586,168.51939528201544
23.74785567522575,121.00066000541723
4.961437333883745,111.37604665803097
72.4598286847629,295.70084707032277
11.159299995724748,25.106180447392276
60.83195000077717,295.89504574336127
28.104975016688915,149.68882459132146
17.3496050355022,87.96659184585539
37.97515229193175,234.0910017037582
80.14457762229537,299.3788168399439
39.20935769045727,248.62203223877046
75.07696492110557,305.9134381237291
12.548629679915068,131.3085632288327
77.27714196650791,286.83851791117326
23.693332490664865,179.31661978957416
67.73931298888728,252.143293752045
56.57815548409963,205.97406348383927
92.91447172116874,357.66147887717284
38.732251797531404,190.8192056188566
6.616518883444044,117.9378808865958
1.9155485551252904,150.11257399493834
82.6858560972753,301.9767982787713
52.473563766143215,231.80939663997844
77.52440518349492,268.8625650221145
23.44256000115147,176.52735651490593
34.50837455132337,200.8255441943956
3.010387221131894,145.00276249514488
96.14923245741122,316.2783968942185
66.78679067008134,247.91947874147445
93.32050877593062,366.25818807807923
26.549640742907233,176.86743648554545
61.146361122566084,215.16265230957507
67.84999682926379,323.98423945482637
31.754970025758844,108.72330415794923
84.81092350156301,344.6575151672231
94.71614629002478,284.1511556429698
88.48551176960044,399.67210503687886
73.90669759393725,220.50359503907765
27.746467972495402,217.30561597302727
28.161604210563173,167.00760889230656
96.3360320446038,325.5875618447579
1.0284495935692028,110.28456115544377
71.60499732421445,305.30273854807103
70.62461625552622,238.9339124737195
62.26895409497975,221.7314961012969
99.01088460868658,374.55405444773106
31.187943576372522,106.9357699011167
33.997186379324816,160.68608528514687
7.893940294655555,246.24278365208573
44.27981365437375,170.42530629474692
26.10485262348481,213.01652415788237
34.338670217764424,161.46816448499388
83.45717902556277,329.8217962911127
93.54845135274957,361.0956296399033
18.573307200518563,193.40356947333584
37.25089315534659,184.79566240103384
92.8630562115394,414.9052854687453
6.180846068922263,90.93273790619972
9.236052811137851,132.83488405848317
16.279098920622936,150.9025063426831
59.521283412687474,202.1236687462535
15.047227100599747,125.72433827506813
96.80763814507335,348.73887258231497
44.671452725852035,193.70021418739313
50.15179603501664,326.93425383961767
24.66586158054065,126.77367403778044
47.09602524347335,266.8100771363497
66.19136326370115,301.111461551477
75.11771369540428,287.21754943865494
75.3868082709913,252.46995468788344
57.789111269408835,212.50947711712507
90.43597749938573,304.5398883400832
81.74078473061094,230.05610641406122
75.70481146986255,247.51279941041605
5.560552168046062,52.222870799846305
0.6877962219649314,157.71468742372338
21.244727719547296,178.84297808847933
66.35235939134523,298.5813901999902
41.119748888254584,227.2977550358226
40.24062592993117,207.5482611504446
88.45868882296138,381.9184003832927
89.55628481318388,298.4799011723165
90.91752640535857,331.7318123638028
31.38780765150273,209.55093905098366
69.10558127392618,217.79497696637117
27.163318127436963,296.74203132816183
19.060983307444978,148.8409382587022
18.463245734736923,152.0655925346707
34.2107620863594,237.81937863100046
42.99576197798217,245.55616736873972
83.09491710550684,309.3215306665774
11.98910934727121,135.38681515327943
73.49258473948942,221.151286935375
53.14549141893053,209.71194200853506
28.794534267599246,193.50489259887752
49.281958453282456,241.67307991860616
29.994206977702266,225.792179593028
59.608195523830595,244.00703625106712
43.38439228552442,150.74285588825444
16.440552907887874,185.06670473193816
11.658307455569672,188.8943377636944
54.66956820721302,274.04543092922944
90.24130332861034,318.79527125556683
34.395768655768556,229.44115559970155
73.30001072226231,425.91001886157926
65.8661354939767,269.45625654065884
93.1554914309481,278.3138578435463
82.09810172991409,280.8528354943581
56.660525890546296,267.674275024349
65.70304982341074,197.48966088249153
89.83864665840349,331.6446400564195
39.95187845869348,215.7036215191331
32.679470585777736,245.56749328282956
1.081108363519634,157.21349347073425
82.65510741914642,342.6088620815259
80.0980700403365,210.26680662540275
10.445451810015138,164.4340910165629
57.68573811327003,273.56726502144926
46.398169816688736,226.64400316018867
11.870909550911147,57.69129572065984
98.05682270607235,312.8243393955969
21.469588746335543,105.12825213941044
6.723418009056115,32.974018044939584
59.48473795019096,248.59055985496033
73.88666771330327,251.52323998930322
3.2443446047186963,217.33683157651805
65.87176387270222,257.6576446943358
53.22918759514545,286.899633790549
10.326500887504842,60.533808762343455
17.252387694636205,121.07656547965425
56.79742973160805,246.0250153112067
29.63576135132884,136.30561289301815
93.8315728651316,317.0132515402082
81.87402294840508,295.617199008217
98.3567206513663,336.1600481867892
25.967083895041398,242.10001081819314
96.9723632797977,358.16703173525474
43.12338697915579,227.75852841876497
34.751879531375465,209.33206272501064
5.034952696935324,138.07573283365318
5.276525785960262,109.74279735225896
69.20112559466547,259.65814514779737
45.79289944340279,221.42263911397788
22.65216260361057,204.75929270208894
61.39703063252326,300.34977277989236
25.285811825011116,153.21273894946802
57.76317543444226,276.3541139336678
35.92087469826903,181.7064821008641
82.3552226611819,307.2972425574431
82.06961607667793,285.4730762020908
47.73503981224013,211.78024443499194
35.08191093350156,243.5108820114947
36.25597965590946,194.48513560053934
80.57145256682179,307.0570669563193
32.8179482797612,121.83330255952549
20.9059373706846,139.39873517186595
8.468834187530682,111.13216682061625
46.66931208844084,182.17672401025388
48.213209891984185,221.43441526825006
84.09087104029072,292.3710269350536
22.123869644606398,158.63790567275095
38.099127366839994,200.3029572218928
80.8405738893691,262.3372268303096
82.36236107489735,289.3178950718407
38.46110759787682,199.3719299015715
45.91240232866809,264.05384292962356
30.328589084928293,186.50228674538857
93.2554878419312,305.5988733142331
11.864376574158031,146.26155441408926
93.374942300147,404.4800127541295
68.38664518353433,309.1062316324411
53.15721526867312,255.67290687438674
3.2659060784495875,138.3529807631552
47.55961918220083,278.8084079194373
40.774810500273226,246.688532851355
16.121881197512256,163.88479701677295
65.6409603500657,308.56331390719606
97.11509073682858,297.78557884491914
56.218881106452514,178.04538175351487
71.47532764439458,285.22441633387564
6.845045256601678,119.97007750401285
41.76669958169947,181.7873439549058
11.635848516449588,163.4492629535745
61.27958355365104,175.69442613272872
93.84821582141547,312.37131307468053
66.17777324716386,245.26783340105027
7.680304831442153,51.122344411959304
35.466620498508284,250.85490961561703
55.066337944085156,181.11620804888807
40.320775613325225,176.32402150236288
83.36440104751723,346.18754588703916
81.46710047099891,330.54650002568707
61.183102010322145,206.85209131395428
37.345794513270526,221.7594839933331
25.533637376324414,175.8905911792197
10.587431821312931,223.53464088432753
35.4897683486554,205.53038209954568
41.31725172077195,197.41675626716187
67.58229251040736,233.32092448178656
65.81598242975734,233.57567354251756
7.0108139641256955,83.17087036327578
39.525931543115775,255.85946363465933
18.177886721736193,146.19235601800244
15.68127053168057,162.72031121302308
82.73021497372459,369.8258846202367
4.191521671625753,12.354785500414224
41.91828759021213,258.0033259640518
16.82036557665182,144.35570522901358
87.9330215678474,337.9327631960706
55.704051327503514,204.79437081599792
23.1380636376848,126.42817070247204
50.24272871663764,245.94527950420303
73.14863597031159,382.08290075867876
95.81180089194338,381.2724028257699
22.044600424541894,207.76364554692026
88.61817721293451,313.5572205733667
93.43041141674902,308.6045017375171
91.64205445320663,296.61970704296084
63.54143568619099,238.53893646116927
62.982065443470766,172.04904773400494
40.32106331838228,170.6423527524368
75.23978823037879,264.7859494721693
53.12940183509319,225.52771896528625
67.74380712282945,274.84098771725735
42.84579038487954,222.19426249218373
73.14964640431391,282.2531451432743
82.4471517604549,281.9269106923792
14.64362566028161,54.923429530727574
83.2929715574228,284.2966854465659
54.029653179030724,194.61527549505118
84.46659090902243,330.5572076615215
43.13017063410146,245.65637423490614
37.904048538303506,233.80941756665874
91.50607325172224,360.2582396017019
25.11692675484013,157.2369719805811
84.42123252861431,289.33709389581855
48.40205725094041,189.92189566823
51.40954425512597,165.80429276165302
30.8468281489484,218.38319322468956
57.30422006190157,235.99168867731743
32.52111962762113,129.44874877310772
3.926941424165231,75.43113850775259
27.199860534435604,131.92917728883157
0.6379043406590679,103.38479670409534
97.83547870568566,389.00075013521877
96.57472098197475,326.95867982699133
39.5155297472305,105.0720547452658
72.8370854339646,274.2218562720704
34.580609841042495,179.95306957149293
67.1093157085976,258.4154718060708
80.54300430459791,275.2519575255816
94.67562446922408,345.735625009575
40.0212275849672,202.80487336858246
78.32979829560477,294.79142927700525
26.59284506321188,183.65007715373557
99.03323037936484,329.69985982803456
2.5769598764351143,86.19797854937751
60.3528806501121,308.3023001642239
65.95059816513272,288.1485052300128
68.80455570741289,306.41652152305073
12.038757878908902,181.10903733713926
93.85297834731304,356.5143798269018
18.11832790500828,183.92147722421956
62.27534032398411,189.97961629514663
22.267607912308495,164.1628518431519
30.72164170212709,169.20209350639783
54.645854172812435,306.4147660027023
41.719341856457646,242.89309342086403
16.02256009765063,113.82669652713301
17.093640242084827,158.24422022932194
41.814478816279966,211.51258731137582
75.72829782755008,308.2232265846503
89.79646468477885,282.1021697801266
8.412766225938284,136.0104186200555
39.310390755940105,188.7837285836436
10.024556372287662,136.81272750098026
1.6592480632597884,74.01003910746361
66.17186826439566,241.0880881323792
60.24494419665878,299.4501165002836
16.301911381488623,97.00508965858768
23.38128330930641,117.77368748089827
2.370775364451838,103.78089762301215
83.49472056944037,276.6222637305558
97.46905960485515,306.850988470794
13.545953679469081,138.23657523988976
23.147521376529813,95.25046313567547
86.8409523946934,275.1660617542237
92.64637979561849,417.07669902492034
41.96273828068103,224.0233285270255
5.062247226907413,81.59481243027344
3.93918336928194,127.24781768630812
57.39498660690104,267.091279407407
39.2895108893179,239.59643894200332
2.8652427577654516,101.87277392465434
58.32523923125568,286.44033387612035
1.1302536589022472,18.015964454438716
78.73719581492729,252.89523690021443
30.643282270337156,183.42608354691976
4.02580030092321,123.77892038307124
58.835222098315334,209.1533075322528
39.76844144330547,210.2142853288456
97.38004133571495,317.4951985691907
54.41986625037022,224.52676864868675
27.52391810370083,211.44556052627365
70.94388646339748,315.1761062092426
27.149200254271133,126.39025581244636
90.42432914075651,282.0738228586707
37.47219705073764,176.5736029254494
54.98685627762052,236.3543594950883
5.0573103824228856,85.27137641081288
42.61212379522308,249.8262904053238
83.2363539660995,322.54405666653884
80.56488053633419,318.30739266188925
22.431855885352626,103.38522834433229
22.60790710105627,205.08495647277744
81.73053122132367,186.99306305336592
93.03984201693255,367.3005238613457
9.536092127300355,162.71231692673334
45.005863942622526,194.52458681799794
33.745427896422896,237.32306303932066
87.06884554574394,315.0469370156356
8.352491468001876,123.4787028116756
21.112594255803742,166.90759783301843
75.24683375864943,420.69469309191857
5.129384898121558,168.75870228057204
49.25353807142893,252.30444387614068
44.210703467972,172.54948231864412
33.44011789887487,189.57435662299176
39.457231531892376,164.81301020805387
52.99405869302329,266.6891096807486
16.136735838838312,146.1859751529749
57.19958782835928,196.21318880778557
80.54323292999864,304.73327467844246
76.01609297901591,254.7001761062962
15.389990469377368,144.76633463062666
14.92494697414739,101.57041269081597
26.817436774491334,168.18721629797238
36.10747263410372,221.49201775239678
40.84555814084826,199.9066645728024
67.96972168333453,253.66137828850918
5.66804321658354,122.62742539261376
3.4672704226066386,137.6744938888826
39.191056294390904,151.91322537756471
69.71636921379805,285.13553539695374
19.343534295648258,203.17518745780407
64.15044812562518,284.2431469829597
25.982813794029948,167.3598986477839
88.60861088135164,348.13783818871417
89.56899442666165,342.74862377044155
29.72872042813265,205.6754129349738
22.99937539632405,73.2926625172481
41.13039720662313,138.19437282437383
24.05315851801487,201.93886335140297
67.23838432917036,205.46874535888205
82.60646845482856,323.2222061733442
67.3092130911217,253.62598916834946
82.43504472493495,264.641108389631
39.69921622074742,213.79523619810456
15.631697070886085,147.44325166115337
73.79509473975922,372.2886485133929
36.047450514155386,164.12332484861284
67.12708252291326,327.73355993087
27.064394198176565,182.32355848731387
8.122963480667266,92.80556023566426
99.25817954877634,381.39813773956257
15.620150793059928,162.58795577590328
98.8420993963481,348.5965105674112
97.72799325664472,355.399214774517
79.38181039080396,273.616850670912
65.94229620819976,230.4988258432975
57.78070502510847,276.0483922150555
86.61015453778347,307.20837538764385
28.943952161948793,169.02802325453123
46.7681212484877,228.56229462566785
61.93899693665019,265.8848272041475
41.11904758694911,143.33041960411407
42.7486454090268,260.38619595697185
33.02846675020844,187.6129563705658
56.4231816684536,232.62655502853863
85.0574528015116,330.5690016128876
20.152837800631286,160.2234443059595
93.44330387534414,365.5219412763852
68.90876537482296,294.65475104320325
82.32732126800302,335.68433145589876
55.619069263001165,295.2558422231016
77.95167014240634,331.6424189417283
1.620039733946721,97.37306210569506
81.83804247795352,257.8767473946385
4.013885908536652,179.4235312479728
88.99133763628625,312.5878512444555
99.19627472386433,328.307029197574
29.40674621767778,101.26025936720734
21.031855628579365,166.66182955867814
76.53633638580408,297.53527557384314
25.302634092025322,100.22015247527266
86.55623831722035,335.2490850025555
10.28425921574767,104.98334824387354
12.595519637935826,243.4194896244677
97.91515551006155,321.09958788144945
67.38388982700046,250.35348419980517
84.68872244289528,275.32669751422236
32.4329377351518,234.24846095408068
67.64837495206044,253.6115817938619
59.42418273085972,218.4003671774817
60.3150120122947,280.2004286018724
68.25324595377215,213.20346191932782
57.53591731290986,269.84754884600426
42.906236930266594,281.38081669463986
27.592269438054686,192.55442083919766
76.8581330913202,318.68512410337
22.62724300031862,192.76700637210715
69.23543061544142,344.2210646432445
23.333282264932663,208.67090442462106
62.53301699544539,274.6250232894346
74.70782671290289,324.3760137458576
21.87138889065392,117.81910531124836
5.994330086130828,147.2835589121856
13.097374299417408,90.90722923895024
60.59969672710255,236.22925572096327
84.94464062257356,184.11144797608404
4.499682123542437,127.95070637856031
73.41512590416463,256.74948751218733
34.13186459500521,231.5589137793736
47.85283699195225,235.8660755734204
92.88595498455656,378.9829534219183
33.19715047358455,137.90978770840388
46.5336933939486,259.5363365325499
1.3682414760681105,191.03486229639003
8.159872000483837,152.19252431631594
25.859159113478402,197.5304078476344
2.7852240821074403,114.01918002011392
63.1375326048251,236.01496063675063
42.63983568016225,238.2690359646459
54.814520272802206,174.37564581465307
17.464718589632955,126.28107359293455
29.593202943661613,100.298100455788
66.38244748527251,236.68045991669368
96.53027236303998,368.0379990904548
5.04167736022092,133.63111011335278
89.03843208552661,324.7143470648215
57.68812013112085,251.3098422143925
56.39195667556237,162.51839987435915
50.027853520776034,209.56916147189048
6.9394085904183385,89.00085378837841
8.987685173616066,95.04900152397182
60.09120056590861,275.1735002341217
34.09585714355583,149.43819247088751
91.72680665776807,304.15923961034184
40.659053735947225,114.8150139134422
14.328145870264109,123.58335503512257
71.4718833502036,233.42017275616337
29.335342144100984,176.63359717252453
52.54703073558932,191.7966789509008
69.783278550517,278.8076817347504
90.02641112020704,319.04636948325015
79.2191194801676,367.61318035422903
67.63610678727241,289.7770459309023
67.96331823951436,193.37006983619273
94.59246440320865,283.85539734091714
29.582409749653603,176.2529563514438
0.11120941961874076,61.59165311689511
27.19545593981987,44.48952274151584
21.7891379626744,210.62078683909166
66.18345851139982,295.4236025493598
63.3711599765529,280.10316883811606
59.34613827047238,223.09763997259319
1.62434432094537,121.85437426563132
72.87780544506475,252.8895670699257
32.353041248549154,189.40570135012274
66.50559890066312,227.96308606515882
55.65784285021533,302.2298640017872
34.27309254279072,120.3529567729058
13.457626710410775,184.91329717914186
9.441889766048096,125.2238193875346
83.15183331122236,287.51528443882626
91.8397542081558,336.5475504361062
64.97880467642996,292.957992234095
10.343411486048337,182.72209510153232
40.20272168882407,213.53513537246897
72.89392001051573,245.17734481924379
77.9820884010068,297.2697150861034
11.82186222910886,205.14242911536525
0.003071884538241587,156.0778939109455
71.2137045880605,315.8434114615042
35.659617598620564,222.2536422932087
25.448133161826025,192.7209889320174
1.289746978952544,151.4344203333246
54.02994067614997,216.07678820595493
85.11507354259817,256.4092602673066
95.76316462725879,342.27880566996623
56.574495061328925,207.42071481513892
51.44613277398942,184.72114060327937
8.50563854892411,91.29687014312785
54.887280154259976,340.61981060686674
37.99790789653946,200.65824195516853
60.71352808835769,266.84101386633046
38.87263478765467,146.32512120395916
24.029912345036674,83.36534673142397
9.49652752283765,89.66459259621169
31.491844458889574,238.56581045211948
9.664483428775227,138.06875606867746
17.689695082398394,169.12881644547255
98.73361585795459,377.56211667142486
44.41035569066186,186.42276868286555
53.187176650501655,290.7143192157193
87.36185287372153,292.07664034638213
99.55689004906878,407.3985928123034
58.27144493446815,264.0806156795876
81.24738210441717,228.68514207617264
32.694102433667524,150.6142839559685
30.57439574472911,102.17353236476492
40.27037209945602,249.07434160629634
67.25072626736491,267.09769724791033
68.21916892550988,177.83762357020066
31.52394346494508,194.44282648259636
13.320992413662868,110.95373501219696
63.239625646550856,196.3652472526172
12.832586218876452,201.89331817715993
57.84925082293301,249.08676088598276
69.3422128056309,261.1473038344684
70.06114963944516,258.5347860943137
75.34721106595967,225.40795961032492
87.28594215656645,263.9390331310057
49.995899196478845,278.448775136543
73.02491895295712,262.8463768669237
61.91727353658367,255.71131164343498
18.663993979768257,61.605513167486635
2.568964486940817,51.58312609702691
28.454138567693377,196.5066268299921
44.30337063376194,226.47314326857116
61.71059444286563,327.2257490072452
84.99593305032053,368.36359801884
19.624571670616564,139.4626876191305
12.55497898984771,151.064704206037
96.34799474743275,327.6976847804658
10.80445593764071,212.50160519264648
47.84910701071892,267.42758146471954
58.55637287933019,253.4506888962714
54.137442090743825,243.68104028148227
8.603215703294321,181.6211077750363
5.702691400361937,138.3700938381881
10.548342746103568,191.2176535254386
58.55876838726125,155.13008920316406
54.43448876343211,255.27564681290355
23.374079203674427,136.9905046663883
63.777414184559156,332.51772954410734
82.00675020556494,369.35487029234093
4.157895984659376,111.76087544275417
49.81299435480424,288.422489619411
68.93104121026903,346.5141718755822
25.23119270696871,166.1736750769939
30.77709052931491,279.78765464662536
61.36379029893838,252.10552552188446
89.7935293443737,315.55866848534623
80.99244203028994,338.50577746105864
58.31302190995835,231.06307369834707
73.02217177572491,286.10599508255007
36.482247020779866,249.8452073073653
64.09655280987577,261.0409833331005
46.6181591127557,146.02409766880797
18.993613645756092,162.7663756303438
70.17382738772572,246.46523926305696
55.646463734882204,275.1158091436254
35.86215819535914,218.62040345993285
91.13391900786307,389.05248264932357
2.0934117826733267,142.99145625353157
31.5773151249496,224.3029558011464
5.688139777764656,86.3825452503117
76.65273162216272,325.08172745678877
70.21074541137926,357.4243779440866
33.13522187363171,154.18674076803302
67.5662902207073,343.79392725672216
39.593722619594985,176.12856850935617
75.62537914224343,253.61714156379023
45.41836627367061,225.8693499549096
41.22797278316656,232.8554206525688
93.4729915488301,371.61588841341324
25.087909989070024,122.7056013197979
12.044733999656543,148.19089749431822
58.45431132594582,217.61324605600265
96.93218122841789,280.38376808605193
37.783921372718666,155.81968254041735
6.203676362878152,84.26794359872878
33.93052673095674,206.52730957991204
50.593165431955846,274.4208207006333
16.19230066322137,79.18791608749007
65.8102218056492,279.16891262234697
99.77493890102006,300.48076033931926
45.17394759814438,239.10799892337408
35.472855673021265,162.77340219196833
40.070416683446666,156.4354452943047
11.514617839520113,162.0566267833768
88.32736014262238,296.39945598129293
41.4825655521352,190.56071787018217
38.72744114248413,104.45584575705263
65.96902729304743,304.30388499993046
44.203342093112354,244.6622953428336
64.8233468807846,262.2854410864529
6.144629013078751,51.806491011530774
81.37233437222274,353.74670112460365
94.05039528794026,307.4060666835511
64.8765386159386,243.32955355788332
95.45659288588108,434.834190898305
15.143231436996329,108.58324911803042
47.74161894803537,250.23373000475942
60.180673394544726,273.83756018326
58.17366474211867,261.66729546835273
40.14617790890432,212.09809145948535
33.80844093662614,200.18076729736913
12.68240225504188,143.02010753442525
39.17424505622782,195.77554672515615
16.266081510548513,203.54221379534596
73.43656764922184,228.97811079179507
20.883093549458998,194.70554941560903
5.856530528453385,148.8549188166022
55.236613781723435,267.14846485238405
59.52297327194016,295.2794181721016
87.19130612805056,314.12566284534677
57.69816124176819,166.48664313671554
34.54808537234457,183.36247370516264
80.30118815263205,259.5142853476288
54.027889318742105,204.6206842408535
7.928028463119174,68.12913844438043
56.58505603132467,221.60268335144778
90.80185454216624,302.1820777059708
39.631262549822054,100.15924460208186
29.632580189980008,203.21421814024677
14.346945701802005,228.2439662848281
15.144552193535732,163.08390926167542
43.27714843418189,199.75020971741998
59.56798241615295,246.64222950819362
8.061540516960175,102.63871318319494
93.95685890251657,338.63833185969486
75.51336174451959,287.2436807551116
58.66239182836627,211.66411752937182
82.84386709389908,377.12632338618414
8.01867568121133,58.173562793636954
47.68388777331244,249.09593924066942
63.00931268616634,253.31294936588674
82.86529061182893,386.2474293328034
78.34695600492677,310.04907872445375
27.706924971339962,154.29342454041944
94.08801695592042,324.9141720010858
12.434584143087035,132.74678038055887
87.51336186211522,271.23754059281447
97.09402496046185,310.82941742648615
17.715352322262557,70.02569763024313
72.20660642037853,242.11601599871557
4.028551877799846,113.97836356404099
40.542282513915495,213.84450423415697
51.6283299197674,146.72071377282097
58.064522590963406,239.4526067047519
93.59372482485595,357.42501126499644
67.22506872941946,261.2847018643075
48.1277951219237,193.95067947583922
80.96750362658894,285.27077399790517
95.05328209544089,315.1347187893447
2.2066148682290843,79.0253303902534
98.25212722560387,352.8622545317611
8.613213906368033,217.54451898160653
81.43867792687614,272.6550225518609
28.033475255141248,156.84734798280374
13.217965775387174,130.89401908325812
43.98556397138349,181.3664942846074
64.39565794476135,306.681300434653
38.0951845023475,96.59715663565804
5.456540828269896,91.54660870733818
59.94611396587166,283.9112688712131
90.24032761106747,313.3650106076174
38.32153659472517,161.65279552051618
21.633277763082702,172.4209012361899
44.25773459328154,248.35279215475725
4.836271104878087,120.85417600275912
82.04875844802748,271.78708294864236
82.63408109501867,325.5655646640203
58.800046342962844,230.27283459674024
35.31028889383895,219.27925975270261
79.97833644457833,361.6569012536267
55.46870247883672,130.266604866473
82.59323085500162,311.1040449187814
63.14587925830206,185.6494008248456
78.44054732127972,397.6921046083759
59.856299321776,230.1644036460224
41.41410682156662,234.5881631363515
95.79458599261376,338.01710527046527
54.11138248788448,201.86608204417834
60.50895185405384,212.9103164581803
22.048763941474924,221.09417121444474
62.565078942727645,296.18454819563414
57.160764948294386,323.76482560326923
18.483839794702494,148.51673827145476
5.958709735314372,126.87568459072223
60.43593197147711,239.97331146655583
76.36922693503206,278.9789979083969
52.34013709220082,187.50258475790804
22.67726253196457,160.18840452806396
66.65219766930349,233.79385009089907
8.010572660960225,138.41207447676706
44.183370480195464,217.53170987024225
16.33667583984202,152.81071542533908
18.445905105988338,215.80862774673102
20.229394915820365,149.00423010175447
38.67070570439779,228.16042908921173
5.115020562039763,198.14070533727966
39.77934409290982,253.81022879702127
51.170744711470086,275.90454479951075
48.329428496632524,208.0637926849785
38.27841004030405,205.25033592138848
83.91466080707525,254.9397009075072
14.53266924205041,157.0890317281232
50.5696743781374,237.8431153718131
6.20414169565543,116.48329354169671
7.1155678877909745,160.52541029584685
57.38658496770963,193.21693048267622
56.6018424887821,309.5231569700453
87.8033512844457,357.0263431865664
55.78736756600732,236.52968865633795
95.97910204048502,333.75985315609233
4.869484839992976,132.1695657651909
9.800768478074106,187.7770128244338
4.40658615703814,115.24385961420171
18.527685033354004,152.31162546903712
54.12701109416781,236.07134790388122
64.5572181427428,335.5342477568478
4.55851579486688,96.04888952672
94.59708898455993,335.2650573439858
84.2165376650381,371.4276578036854
29.661248215709314,180.26951362968967
7.718753022646796,166.60427333907853
16.98870732190573,104.55791592737191
12.694441375497266,123.19489780141296
12.328377929894685,192.5808972905818
51.85616886657339,201.50127444100784
24.58474424934003,155.1670565011517
35.81397165291445,200.21433101072836
98.95053333843225,306.2225101173885
68.43142489253448,253.86197153470408
94.89806670470014,341.93142154661876
14.255655503311559,137.58133464452746
38.21394748325693,248.80397861722105
55.47318032823543,302.8153545621565
7.675806188873802,83.57206152518364
0.41874436279578653,105.6761932159884
67.04343337969175,295.66071806764927
64.18195168014353,323.5425914087541
41.07888099996118,232.5900272805195
48.96440760320326,234.51448564159355
41.54430005920896,231.59228555188994
2.4005044844888856,134.03344728619194
33.537160621746246,145.2453019913893
17.708225539728982,152.29196726120531
9.842418910136875,185.31451347017568
95.67204338893498,330.5530197325311
59.935972504216565,255.22556530258598
72.86562842366027,272.0741620385716
31.53637432661175,82.57269569217782
39.31471294940152,199.14343772789954
23.692399389672346,171.78706685380493
9.696567096542474,102.91910456324948
17.90316374415838,96.71918131198862
79.75140452964858,262.74083549018735
67.75458051837758,301.18051531317127
54.69288759854769,318.79921090466877
47.508987286676806,276.28867655642466
92.24342836561244,274.6769880979809
7.273494777866841,153.74054897458046
28.060081323791596,142.5592994723815
34.9937853570714,163.25921311429283
78.24258122127878,276.3859351775314
99.25146201619714,377.50460582817175
24.067051475715306,200.07741342747988
87.43073341370805,314.4982459071788
83.06227604317912,304.28273787068474
22.46573976417666,175.48006568435974
39.933258019922256,223.464586295074
40.96728692925191,251.35514672340292
97.82206685265584,291.11880680722925
18.089190137889833,146.0562138196479
79.91579711047821,255.35428516218005
33.419271417310995,181.4287224731624
73.08703457761604,273.30755227991506
42.001100429566286,203.05773770446422
57.835976311654,211.31659789183306
83.26117733261312,246.27417704566668
80.41655649838842,213.90221311953056
86.64231835397001,311.14803900111525
5.961732534465902,96.97250875620121
69.20505530397449,244.89021788481253
13.998737672176286,190.02153917065112
41.5818568018411,168.19767322774612
54.858841505468845,296.09455666419046
40.273948474683074,268.24497144108307
51.961167580300746,148.73560738660208
99.65263087986192,352.97511242503725
13.521731371285473,117.17493592200714
67.54560453364256,147.71826247714935
39.600096638561524,138.8958699575985
13.300979890732878,165.49370524895386
15.873676337430954,223.69307681438966
94.92731062456168,374.8742458678219
87.9601496711762,333.3651193947824
90.70419604150219,325.87295529829953
99.15327758273865,417.8904687387583
20.831539000851794,241.45644701984025
35.543933736406174,164.44421528769215
66.92190299248666,184.09521653935008
48.38025398606472,133.65544054061064
41.83895333783335,259.5943081840839
35.781124933559305,187.49493938968044
59.37806319434522,256.0689468418317
57.5593428640082,169.3982329752315
16.14578340642401,109.02799610207839
47.173983751843906,205.64146532833044
55.347177620984986,247.01507039472193
57.02869387313905,225.9882929541438
21.01071929123518,109.3687898291541
74.22713922522868,252.92589906794035
2.5199094821069634,156.5721244941837
35.483185554316265,198.89224023596603
78.02126485356335,320.5219767259962
56.389292105540235,203.5755403732922
26.116243251086026,42.39663417753144
69.49531193430477,251.97449896624488
56.73909441560734,205.79402474992986
79.62436094563871,313.5815752685769
73.50251861898234,420.4589961070236
61.01079220362347,281.4493974654137
48.8177675310814,335.87417819479435
13.31821256675234,156.9592230586378
26.133301788538375,139.12680603106566
41.90994729170853,219.2499340728347
59.92992870063887,323.9083798045677
51.37078552153048,304.54600719413816
28.818452595952948,148.10919149657616
0.6464357789710551,112.14980977894596
49.623922190081394,164.59508541108534
28.56259885622431,205.71687654585443
73.46083007105351,348.27947517790125
2.394626527048349,107.64242459809691
58.482781130579085,218.44040584194585
94.14742375060654,350.35182562912286
17.440926711149952,160.97072067173707
47.16494907505954,221.28836587303473
9.142199181713817,130.29094964704797
62.56819122613526,249.18890251205463
55.05316805962256,279.0696747858733
40.736552421283236,232.4721607577922
52.13770214737412,189.4421997267827
89.65746584690102,282.09799199236033
19.629430231106703,138.49031522583155
2.2564511705347234,136.29727335373647
86.16648846991009,321.57615729003754
57.71170823879065,217.52096559387877
89.06584554618424,333.545108171353
59.69452234131726,235.4729176313653
81.01610899597024,339.17295573626313
42.967336335514794,221.27525369946434
74.98599312882688,274.3478180533167
91.3041466889856,337.8927168210676
57.21229637222063,297.7433812657568
18.078515056237954,121.49679979566126
26.879761503019818,183.95196763212863
19.86445768974058,146.72963823269444
24.685702759573292,179.47893443672638
30.64154493510364,149.3706551814219
55.51337867531885,243.37395790722715
58.79916294638328,293.08895047792396
42.649974724186116,167.6407144581329
61.54207798208354,198.54522909409198
8.157492561136593,66.66265800447465
8.778823705815997,73.24158610341591
17.182946035765845,167.7258202783664
51.80774980403447,171.02851191579308
21.399467869831355,141.10471894673822
28.328440349257733,196.54505828302243
40.03128361729941,217.4133301113316
81.18661240103798,286.9253303438689
1.3862135912860118,111.40892539369818
64.93788202366224,266.80249186555534
66.88765310406853,257.88957658123616
79.86557803566366,290.8921560671702
93.27529390603132,426.19330507221196
2.0137848949289827,138.70588290173066
15.378370551321618,241.6535319590041
88.6171294055993,300.8666474956299
45.851856218701535,211.09460103060903
56.459063893346354,185.72450059558386
66.30272037231474,232.07473361069597
67.90666044956374,348.8958428655547
93.17404033165082,311.215838072228
99.69494174116697,429.08914890625283
72.01574609309402,228.30921614635133
28.72212092051508,127.9756704121069
87.97524022943436,305.7411585441423
4.922091454076161,109.65290995301818
23.10808528744962,196.1753062219136
89.73857174637149,343.10075513420963
25.619151443935493,146.72706149128913
22.065105962174847,149.6161541027399
13.812529314024724,121.25669453818787
85.91117576469165,276.72372497470326
50.00582591910867,188.07082237754793
67.48932030541548,311.4884615126408
23.906638407502967,83.70570269193581
75.80404210112165,356.80039480947926
76.00055449620984,275.7310943173405
31.259802490830012,146.00924699375304
41.06826330102828,233.44838056728995
20.969027743020085,214.21507967669714
97.65610233229043,390.639409501626
64.56025770584117,282.2802238961244
93.45438807155155,378.85498006672435
30.338554362913317,104.43141829879703
78.18909129968897,273.761942452773
76.5858643884742,253.55538501941237
69.16556518665415,323.8650686725192
96.56389752668004,325.45512164613785
39.355533610631554,233.56201613444512
13.07173235897573,154.97368580954137
67.17088592440608,232.05089157310545
72.93098004772062,257.9070244157364
57.506057345881466,297.59449314716244
20.681789313339628,119.44047887160582
50.445594166935535,231.30910858919742
31.21897365691294,145.48976475815465
42.746652816668906,193.8046355916007
64.52185758446639,259.38407397187086
74.52147426908346,253.73248532898793
23.22246909013431,118.09672913406797
40.532536064695336,213.2417566664631
26.91615709916292,132.14505057569272
19.86316138618691,115.93045528687708
78.33872199958384,256.77745195523977
90.92526944369924,324.07180544230357
37.02321856845767,231.8208001530078
75.12789243737669,350.4989304095967
89.69952893644111,294.0469640408303
84.61242105302316,400.99484081305
18.28133885392259,103.90255111920521
95.62918815133614,384.15406092344944
37.66764404294625,164.14289301684624
33.92406611738363,148.5753590604464
6.2431327277780335,84.62221464107603
48.6173654104883,219.36132435729002
10.90136156409287,151.38317511393325
24.853982092742598,190.00484847605978
31.694262176728138,139.96111163142987
80.8826323491684,261.0317566831568
87.54886503958966,280.73536388343695
30.246631746146967,170.98367388078418
85.86981212445738,305.930995880407
85.72309373697911,274.7756366863579
76.46509503848735,302.37961278149635
14.669511401518154,230.80806701709363
69.0322846900729,251.58199967431256
94.50240645805688,318.2197351265227
68.2540478767157,293.91986733642835
33.16168491078339,159.65463249026192
50.05793174308313,252.9771301015426
64.57250433510536,231.5362555588609
51.05704087285036,303.86803015372584
11.995294173096982,144.33261542357525
31.206404465202063,152.21992533426277
80.23960305536325,276.1064600177252
86.14180460955174,293.9778470965708
13.730003271557024,191.43832674986714
95.23867523987246,285.3102389269156
32.88226178486093,154.41590783192697
66.231373873072,242.21051910045384
75.18251459566811,287.3035878470586
81.19462346378835,291.7070263277484
94.57497022259301,274.3948169949108
31.29195480288226,161.59524424492508
85.85064545515544,310.48480248142505
13.168690343620703,106.78968399400021
70.50409063535928,304.83355518362436
74.19777295139859,323.74646607356516
67.77232412013204,266.1695277348019
25.2314736135153,172.6703782934149
87.30431470152034,228.34994382233538
16.8858463370395,124.6946139304373
5.363479152083084,155.21435465753814
71.74649906119122,261.7491474166276
47.54757152327337,188.19511986164318
84.90980199586761,407.0378667564614
38.3397141058259,271.5320828082291
16.827858850771282,161.52312476306668
83.64421924698698,356.49498111104333
54.89096316400717,144.61725343688113
18.91957923903549,114.53283099295511
72.03839985864458,260.543378811656
51.111363848950056,217.960445798114
60.431298224031984,230.69410004555675
46.089833820658185,109.13061306323426
82.87089838180064,323.2378195365635
82.95627156830498,330.0094361379917
70.93888218243862,343.9942848558967
10.540137739646227,93.55269793294754
83.88538619040689,273.51028374455746
67.10129805329098,156.25235646034056
69.70241660042996,262.04217857156914
36.298284040387166,228.236510853078
87.92795561570067,294.3672565134883
72.53716002348575,370.5210290145251
11.259046652919446,117.47197564659753
40.77780344061627,208.06012994639082
88.63803619601417,264.88311859856367
4.719670169737899,123.74899226085967
96.14166196420496,258.0044557798893
67.91625683195628,298.65198021808294
63.13759776433766,287.9838649410492
27.05592564879914,224.19320186461798
24.879178873917706,119.76209759060713
94.20582194885955,342.1947498401136
29.827245423412275,198.02572973105885
77.55052967189994,312.2774738788619
39.31217982070792,162.27962990119664
13.925407078470398,35.29499146150705
1.071529769535895,117.11412494122536
54.42573370152508,229.71957750505638
97.57788185489326,320.3683462549742
36.91361938092045,224.06803354546543
35.719233399304485,187.4292038651045
34.40916178494421,131.13772826569667
52.054383730485846,149.7777901683781
44.06648834242935,163.19564770512835
87.99146267270145,419.5400529767837
50.55207917234903,256.4513617856229
50.77578381885688,234.7866854751385
13.83715947205566,127.03488671236899
98.27395409103859,335.3920895789642
24.99728908688297,211.05447002350567
7.336406745960266,97.92975646848802
66.31462489752089,289.7893648054281
59.53663701568727,234.34523022837297
41.514565399274574,284.5067272713284
42.2192233880678,236.43100897981253
78.50639210464311,348.0874338771552
19.571264009964906,124.61376209905647
82.02533189448897,349.08713565974136
64.87471138950181,249.18197904557863
41.89697737795244,209.32044780189588
45.80286165838686,282.5333943169038
25.66472071860958,120.77709336884901
75.21143326969748,296.4847152078381
51.287474230526776,246.44191627933344
32.08545427498436,201.84844397711356
59.60501157609502,230.25761754313308
99.5734452051323,435.73273534533456
43.52622796565539,154.93986401267892
92.06914007786196,390.8698498065276
34.50168399245661,236.80707531631919
5.4732706924985886,192.76974996298017
20.424210636842886,84.98225865894328
41.86951433276842,168.5260082928933
21.963492859456903,216.9810977974313
0.02270382182555375,21.96245157958161
91.50015377475272,261.9135814551611
84.3879411230929,290.6537829015934
74.22922314869471,293.56096905673496
16.781459564602862,208.1982527921898
12.036357620998606,122.38289638918307
6.760474947238315,91.59536717024898
72.40291887729212,293.96269113628574
92.88079606878853,351.73957536293364
43.053582091303696,225.9917601138895
11.914067199604816,122.38004290891278
51.23928207321066,146.75674956059112
34.88319074586301,149.0305177108277
37.48249243499977,252.79668067520913
62.13306241557073,263.1156685663212
71.87181132622024,266.2609794077357
11.060359887316086,174.17235813818908
3.5590230806476386,61.87899864910278
99.43303026857149,339.20695528953144
23.272834891555185,163.9135325710191
5.383052490845907,95.09409811141461
18.987532909591998,151.6610745640221
3.895784634846422,101.93044617615439
39.181089461717164,139.7329861134616
80.24017844513243,308.15084247145245
34.124444975772064,130.04496966897915
44.418340687836654,217.93627728834647
67.55867735674389,326.06768313169295
50.889407006988016,215.5315333294722
86.14456860213242,266.62180724967163
86.60356750457565,311.2255844372532
0.9910695491153643,67.86347428068206
77.80463064831991,319.2461534307043
46.073360024167386,209.02632081283195
98.88405413036631,418.3449209857803
48.323207587543514,269.1942593051261
98.68959453882975,340.3550642963829
75.45693612057366,318.41529139098526
24.860488461330633,145.79060066846102
53.83949792869577,236.01152272859244
99.21356394785828,332.99642204055954
85.75306077519237,346.2710905089667
9.73668937912211,183.9612724219649
70.6371996809996,309.82079783536057
34.5579585870813,224.75211490748978
0.6982261880348117,140.14841782448593
40.34809690269996,223.80527249607306
23.47544217249713,111.28854775555479
81.88692705204716,375.4863228297715
33.733060884576545,259.40525496773967
82.7523693953817,297.15035088683044
0.05979388347953085,84.72657939254516
30.781915002611914,202.4342049775312
24.116521430776196,183.2078991531611
23.3567361068611,149.9898639691989
6.81866197654627,65.03927497634083
18.712427041050173,159.4997809442413
55.55495698856199,261.82993724182603
29.13610728377445,203.0380934012398
41.73947823291479,218.88103885833192
37.68668803471885,182.93696076977426
87.59049249998945,360.33173585384674
90.52989990105155,329.0643797896035
49.295697165586006,203.89609763173112
33.01559503156044,175.02289457711217
10.680070400236364,54.05904701799501
95.3402879382095,330.7685396292967
6.022694490029745,143.69917209099333
29.765027756828044,188.54925903445397
29.806620117000413,237.7838593192559
32.04012861402149,169.15923707542683
16.428684327240926,161.34639935716146
78.31614309236971,328.77235244310054
12.249786196598922,228.09914858225994
63.49066591531628,264.749640291813
12.384602670581746,87.51804683781523
7.053563759295656,152.91202762077145
90.94295036858765,404.98105594696483
19.01287663187057,134.11253634700108
82.12501545597043,340.3057781501259
54.46308711071358,287.279010012932
7.78565196087696,161.77919276362297
95.54481914380675,344.0859164712862
24.696116699189254,132.68025607861387
85.96453453526065,311.52969667497126
16.88100057845642,161.2825962828628
85.39428821418528,351.27236410721366
1.3228812905293985,117.2010036624117
51.178045656948065,212.13902417989814
76.94425794215569,315.46724324648244
93.47955174927833,369.4827616642503
90.92021362064871,343.094229448387
81.96248695476449,270.11661063503226
88.8191349661304,314.50043026147
19.92196858370765,189.2390523007328
28.418429571172876,113.50554877450337
28.89685249210585,85.1553548442522
37.70539310016988,257.0073452108389
39.33206703851887,219.6076248780281
54.45553246546755,261.3818632856062
15.987976336644138,95.16891675872048
69.12466637859893,303.4965579406081
16.75665393045065,153.3433702487194
31.030848210454753,111.66109235350187
50.33451306061541,285.093665388378
79.64405615234773,305.7121680021927
73.94692332387272,268.388215076787
64.55343564105223,245.65730680237203
15.577326058017016,55.09990690683625
54.70453456155777,261.44713532830025
8.744650179988545,132.7562076634916
37.73631767966508,186.26608057965316
41.35165302899592,256.57057361723156
3.9811439445753827,52.377336113398385
27.398809946997183,143.66827611950833
95.56494672664894,303.54773083405075
95.36326078296895,326.80887287022256
35.23270542525393,190.88885734086432
4.310010894832406,128.66576141760765
17.909493932818155,130.33788694944172
39.221779343354015,161.55201908524722
94.77796979692297,407.091328022854
14.119906353718491,235.63617676725153
76.35158436682123,296.8404100722621
10.868253937469207,95.68474979659857
98.12575773912768,406.7007373169251
38.161649910913496,135.2117229576947
77.5234538899056,279.8803737948759
34.259108281113186,156.6857859405729
62.76688771588087,208.67468467797434
19.201608474003674,136.35359895896994
14.602101929696254,100.55133221803682
93.80641395681313,335.0425245062988
91.76472779044335,330.5425268973497
88.74689402128824,296.01669759817815
62.543345016659345,240.94313579621326
80.82682112162783,292.4625699403491
6.903693691137491,150.95292013384878
33.47890418906792,177.52184781244125
31.37031247571562,212.73753839135884
63.56453219526132,283.2841089891276
35.59577734706405,212.76800661756394
14.85067816436808,194.8680964694309
59.646707541354374,202.5444552755795
81.43839206690815,283.90917334635213
38.21234944599732,268.8930084552932
13.22687150984817,122.36151288880637
19.668819731282305,32.04868731156452
23.7483305169384,150.92631821702847
29.989759299453624,180.58856415485553
64.27950705063091,151.81364538825466
60.0945484537719,305.7348301959999
69.60798615670392,244.32592261102656
36.25019845315131,204.29538098497505
82.39976518799783,296.5974394654848
20.40876611557603,97.419990010433
46.90407475181539,172.72164235865566
80.09387215414303,261.33051217450566
18.015864773261924,190.20909605306946
10.986311374078294,121.32744473494142
88.36839676879897,299.2087509862764
34.29296627591959,146.84796510391868
68.3870124909032,320.73342106166723
2.534860426393848,167.25531829320948
69.00468884094497,321.80305130497743
31.61013115469705,199.5132080289448
5.574085358744174,125.9936067950052
60.9812761548117,201.86403661194973
24.080381607317324,149.97363694813052
38.680724205188,168.24977252525466
8.058081228651359,44.1946804096813
14.716325109494532,180.76915713357295
29.797723549584376,145.5442691277329
8.975950056015714,172.19709805627377
91.08262646863152,364.3916693069722
0.6047043183978418,124.67404007779365
48.38602188643114,246.46412719688712
12.324745813255145,105.21169967274622
30.767908947794854,254.21572090010594
92.60595598182655,333.3091256678137
16.169455327398687,152.98552118966649
96.58323197183326,314.45322658500345
20.579437698942172,112.70741696752248
74.15661084668295,305.24945145208665
54.66772648973117,245.7189761095018
88.44787275967592,288.27863720839974
55.399325550313094,178.65249824727815
53.45592191563087,180.80459118063732
19.54580003683999,198.62970325866416
16.62293620516587,116.04288486079065
91.64891511155142,315.0219807735222
32.78381988500341,242.30102876831086
37.20822549628959,146.33343346598065
75.98236584283885,259.7092584967464
33.882348242280734,152.72128822633553
95.20624466390028,405.3354318036624
73.79277689988002,367.4167625611024
59.742924257342,280.6261362522635
88.08951605447525,352.81655079335565
4.960590834948276,88.2557781466742
25.706269218920873,245.28437220955337
46.50363342209099,227.39659961612819
22.6978539471521,192.23833011883428
74.39051873021519,281.5859264664055
91.92080310537251,318.65049855252386
42.37701199309234,275.1334864291822
34.2132600111895,207.98838073688006
96.15507321375662,400.7722317341686
44.485243282754084,221.83604957161867
48.90484004492832,186.9657679033411
35.164987234190534,163.6424561665111
90.95484730121383,331.6709923192278
56.89554832818507,216.1732979753844
76.21745871816447,244.46765946055325
81.18067183508863,352.9366953266415
34.18490419172582,162.79291391172927
43.369433132038004,214.17309901855725
84.84717744062647,324.43859643036575
36.32553516758102,166.34369770268242
79.39351334518513,358.84436777185294
94.09923225744372,288.7693417552828
62.3210373068007,266.6875254527327
74.16272874518889,295.6465613550633
80.50973120411349,299.0170625426555
84.50396488966425,257.30179803796557
39.505333785679596,234.99374229425808
5.126345917599817,143.74966344628788
40.187627123673956,172.36200536466225
67.37562297840898,297.8740981118297
45.03503857807928,228.18564949802717
74.89631508603985,233.96085531218162
35.69824294686639,153.7178521369283
63.474414110402954,306.0442917620968
18.641980485397458,159.47822708273705
74.93694366449569,263.8645068571916
54.56959688130259,200.70705978394426
20.40643885466006,129.5731123703847
29.191117349780725,154.48520028750508
74.86087085818323,251.9558428321174
48.26012356615207,148.18412584365657
21.60314403930722,201.4381699371106
96.72711903702977,382.2010601221914
71.51250198168879,225.80739815483406
95.71348325397962,344.95494640931236
42.71050453603432,169.23859575874164
47.51003406917205,207.8925677590421
89.79552161850192,310.144773234901
52.504934024538464,213.46227110312412
70.72789119056672,360.15244165774305
25.217287749552998,144.72344722444643
44.67264687026405,178.05376027981103
12.34498658103551,99.13522791084722
20.59800358769617,194.92140148180505
0.0943415267631087,31.500053618416246
3.926505164866023,78.08729830427194
97.72838231769293,404.51609247115596
24.23536951367623,170.7394813474426
66.33107095040019,273.8126020013039
83.90996987996115,398.4829848889963
55.066045923656425,247.9144337213806
15.31445000839562,108.82200433261251
72.81164373361663,270.29327926462736
60.025141009958304,202.82313447882092
73.12505893473751,335.06597074686664
76.97466228570872,316.3413247294391
97.54103676847451,390.6338989081197
57.356328002671,293.8570770643228
34.164111269060186,168.1770179007391
64.8464556900237,222.8096495319573
6.844070924262613,114.9586507264226
89.73973183215863,288.0380615481858
11.938101133819679,136.7082918921017
32.784283788581824,229.06165686050025
81.57453806261209,296.94088676719565
59.731237833071184,255.5686478056059
39.363552027744205,194.50442850937534
47.34356593750214,251.75643567187376
85.45473932021804,285.853728363395
34.00043860598922,93.61783986626543
86.96496848121713,337.00294366453727
8.813443097669149,163.13250828421448
77.67984372086308,312.7710320965527
84.75476330547363,285.2500864559355
18.181765283733874,98.23217805647698
43.03465323722004,228.16022765257694
16.54997746636556,147.2611825838413
70.66041289942177,271.41742367885644
53.534776806165674,309.6606206157171
63.5323346708321,219.4391713709285
19.648696695621116,222.97224584440016
21.17458620524195,154.25883646604547
4.149732550990636,34.0053298162001
32.20675351957297,173.0611483968174
55.97446613336749,279.8560476235151
85.79349139973289,299.29559558832557
66.69274474586807,205.37362684316906
43.53963233997514,202.00444552053764
95.31201143941378,302.61732908093717
71.92452005758318,300.2732629167374
93.016520286255,364.71863877211206
52.75879732721657,187.95081013690944
25.89042747931396,135.36105565941259
5.282668636472199,144.68681922222385
72.60848514838504,245.78895368682203
12.130299800553413,85.30250609779624
30.277512827196716,126.65427853562855
53.24709078838974,247.76431108277555
56.441658777974766,253.96666933893312
60.0583196987136,221.68602991607642
16.625533034970065,141.77541074786654
37.97374048216488,258.4707704817957
61.71942271169667,213.77273519854418
96.98188646337847,261.25236722503934
72.76311376996887,300.8412265294895
92.26037570939579,326.05769332373984
76.2212058314177,261.01238530455186
59.171696889240046,275.0590731351374
19.202336913634454,182.92184643159771
66.66856518925131,174.79589543078615
62.337956595990704,228.69352280944415
60.24691704572665,347.03767140591043
48.978586798824075,246.71905771850194
52.86566039892756,260.29347670793936
33.44425271181041,232.40895694583384
51.931269264230316,230.5383224873122
19.755590567847825,182.53506077460406
80.51743973603767,331.1686066132441
18.577695469870783,168.87108712632602
8.496628988946641,107.84424831799679
43.62460263571574,216.220026665958
65.83074395060619,240.09804754579162
43.771682493354135,209.9623460162356
27.67541319513086,120.57341093858332
55.817118389044076,206.64884524464028
34.700233541219994,175.0049772189285
93.28676901266331,293.9540108241617
92.2645139603572,309.65001607521606
50.23718199720955,218.77280652554748
32.78839940182585,198.70714348772324
73.71324139566391,323.7770010434717
3.671294348306664,89.88246388698032
47.47690060436513,274.2393459349138
33.63233942703335,223.1318094716708
92.05358851025547,351.1068203837717
1.2003027272682543,109.39333653275911
55.28148757183491,251.48075752765843
74.0663581066626,334.5532178025338
48.50179875240413,272.1615898659644
8.540303016272166,176.89128298971934
97.24613900279022,344.8347524156433
51.801043137609796,252.59204452012858
61.41862443190114,309.4448807328232
23.660978270750732,133.20270882693404
48.34980851068038,207.62677214085534
42.914949195832186,207.95457915689786
7.489584200198374,156.1518110194191
10.616035354746723,164.61587152226087
83.74725196187745,299.763017003459
23.981995220659023,97.18921619565077
19.495827149863054,158.98206319869988
50.49114512501392,188.02127395688308
76.87471313625129,230.1979124746467
6.194651857898792,62.90319010312485
57.680791963825584,257.7810780764833
11.921044284057336,186.42863823223723
3.6461050825618457,110.73347100110021
5.274395216221739,121.98049075678915
83.41641082084413,357.75543018850874
11.797248362806156,65.2359971139853
4.515136441229195,132.92980715879796
43.789988714291226,208.99277822906998
84.39934719420248,334.54921689162495
26.240837648930192,145.48672191461455
42.17126175259164,171.39783247518463
3.9922532563751223,115.82651313626937
44.907851413487585,280.884316083759
57.761308063713365,280.2214781476388
57.090705375214476,221.60418032445975
33.242669217436514,127.31546437038352
31.55331806631355,108.90080163937225
10.662361893659789,181.41228829971223
36.67983206462684,151.96333376141132
9.949466887296465,111.3306653785055
76.65959447120517,346.6180412056354
96.62742977481858,274.4221236054057
97.00744566667069,404.6043537718442
86.50710993753938,305.71505106484096
60.07921493396191,202.4111710173257
70.086569724388,264.92537660692295
28.520580268041407,141.23777541362642
63.077042017262066,276.03293483984123
45.56495494398774,186.9468050087712
48.20173397769325,140.97036508046077
75.7776560375158,280.26762481045716
28.191835559725163,114.04046410328891
31.803961169451988,188.01064192325896
92.46417911286366,281.76983089114594
5.622429485097225,93.7522766115252
48.56342984133404,229.0051493362679
91.28008004078617,319.36084421326734
61.0363007818157,263.0099164129373
54.64070742121321,264.90515013137514
24.974417922935523,114.26015527495585
34.327548906444825,183.13960936529747
85.20484158046929,174.4879318128014
55.921813176845816,250.09484733775028
51.47421937567799,216.17016148907766
9.957971354002893,83.97845175343765
1.6028156455123121,117.1425614803157
96.36851886870491,389.71143856454717
37.698616728684165,174.44179960797067
60.32130620995043,211.49421137001218
7.971507318728499,126.79465260016669
68.31142857230465,215.21058921727214
93.2566708705961,305.6664772029976
57.56652529974197,294.7744163665593
12.611532237541056,134.1158005622891
58.172152747347674,167.2350647652878
76.63472131046524,216.8228758509263
40.64165365740187,208.3477174985299
87.98377479414678,355.8392400594284
64.86829533573645,194.8695165905752
89.92489182892025,343.5225451154954
62.35053112473372,311.2253360251884
13.128797200482422,211.36646068335062
30.96917111051891,191.20346727810397
20.17949482524569,171.53428437514998
90.88264977168623,238.45537955098123
76.04000672874827,377.4603266747298
67.6398368910006,245.1562931081135
30.096631963162167,136.4044656410129
18.40447720502135,135.39332901601992
75.64510879889119,352.00602005429425
47.41579458790797,310.4053527914398
22.578955215062912,161.6650224240062
61.66219781652751,295.68083649702066
4.0333852138451975,111.88096964255394
32.61702541282535,138.3650309350479
46.85569945911347,278.57924298256376
14.795833410940585,111.10593856938547
98.46544775908396,410.0494540777992
20.909736458961426,206.30021816497847
13.035313004326554,158.13529200552574
20.35348738868964,226.97830474663164
76.90611331597242,385.14215173046864
42.55056592718428,199.0854059308275
56.541593975253804,207.70406516093777
2.1009156986360744,27.68924936005601
3.4431308573314556,201.9979447277824
44.582554982701616,193.16339546943502
81.66552432016235,351.38707604918926
88.52388787075652,290.46975301152065
8.670656759564022,185.67626087988864
53.836310210102276,205.46234807659954
91.32296862792705,278.7258873696311
38.797275439788635,188.31826810380744
82.95658314283686,285.26690320298883
13.36956543994362,158.2329960190244
93.53944896677987,331.7103338987673
75.14233175313026,313.97141892492357
94.13343927869016,323.2256352432663
67.66172335525064,241.4824829279894
36.3403931999427,166.57191719719313
93.81811725247225,419.6250741732965
27.556677630917846,178.25994198249487
33.21725220617326,100.5086045030178
70.08084180017403,253.55878245900115
76.53162995253862,295.3591910106905
92.94034838491538,409.12881706372997
20.48024090562095,193.99966382544906
79.7998035219224,261.1513920856159
73.85460533969635,385.25232551633127
6.379455625359787,114.65221052624482
38.722314121020695,248.6593994716488
28.27654570600986,122.63717792204731
30.44904243540304,76.34691048153637
98.29468795547008,287.1388572393193
64.27774134799279,125.46406641232093
71.76761577934995,367.29262161967904
97.66176373150091,353.0800621564832
37.72017824576387,155.83058494806266
80.1840168452806,319.2914875345449
43.45309633044954,216.50999287764668
86.95336718149798,343.217382956239
18.06575413113032,195.48699980964858
94.76861770642796,324.85936018379016
21.877170841087967,118.08716873606615
32.622050698093155,215.99475596966934
75.61922341067805,322.42915390766666
39.37551415654067,202.62990373010922
60.82113767664467,342.65009519916555
44.45735010694285,192.9277639325192
74.23699370897819,248.15384832429538
22.833125236861086,174.47752785921426
5.8457987236877,86.53367349141345
29.992939747306625,195.5983391561225
47.43086648684303,183.91981604049894
16.80200521926786,125.35291283449627
35.47972896563887,267.36783272717395
39.998301829356855,183.1212722960895
5.739184368827354,81.11170245037763
58.33072481842046,294.53296164314406
88.43434279712875,277.35720404605837
15.174291295305242,109.10579046589824
59.7808013401514,273.43985762627847
66.47392049108463,305.22745548584084
41.93346804192883,255.6116514410998
70.109758736427,244.18619511277163
41.0731543491012,227.4798565428218
50.46372879774349,206.7668670234144
0.735304455442698,76.6399281930812
69.17201141346888,322.9897565622416
66.13426789447244,242.47143159101756
3.8400877326344562,121.17493547329444
36.82501073951331,198.53541845294097
97.90318407916673,300.2091707786528
42.07365625686168,245.37848224260205
50.19454051318417,248.79686590676442
90.99301581597186,244.84281921839175
71.72618758657563,290.85758818451046
58.20701311242236,213.35793436491264
79.78046813410725,345.0950433676396
86.43662664559733,255.95563406186852
45.68880717372669,199.39077581266437
47.51083649318354,233.83914079631293
38.60509356518358,198.77356457048592
96.67061400184606,373.4194514615772
69.71662542903503,211.1175408470209
8.322306620807229,189.5337452163831
86.29596233130185,337.58857564084866
48.05599408362681,276.71112951542983
6.875390642248746,153.561282602654
54.971725516331105,236.94627439783463
41.716427897570206,150.86193890431355
87.7749404862625,295.99069290373353
20.399460360938736,217.1325129243985
82.6464609492183,364.25736062059514
55.768869118545275,213.64368461291315
5.461030321346905,-3.60311508137292
97.18453013254846,334.11235829039725
51.26152441031999,216.18391796553922
29.08768542315825,162.32741153273264
46.94068419892581,239.34161044311625
85.7857783517489,350.9193140968531
30.49031243850635,217.42724331824468
19.26763964867003,166.71285020493434
12.907124693088146,57.346656549908516
29.785939839021125,160.2692176416601
78.00480870400435,390.87379252522425
47.16263651952617,233.47589727997533
22.748160369353997,172.17355247801396
16.61849996097492,156.50268041914904
33.27294765103791,200.46425911187887
93.99243728857088,235.83159165159424
34.30267125900244,175.79125695412966
98.81240759546354,345.4544858252888
48.523045576535615,274.62429416665356
17.916391829015087,146.77441273934647
89.11400917935094,254.2818343002257
46.03553731348269,232.98272415237312
70.96713435045244,243.9746711542346
98.37115832091517,295.3034683044695
5.0175350319974,77.83860869134386
9.669455978756714,146.74455557464566
72.04567414627562,332.4850097474289
28.1825003295472,190.54857536382556
18.430139695009906,172.37070708913544
3.9361879819729495,129.52154220746954
2.1846711986201806,109.67740026129746
77.4485603119791,322.61723472924064
13.443342736955,32.97508247424885
46.77206159711509,221.55199040884338
60.5896815179483,208.00004543048058
42.835180056884624,255.4705698766666
2.7106652336233106,100.65425924532673
78.35015025879089,297.16297240832495
1.0513224541653488,40.00971547761228
76.1889894377484,332.77777362455845
89.33044937881228,349.4261412890551
43.28399210571723,231.38182478454223
53.554247309779825,200.05976181783473
47.698339261765376,187.0585236847674
38.920861862343884,206.60502114932703
88.74245353703603,292.96149272428636
89.39335106699905,341.57712114626145
33.581636464153455,94.04921416770209
61.5069754014698,233.48312283257093
92.69075621458641,406.4809083937914
96.20584989413516,358.7994546055496
50.895904042204755,234.17921886641594
45.28248052843268,295.80165069910004
27.869431592852578,72.48611175645017
95.887187319041,305.79690856018385
14.281430447286736,119.01274622878306
57.9829576047725,280.66914002195574
28.255026751863888,207.06929369873467
27.90082903477966,133.72182011573202
40.496858737618844,242.76208636481564
99.87929358156545,332.91830287342253
5.4966306839822066,164.15190397815496
57.85418182035315,201.67230341131926
8.257215803527718,115.51265425787501
15.452082999051896,118.2367718083105
43.95629417728987,253.82693190697432
51.04601313464413,205.86469415595803
25.8792408364524,162.9320289170304
31.645713087441617,200.2001962844959
8.696702025593305,144.4272615406982
30.32197838442505,212.70665358732984
96.6558439380544,350.42346675264105
94.47073816724817,318.77557836437137
33.4878290136985,169.17033873102818
57.08539362787616,243.78158202881312
90.95953911109443,337.78315523701775
0.6183822640896675,95.42287188548795
81.06835703375918,303.46985187480874
94.83695527889189,273.96696538894224
9.132573433355706,150.59678359453494
16.144768603292103,147.8971073522202
96.07463027713554,381.8694443922456
53.75401436403463,234.3917138287918
1.4196634471723701,31.223040356012135
25.763199876352914,149.49482804439762
44.99436742688596,204.16782410929758
69.29089110247676,304.13575696137536
73.31603781367996,197.15626009667042
99.54215129254561,350.5686540950764
28.7511199383759,193.24928290867788
53.82201018684752,207.03378889223814
53.332354785960504,236.43578904849403
40.56452594472375,175.32342951519274
16.91618938424202,111.93655505854278
97.74565631838425,327.37181248966425
85.3317186666586,283.76092074962753
49.83330282942372,253.02523115705048
60.32454226840298,220.23364605062528
22.72610535596623,119.24964735566618
54.37870703917469,309.5015282673586
69.49701331214759,313.71416955774407
51.51670283865888,151.34340055690532
99.02851705849413,315.7530696699505
61.13416562477262,262.9230981358272
37.09737125921691,206.21327392428395
77.21520276158381,231.02597662518988
17.046251158164203,190.8178032109667
38.451581370626656,230.46245668944266
34.69589503775858,206.7892791148113
43.180709510777724,264.39853053784583
78.17798259287262,314.2625042603963
48.41730321634075,239.70648797378405
79.40144502659628,363.31093663314874
57.64889031398659,289.9385215576396
34.206943465755536,150.5063987185772
80.99787436834724,328.8388030211945
23.828967055309157,131.93551986978892
22.43829797997955,177.0711202753796
50.45029240548358,245.95525982797204
26.084924596208893,107.65308471267811
0.9087034951216322,97.20236598078507
64.82975272988016,273.11041356698706
51.1093821472398,209.62158013528256
44.55178144931612,224.472976527821
96.69685146183153,375.27154600222633
57.11991839629137,241.52697002221228
86.34315777893845,325.2023669170902
13.945023620516018,192.41998708056036
56.92064631294277,261.9889833111277
86.7979626730903,325.35021130597124
58.3105757279898,205.91549877772533
71.80141781270015,307.4216153207136
37.20435678122074,206.74679712164536
9.244951703706661,176.52242265010486
45.79002951270714,216.42545792219266
39.44793908388575,123.05398906674779
86.70601823789474,246.03143175538236
24.399530235247223,191.60686058546912
96.6734227535108,317.9606237131193
95.81381198044961,357.70627409648336
24.76316430714387,166.66056565977144
34.80519554773205,180.07161614452997
89.55557408738851,319.8798191086509
96.66222208961075,305.65098155351654
44.3439102836044,210.2033441726603
32.099704564089784,155.93138288467475
52.6094013251542,216.0357521614623
68.77692063657348,258.4768668875401
27.34745153749798,158.93704400351655
73.64731746190728,322.4853664679095
5.165735711464103,107.51438533351416
4.929449276441645,154.91481014166172
38.628770514554525,260.55445850660277
35.34731920607206,223.93831301270563
31.56332153671523,201.14489399368534
49.101976266891,236.35281110087703
32.07335823115712,216.1866879794833
19.225791846809194,151.78233761886156
30.946954908860093,218.33046499132865
97.4904272810235,369.27597096788634
41.11134169948486,187.8071738677798
44.47127768583358,248.4501149189693
57.654498995114004,247.94227771509398
98.33407684142266,341.41956461489525
24.160127643576303,140.58802920657538
68.12821105324338,277.2277501082422
71.59846935417241,320.4540503730554
60.73244167930659,288.8154976227808
8.857833963664408,136.84755153994706
67.68722758275764,294.16627264167215
6.409471103617548,168.93268641929177
59.61426495498969,242.7963073374355
73.95811772217426,238.48818923132757
21.096989061995043,206.87604527696593
84.1622007542774,288.36405119433425
3.0353805533004263,78.8668992098185
84.3812863658306,236.2223184034398
46.032905064276505,238.8505226805456
21.75879399316445,86.93636738403954
13.3778144993968,102.22998100371277
95.33071675823726,362.8004131728877
7.266558758115671,148.20196673419764
19.909341993592566,122.65917127929887
34.7822347433046,181.3741309743128
62.023484896112045,218.7543732954341
54.480108527609836,213.3841955146536
12.564349241231398,142.4867723259244
28.972798373821462,151.56096075560268
23.875177108602408,149.52736380193323
21.354285449034137,92.44651882470951
41.1144336479987,249.92278206168208
70.40314525916568,297.22920928584097
21.745293221723593,187.3521007348385
36.66788797029814,245.35793014275265
39.09174268411623,163.39633372096432
97.64565294354102,329.20311195467906
95.46663568790689,259.83191051926326
80.01375827520759,430.69184804229184
24.165892081918518,154.19122567420976
6.803731409166969,160.2256547876396
31.690413772062477,127.71227804960057
26.679454943383085,208.1534276769891
50.59258001463939,303.7666114328017
77.7727910067793,291.92399393656257
85.8322938878858,272.52295945906593
84.48640854105085,305.4413901444707
35.967556122306775,97.27436560958355
68.72343434606829,270.23230777291184
31.283419752422002,212.36492830191804
6.090554323518271,113.73868722495068
70.15652656029422,263.5696760065985
0.9827552569787845,124.40638601829113
40.91825874584886,227.4261308536524
32.937926930207574,113.28436331852889
69.33775385188524,277.0398684209482
76.62454727603789,392.9106512057183
30.409463597128383,120.4802412745181
81.16270144448535,299.35289879594563
29.391676050493377,254.26563471939335
44.63263599865612,257.5208526490645
72.7018527014134,260.3947371541286
69.29202292247886,281.8063300925569
98.73684723122,346.754261526591
22.51610242159319,125.1666911938759
66.23179135395823,262.49021573629705
60.96819082757774,240.77247210110764
91.509845449003,333.46553883432176
15.636214164487505,107.9540157216797
75.1798163586933,234.83577678028368
56.826861626876834,240.34966542408267
27.46658697879054,240.02404675668274
47.44349141471741,222.02878539824775
33.37765970697978,169.64817349859635
57.931340278846086,276.20212835804926
88.90006108146659,315.66325729767345
56.9304984412202,320.045849441797
63.17224183265841,257.76782443660153
51.874784711470944,258.83117715154134
5.116550644547591,81.39602351363452
23.285855687609423,179.1456927839212
49.20017294320827,234.4457102348082
31.023528374470477,175.20788079157484
18.176359776119423,124.56524267364827
50.41328419184383,199.4879335039681
32.28097934478503,192.44974507870398
25.810764317341473,190.6939539309388
46.39854174403808,210.70573985572716
13.328425808217315,145.2728610894929
92.77457330754073,330.35899118749256
86.7702097919239,321.0247046772668
70.76205857405353,268.56562289849336
10.621382758845622,127.30120696126757
77.5877254469693,406.22142186135625
80.7957328109019,314.95489262656355
76.77646177143377,318.7887666814884
11.396588711924116,146.7154658027489
64.39079570677647,250.042482179576
83.43247957493986,362.4176849210464
57.73534012196677,232.22446706346153
64.6407375228089,305.4974411216949
45.83634794263062,200.68617097482306
52.87073198840526,192.23712526500256
3.4376858351725215,123.7965421198299
63.89630219732846,213.7809732485836
8.14472128911592,142.64714159362126
43.50145943402234,159.07061793024053
29.265509766740784,159.89142934254465
54.54279502117131,176.78980187035123
13.341633552320708,250.85369365773258
69.16434019733182,204.09778023413082
79.50115369284704,299.16118539249175
16.33544497431565,188.40584399214248
10.431308735188216,169.19715943627833
14.551548278735915,171.7990022998795
87.71275618985017,306.0835875052585
52.81892617563562,288.2594386740022
46.72609960075026,254.81693105030342
10.671181910235427,135.51069099403662
64.95560067569618,272.39837615562203
86.799959189509,304.35518100828034
82.8185869323453,269.2003492676185
62.60547089808013,307.9854054999118
7.527871665167362,173.41415841326452
11.239702717601297,91.31585173142415
4.930898710982468,105.92900728453756
25.74792164924693,158.4026740239521
13.566146716037775,132.5567162805373
26.004804025243388,167.68700170473016
38.50580557189617,235.65873243233864
94.29827840711357,304.65768249965674
61.03760597816921,217.38170600352083
83.49737856829623,360.1930726859301
71.03515007123322,258.3395175365504
11.250313052663174,75.57713353064075
73.59204063739489,263.7962460714673
27.509888155912442,155.04285982067816
63.91078469947063,324.4712638622365
34.09619736429885,223.71793426461684
99.76722632646592,397.1607185050321
26.355147949677782,200.0029143040534
27.913047077426967,209.1511330110108
93.06722555623983,304.0403725754296
2.464440463632267,97.89824854547871
69.66889878731969,232.98677082428242
72.53263907358782,272.57423263846306
83.63785774103994,337.5568667401783
97.44393106384753,349.20917196018155
97.56019191566524,398.4647049021652
6.527675756646389,68.83052822766868
82.18393227529025,326.27227230616285
64.63099336573814,209.64178286449936
64.73421343730912,265.7537503068135
12.83499266146948,162.8890907531309
65.01871664456533,253.62240158274923
98.24825806012478,368.55029509746487
91.1818569539447,288.02493055913607
43.91306608048505,140.56476038997863
3.994797328609434,133.16223864469228
36.229349000020484,263.13300557720765
82.63903116005552,265.1570783119081
70.1499101465166,326.2242254009604
45.93436555939564,216.6425469956555
5.510153515883109,58.20387117775265
42.68947278233026,159.64734726075926
46.90249397178835,217.9129612151752
92.85555328941359,315.3112094909464
64.10861035821594,205.64771578567428
31.16529166546489,107.43264008091053
52.53182644507214,196.1017660956445
6.605530782216007,124.57726044737745
97.25682356497369,342.8757552800203
36.0059901930726,169.16094517372306
47.78673549131358,227.86636555131892
35.52839742369226,232.0913572928865
68.25117301162001,287.0255857218581
66.2232158329593,260.5109862376854
71.53223105291356,317.44305991979076
26.814322961192083,127.10118753836548
31.566848116406597,169.55933159049982
12.525123109620795,122.94653414886407
65.55099718461126,212.41399073398992
3.979712733565255,92.48039629719645
59.768233552345905,163.09178250462298
86.96958848516338,396.98023459123004
89.08321482896335,283.70688948656664
44.90377603699617,278.24979791594427
45.930368821307376,216.41042981987323
7.696918300801736,142.7434962420371
67.07650254430358,247.35471628573583
82.12594203728455,313.96578033424413
24.465505460471306,188.22741768017346
42.13008816333647,232.97395687033512
83.88393367652704,341.94431986309075
87.7120467662288,303.9556160791871
24.317998026422593,140.8096068498528
55.057063454136426,171.31687283339608
19.249315063582706,169.89184080630176
10.187876413955655,170.50211149300443
91.11205013919576,395.0131240215282
82.05075042321091,317.8235987937662
76.00349018031739,258.1192961363019
4.876631881314042,41.583809721361405
84.37287927102575,354.27079474334926
43.804407590538375,134.77684251117932
34.23951232958596,171.42793112206013
54.647636102537646,227.28679345309897
9.135324272355582,119.94862619433883
75.66465493523988,290.65120630452583
58.24350768882959,251.35640521908942
18.659009687316754,46.15621480958153
18.82321997690456,147.66780980594237
18.424865157267423,53.30055954106162
5.700238755193398,144.71456646675261
58.77984493716848,223.85360245146762
84.0348177588508,220.34342348362668
1.74982139873886,70.49952714294676
4.900464497127355,88.53314822353367
57.27702766869458,292.7316863551222
81.94956853860523,313.05504443383256
32.67388905686336,196.0153717914766
34.96143988077222,236.54838491431138
59.63464974967759,245.0865364630341
27.4212889124147,199.9312501472102
2.660836607768413,135.10416739209396
73.52285181015961,230.28350185711187
62.56499129414531,317.6960337060914
58.07559990556591,186.09727311738033
74.16841289918231,323.588117614063
67.52308375620375,205.6898097599157
20.588198817832115,176.48498370778128
35.24810469433511,265.5853234308877
12.6110141678625,122.66654775421462
12.985701341788102,121.79856400285885
67.61957463565392,294.4463233134874
85.86001069824982,300.94547070887376
96.27325838611391,416.33272244010817
62.834711754944436,265.08294754539196
18.410132336095696,132.70466242609925
10.56503454489307,103.933979932618
81.28509715367578,264.39737508818297
57.875647635999925,218.571341446557
61.82850210137198,239.98147115891524
78.14620887547092,275.077274129231
70.32772277324516,248.43589171069323
83.44582528560966,395.9369576507115
5.621390545987848,71.19631915093854
74.75206367465049,292.9808153346671
85.08527573220954,337.3650555975472
28.613504245831432,197.7494353080063
64.04472739932528,257.673468177075
31.416206383697208,168.52607341027215
95.7971066482454,358.27942259377244
3.3423572435503757,119.4445396957381
57.97928438329551,234.1742156767393
16.65035470495151,76.64385061311346
71.22202051771586,258.58706140683853
17.589028341866207,96.27029390830546
23.538326189835757,131.08860900246765
49.43708110457581,224.97495726277447
91.4834949996878,343.63397272509155
21.171437214797084,227.00441886691198
14.424002111810353,113.70118598782054
75.89768318540307,321.9725462894647
50.0619532333931,237.88436521364505
91.17851123817714,381.86632604763224
14.661455715984228,160.62766400922303
64.59278930230393,219.5240529985989
23.287914615181503,86.5323702501236
15.67604286516393,152.14016575635355
68.34294151572705,248.8711235724802
59.36846199087332,207.6351525117991
75.48274583623312,235.96923075069418
30.946257644618235,184.06303774554962
44.79716563821899,274.7211683868757
40.547167633041845,184.36508568528433
98.40894639665142,370.5805918271912
29.22489567393879,168.8074425655708
29.481723834676686,120.05950323543668
35.45482088286074,219.2089149315153
56.45940812903215,195.60380304103072
25.232274426374524,163.9804631142034
91.52899403792739,314.61351113528434
26.56855648662635,203.5779225805675
89.58157315601947,279.92950788740967
10.347506364658464,142.13092798894772
65.65627023996524,229.20086243496183
90.69855184382438,305.4818216695939
16.874943839822954,-9.055327810527785
96.8326960099255,429.1236058073781
45.28833604155117,236.12678884971615
94.57151084410245,304.50324655173887
67.6820043630047,222.41365470493383
30.158686987355154,154.77522629741725
18.83025249171064,176.90144015555796
30.37350462250994,97.21347352767867
9.301740926267499,117.36372546456889
14.386796634332978,209.6346353110021
10.466044034648114,78.98721602419533
42.29435437415577,209.08030949645584
79.55783762575864,390.5634092047658
14.138355421634019,161.64658874682092
13.032043317233589,137.8191751469208
64.34289495173307,281.93587244318644
19.71829819680663,132.61772316546163
9.76100381089916,178.47373419938242
16.684857820557763,125.0979989619978
92.37313958767761,249.42100007988154
82.14712527761908,289.08762796972223
35.40645623550941,148.29510208778905
65.58207673273928,252.2561008804972
53.72756736680381,223.53971317169524
67.7124263482564,319.099918030052
68.26711524627594,299.59547680825096
62.8734015059993,268.13667755211947
26.610136853730857,166.40279814841549
3.900642076281813,65.69776473588513
45.55667819901088,123.14379056572135
89.09738846907038,327.4514991103782
56.94972585185759,275.4354016764479
83.23910417019079,303.59052379093004
99.16243429612281,325.6534448710857
16.361620413827627,160.22968686683242
69.17776391419824,269.47736940770847
67.42935737000246,338.7088649042788
97.99554473582785,396.2765862098854
98.56007339528003,386.32056422443196
68.66786117241294,303.1952186776421
24.361479198219428,107.22621814388145
79.85558381305991,327.22284568965796
10.70291342110381,142.41434385591558
78.06993041716287,320.4051572194307
91.01961241446965,348.0440733903403
38.28333947684352,214.5455588204829
63.06352949830804,370.02850839086807
43.01427320968263,204.3659744127326
43.776505498812845,248.3976273405107
31.037088910812006,157.9971676477608
76.21296204503246,323.42708778216695
93.61765641665052,373.1245920880977
94.07508592344611,350.3496799875077
17.478128487493382,213.14442380280957
87.4743649656566,281.89556366298393
73.74314414271221,264.0870086930639
25.283740069028926,172.04543428129102
6.728461292151455,153.46716645433807
26.799726688437797,174.46449093509216
91.22082367815256,381.5461282621766
63.31786748957723,230.7650285245369
72.10546608978719,232.80984008287015
25.715235110909585,177.1077826408263
71.93881555748203,276.63594964308993
2.812150627792376,129.61624882553906
37.53213457730138,192.6902627602565
62.67533485423312,242.5417967285623
14.609656554132023,133.40635996310797
82.30035744469347,306.95115332350326
23.503129881191864,146.06906245834932
65.22811128184462,254.61895925048216
40.51971425753297,184.50776465847812
59.604359547764716,284.652494058023
10.745055262890812,134.93489176052256
1.6912799921607324,198.12049953638066
90.95644273803012,334.0772277443451
26.96300087671828,144.48904956812683
81.96770027804591,416.0328333347029
99.93503004722002,367.04652126502674
21.143125799891116,194.05200581455972
26.51707411833556,190.9271595469785
66.28597876346657,291.6353519645597
96.54486346006212,363.6480722663824
91.58143481907439,283.10130357038815
50.28755200655849,241.00994443517004
79.51102825267246,243.65664977513416
13.574585309990105,126.6820887390995
97.74381842040123,314.1701954532328
96.43532340359864,355.9608734827639
16.372895787917095,154.83357871345726
29.94231248031066,194.87388006761364
10.015499750676693,136.99173766523012
27.17175988981797,142.68240100766172
81.59557894152066,293.1298841159921
37.83156071652595,232.87203014651737
8.839696714675839,166.52747229219273
34.22255247789045,137.84441297939878
98.138333424128,281.65151278606834
62.96835952592029,227.1786296454535
41.61609464061578,247.52615036506427
16.653851349727,192.1799392555323
98.61767972836948,308.0715152546197
82.08490092631287,317.99787335894314
28.14773024509194,246.69093304207234
7.006869572118946,134.79622872739316
5.662555737755803,173.2981046733414
12.037814950553383,171.64660631136988
58.07685836144216,207.32328317517042
92.87634212054924,324.2866686681281
49.674342800598446,225.6318188103045
84.29454824561972,315.0688454345964
44.588661985980785,249.59556693540793
70.85835457678252,294.14923643126656
73.18727372865008,160.80739709766164
17.396370590333866,88.87014120561159
36.121605897581176,99.29792229705257
63.73021565380239,266.6216187490742
7.069660818436619,127.67965273870436
36.15401877629566,202.16863551926474
53.479946628119244,193.80360799727393
99.62244930446387,377.1039183353639
47.45335626224407,248.43352767041839
81.60567571143235,251.79364951677886
43.206728506661776,147.02222851955403
79.6390722619709,299.09220184286454
59.54148016201084,323.4008915781569
88.65954415023984,392.3667422376034
41.09425523501099,226.17610470259064
60.43044198214788,220.70455689764444
63.00186806188274,294.40180338957236
41.73829418004733,185.52260126871604
14.431204368748151,104.14584224701095
9.355940691233556,34.190004392021606
1.66715505996331,108.42750413643387
87.35342642452146,292.1779034753211
23.647491223869455,163.13071882633756
21.150674928176805,57.21179528469263
73.60354004260655,291.07449731925607
32.00161130873917,78.85711056618568
50.60446924118366,271.7749817920582
16.25110652974563,162.341077241427
95.97457214619692,328.34256860308494
85.15814000172374,336.3073379473866
86.37896229650033,275.2545770901112
40.67737485720052,204.70462409258346
76.23612137071729,323.65691707570573
14.387615538978016,7.230979768537367
0.8619002591780278,83.54795877979699
1.9972932578028124,104.05112297683507
58.660173740456045,238.4836285602505
45.53949052479408,274.4715207207272
51.801534890851975,182.74387467299584
0.7463140417219405,76.02242369148831
42.268661965742574,125.96182818475401
71.80681612008608,342.35259201690775
44.26937019674359,200.42651178169604
73.22192063122223,264.81477784874176
23.30189643968348,156.07119647489142
81.31420044817254,329.7561246061421
58.84312404534523,261.55988190233387
21.076309942990623,262.8561300902224
23.672047585383293,178.06614432017676
62.8030464569537,237.6510567760779
82.99395932124433,284.12962314228946
41.56277820291552,187.56618963423898
25.83004291275922,102.09110686511262
86.70116069106004,318.4114540755577
66.9268291750835,299.91330270943445
44.80854872830765,186.50234851773675
48.790019527930184,188.3839611684183
20.42564679363964,214.13509066935404
62.680263006484395,197.35175438891372
35.87425105428886,103.65394058721657
99.56451766743493,300.9447510999175
48.01835152618879,155.95609852021914
48.58856061896132,237.5403562752491
56.58517874106719,226.4558180580536
91.67560031187467,320.04891027604214
80.08180998597503,348.1724091028068
45.113006979784146,184.01949594918648
71.8699265972796,311.9224502624229
58.62354987807616,309.43753539837263
49.23670487012489,204.13390113935685
19.231577278435054,178.7428159898077
46.39362634548909,205.92321950986766
24.581858702257463,199.90179565755935
91.48421498516547,263.32865116011715
33.540681349634696,115.39008405707631
95.22640145333723,321.7872907715034
53.30552900947112,196.28006135169065
63.15443786761603,236.38838630970443
54.29404444893278,226.60169667222218
12.93806169667009,162.3013532706984
37.5821219007941,176.99456597716846
9.914611227762393,90.50973700633214
62.29540441833817,241.11377941240113
44.68741952004389,179.7182209377151
77.79849715709368,255.63689723205215
22.047048099936983,88.00797498881207
16.45660584293349,144.03215511012024
40.63322309637678,177.92202835401505
92.65853832183811,371.8484211131055
71.04218150124117,217.38646690021596
41.89236247929187,182.17749275895588
51.727216975431055,304.74413809084325
8.421301117709834,81.96075180757248
98.4575896376113,336.3029963019817
66.6407304694919,216.01657641478465
28.540406846342247,115.24962295724654
58.58083942152443,310.82804944873044
10.948236606899398,134.48669816901457
96.58366688075836,347.02088195745347
17.478498788336594,73.12092510749989
64.80303180552141,276.93303292120476
24.545446253893044,209.51821362725423
71.75613826485358,327.2143963097086
77.68213672402811,322.01137927818996
67.34197289114327,221.3626282407797
61.44994602551925,266.6523805080694
89.24690939520117,350.89217918153633
7.862671098975804,44.99876257717003
33.09147657801952,136.0777979209405
24.828747963084595,199.02369973148973
98.80139620654217,383.4514189012455
38.93897796668735,132.91857029567717
73.26126992403988,316.23008241414743
68.47251638810046,275.1463936620121
21.208123747737773,185.5142260155971
23.899768021155133,133.35012863336328
28.12845635530341,197.16403255104808
41.112727825937924,237.88935796129937
23.43250656505268,143.96395883853756
1.9651482746847804,105.65146625877382
87.93930568071954,292.8664893474812
96.5609831380884,410.1189789705115
34.15703870315679,180.388676702583
33.85068794254729,146.26585165967165
0.7091812774370987,71.99098021944985
68.02506883303741,275.3369692880323
82.54398957486288,337.7023550435273
14.660830036000316,81.07493233882563
15.966634936715074,216.78857424035783
79.00832499714377,310.36326355136987
61.629074835414464,273.4796111902435
4.486055762771701,107.1715635717782
62.25469904622817,256.4380179161333
30.891772284376607,171.06010333583936
36.872515547084596,234.52674110056304
76.97314182968802,292.1029852963935
81.09351926726106,334.64696089972347
40.03566268398306,182.03890878662537
94.71529360063548,344.9278679739122
40.64627179520722,168.16853332939024
77.18360352301099,343.57272681049363
48.38772645642591,186.28122046155073
89.7532326522084,310.86229558667253
90.77612436501786,313.8363671884657
8.741680787108386,107.12803676819006
93.64933313102257,364.18280547644275
82.55348415204156,293.2091482293834
79.13107143126669,355.821978437829
20.091133968552242,116.1751379979174
80.51192087546649,308.32676030304515
85.01327346850368,280.256568757498
28.915033445415094,189.80217730062176
95.22600783623237,337.401430401422
4.986014639916425,106.0136724691912
14.990925324713967,186.92387377682905
53.75811380515143,207.17135821754894
57.579247112230966,268.3501102686012
64.51500833009034,229.29490517162853
1.6969129315466458,108.93055572147996
96.03667746221302,290.349722285755
4.458809273414399,83.58296415218608
14.306195272340238,132.34792265849802
1.401451752605698,179.00219881193442
56.685843329409465,245.9085583992781
93.22668839209723,401.9092790787129
66.59471660804643,275.65335309818886
82.26574684804274,289.559707755
1.3281203458580082,167.36530603287935
54.20152984797261,253.68596465920936
45.95629775055219,188.1502802944078
49.8967944220793,244.32013517584437
7.221318533518795,105.87987711940227
68.44353610693075,188.35497298363356
50.322041485863444,264.7463138517495
76.51488498612639,336.84199865220205
48.52906340617154,297.7903286630184
14.938163622643208,154.90871849885883
64.8256954077822,251.7160880117912
17.238636210516624,177.8363674439448
87.23945633548149,353.4554596716586
61.311623906924154,321.439830388354
15.720388355695425,137.4442363979282
96.23380574812069,333.69559292933064
51.83654633353206,199.82110443648162
7.289845187165501,140.58574998631613
62.68329044150672,192.29272190588424
25.31989070128102,195.58888074464448
80.36934518773025,325.3802726359434
81.78220735661907,328.79739344783457
97.89473558546618,350.48770684655494
50.186953102450374,289.24701947085384
45.495687972773716,250.0185517046536
75.34756054464806,263.1114244299689
13.247065634192657,108.60484023415522
54.69155137931242,200.13000541312584
54.624760013085094,259.49807068480055
8.947312281038721,80.75745082704054
41.798408550691356,249.5706057347399
85.3284798567202,368.3635703508796
85.61536219946603,277.4668896338527
9.9237664919681,117.08966016140346
9.072088274783086,123.37173744842795
26.26954770019353,202.45203288554822
87.47660625539935,385.64832732905074
12.890258507349895,62.10065090348418
71.99968026274462,266.76127597908703
10.116561961310321,114.22376697024161
62.31378537478254,197.5095240202943
35.60672991191448,168.83379814668302
78.8913962965867,315.02583908118703
23.36904488253636,146.82816250570642
63.920182938995985,195.53641631864832
23.568253457588494,278.49698814370487
71.36602831121537,289.4894141821709
87.36780345607488,323.06654851361293
12.680179912676003,86.02116849461565
86.65956885955035,327.4956150661423
59.35752544142979,241.5616908995601
12.711049086702397,53.20551160935136
42.7541855359712,162.3574326913995
16.08602934850979,173.28801012297583
70.03478888665695,355.96792384380046
75.88681344179497,304.9929686580841
10.579652027279895,172.3429650713709
50.613985269464436,220.05475576443882
81.46250560259172,300.0555066596916
93.61630415509966,379.4309974358099
51.351786674177,297.5593990244473
95.02792236114071,391.70199895491817
53.56889704560298,189.5561534907078
39.419049459990795,195.76179566709092
84.82031285528954,323.59721052608575
49.2982710458089,212.44176294580174
47.190251056452304,234.11246014736756
49.03124894098283,256.7182616721534
84.67850018697453,353.418200388574
83.19415416880521,378.1260974836899
40.35199924402112,187.1735844593121
33.3299859870525,126.57429687406594
49.19280240391293,237.88637422354364
57.277250973710906,321.56917967224445
23.833721062799697,139.73969813077096
79.39550847155907,327.0650740366098
48.648276573242285,250.56722995129553
33.40455484199596,191.47634306651622
10.68209929639906,126.99335160660654
23.884516040360694,121.29197177884843
94.92811717559837,242.39162821780468
30.50996868195266,130.0163174055357
16.885928936703532,125.97619868308203
46.06727916549932,260.82652375043074
30.70877433602487,172.48128764433088
3.5159250271194153,87.19572155475645
32.314521727941724,143.7168104131909
54.41086239394686,263.3535953534082
55.17123720199669,294.44261090067664
35.65589211768887,233.38402672791682
44.73027562526006,237.04457765964514
96.55179182347663,279.98653739039935
37.73484772303116,179.70569483262105
25.822681325998296,245.57439322133504
24.34670440667601,207.54556738691045
45.776461270413414,150.473254828704
75.9520148716944,287.5671906792016
20.59881841884732,166.60377451120797
70.92961271407681,245.6143907846389
2.1149823349416286,9.212906950019814
41.8932977983946,208.84482383507958
77.58650652027869,261.19154456477077
33.873295577443145,152.07146415738544
56.37371014453995,226.17778123453155
20.49792328259108,145.6832150867293
74.19953911261723,285.12095767859444
5.227910326875962,76.29133182847892
85.25426448755003,303.97383271687096
19.819638642166815,76.43140932004178
87.43980317083307,331.5403038093558
35.25292413005173,69.29682879530127
72.26835744744866,268.6266443330823
31.922529778618845,218.049110375925
90.59116712346476,282.40399549415196
12.663712551837436,161.46639586038856
17.85197892725987,192.71426465084102
49.303012515880226,85.63218820428204
8.193843903814614,114.18714858049167
19.598018470176193,29.348348785313192
94.37663822120143,331.0235272586427
97.64896611478872,343.8240566951716
37.62593293304219,90.77846554642882
92.32860210139357,410.90450164677515
54.48246756734317,248.1058709102063
26.974246587376705,132.11195408269373
70.23987210805987,336.56686469407373
65.89018065748571,190.0188737277042
98.91253191087334,296.14160740713373
26.50472874092833,70.59285970133195
67.20595026617355,342.947451210512
5.202375502944689,126.83322617652817
11.36460386967194,155.84595414415958
0.3918374951093262,113.5027651401881
99.94606810596731,373.7368066846532
80.22736971474778,303.8168514813341
78.67230147335408,307.9524497064539
50.97260752881797,231.9083651716974
30.006708290543994,149.69627819537786
15.126428446267592,135.87624542532384
28.467473884646367,182.5516006256899
37.597122192913915,198.59220713428047
75.6310096980294,227.5947417388898
53.96617889031524,178.9572095611946
7.748362655548268,164.42257869362504
1.802900895891224,91.7347495955698
10.233217953406315,149.91057221269224
41.049871369737936,157.18697491929004
93.31929170490183,272.00792133281357
63.74024812092216,224.25274101556312
80.18258998755151,291.19664405996
46.637459450454855,188.9204531838613
36.16660831950428,244.25068978948346
10.840037271662272,134.56916912483746
87.5933022186205,395.9084393119621
78.31600290279029,312.6154287479129
16.811809759772512,41.65522687070842
51.22605638762605,272.0018048610937
48.73748079212449,159.0387311737639
62.50915526865286,265.8642529342656
94.61868939912613,304.3159545054526
57.97714417624796,334.0904602730784
54.02172667786186,294.9488605178588
5.032293293466394,81.71724830723352
6.290747601802393,110.42814684802302
18.734679132678888,157.01321276168775
3.247077169174828,144.0400785844903
74.33528955700123,287.0510906638506
72.3330303993963,238.19177241333497
13.605623443164294,104.159995509885
83.60789007952809,308.83325983624803
15.478603484611197,190.0561530981168
30.11755869973588,193.09411235040417
24.8976899161365,130.06625805878565
37.23070985730478,220.05235651120424
25.466376588996187,147.56541788221293
48.8950926438452,259.28320123070154
40.74078813546854,306.9883652711526
98.65694907793265,331.71338357231656
5.592635012822567,147.33241032314282
14.218137638735161,104.53321721016272
5.282589390860249,108.53573382430858
62.58411949823758,257.6902391705124
5.450927741371958,105.56910098333591
83.64397373761233,411.58374214037246
51.19386306819278,215.2288374533773
52.70076245815337,256.1678937886908
56.15945077121942,160.09726612819875
17.081370630621073,160.6766652171525
19.769030311448756,196.93781425374317
31.88173228730047,157.75361687378393
59.34964158218514,143.9361861398171
21.011777594021453,150.9213352084557
11.633172713326124,129.79786673866403
97.01168864184322,372.65440033108143
2.1981814809622913,189.15917513731267
80.26974053360216,284.8622001789368
78.8035149575022,261.38287715129377
29.7214113845096,125.75385493049512
13.56266160073134,142.147724777345
14.562864670542341,156.3507196063791
69.74316172371925,251.655884316564
64.28065910861737,293.09878238085935
78.27456742513867,315.04874637157457
93.74811723991047,336.1689497112158
69.1927363266592,235.43683119385759
15.585153655144346,118.91489517461011
24.344261676541066,59.770563421009896
84.21937308731145,320.3583653254782
20.93060758342086,153.4224495952816
7.252231695448142,125.97225709635012
70.32800540422505,296.80223139450203
40.2526355490142,216.68371112607358
92.00400525459035,325.4175153809736
65.02550710936616,264.58860414505745
9.041897779166074,64.17808964465189
94.78565672536607,312.67841513404613
25.85572636402459,166.73916662465905
33.72124904062858,153.68789774596098
40.2260413683542,236.35172033406693
5.122429640431325,85.40365340813543
49.65154222306049,233.12825301881296
12.331849107529225,135.67934275478459
40.097032668835176,231.29149830575213
35.07097879920843,225.1549088784405
77.28400834265034,322.08528237256706
80.3170511632731,213.17213449315358
15.3412882389088,188.03581406296829
36.65511873792262,255.18153195483293
37.33531610318317,173.27948527824276
15.141044393608505,147.69831763005132
79.84535050511906,262.5502796244614
70.72283283354233,195.7446967941122
19.038178629703474,116.86116097836225
36.6721908593799,169.2079653773833
10.580502485651422,111.68767377580998
62.820659709304394,217.1559805645139
12.137192454861967,99.82879036348987
98.59341686249178,346.02562359400855
78.06820746878623,263.1251864894881
39.023854958399504,220.172994455361
57.85639322793544,273.0015085886274
91.13418162164088,426.8716053726699
55.40992803958261,285.35879001570066
17.44984863979552,153.73893650865136
37.87033555811593,168.8697117879457
84.31448650297455,323.0075895260099
64.42130159896179,274.6412952559877
65.07243843338003,241.32467932383653
86.68214856884892,349.3125554101073
89.39730574625047,265.32532648940116
91.97925717794362,319.7798755550078
9.48491932531561,146.8388173341362
54.41260019631009,224.06654763650016
74.05095212183186,276.5253530017612
75.69268451270138,283.49912363060906
60.67162019700039,216.91381905149862
16.678733518367416,190.537040808292
79.74205539416643,256.99963019185964
72.01113335149458,293.264868119631
8.613577154903629,138.7437843985461
46.380982467437626,176.48499448987536
17.39773995218036,146.53585604286
33.74770457129719,146.52396935373207
1.8081092205685434,162.39466484837683
40.032986841075825,152.7033460132359
54.987692115621044,210.26380895571094
61.95825928270868,203.96170546116832
66.34903451287101,209.38546279746856
83.629131310246,375.27542009375816
21.546290727573002,176.44789429316222
12.048182243846794,135.95737060763227
85.15371718979256,285.5673755524834
15.661281489264988,176.9144385481109
97.47600813361953,309.39820449149096
84.2538229398637,343.65395991223903
50.08766058895991,188.918276139671
98.14214249220252,318.5405810360912
9.737672910800422,155.8925589037851
30.306576117510165,211.706020182293
63.822441504061146,284.41399507869573
35.00068684731787,143.82997299560833
92.83725519807918,313.50704438793474
6.562608817781756,122.93430202486562
54.941183206096454,202.01858108810737
59.08662673951145,304.75554110121266
65.27281237772242,163.2489081228027
25.566622333181442,131.51705931978424
36.45664275198644,169.94106702405193
84.36805296649777,192.597713902855
19.494276897015983,90.64550939721613
82.68678471733621,332.7321632586527
56.26554229027424,241.92380794018024
76.21875111940821,355.99728073172594
71.36073662634715,342.69106518613034
20.7511495384879,169.89479010218784
56.88127364338729,255.23547713584713
86.77231528050923,319.6738552735776
43.211623680192936,97.56423895864984
96.65907702233167,283.62697420561574
45.221510010171805,217.24238437071133
14.278563666788468,161.32618961176027
38.94346800776732,209.41039705151988
95.17024063905372,300.79455194758253
31.97208493398542,218.93104763468017
86.80981598670628,378.7016979800409
88.12506816818897,359.3377746873622
35.01865243319611,228.71896072045874
8.325765805063213,97.54779719924834
72.45579091588182,325.9037703156205
31.1512299013986,183.94237023800403
78.29236142575724,317.0141969321175
44.26548482604331,225.8675221758456
48.52667423426216,216.26220848332707
77.79094067485369,258.6969056661902
38.23633310616279,192.17353276726678
44.31273453229145,251.83610281392973
37.619046876962216,175.67999421631475
36.734051527728,229.00288639253296
52.594657690145944,262.1525063671059
80.87994445011508,289.76255576033697
36.176831192256586,248.2231758017552
52.42547205377367,216.27114308428648
67.07273254426008,330.4866041330954
26.9439446303655,185.42173637116142
27.752280490239258,168.72059889424392
93.34131270234548,296.41626089208825
72.35345733310886,277.21157204054265
57.71866762233089,235.81924429864372
64.7720054420612,209.5785295185331
2.9299443103418366,98.27096022194388
61.81029655616969,221.08346985180242
50.95088732242019,251.7574351835438
54.574967977943565,290.78528451741045
35.94238268308171,138.81006858780228
8.14738977129419,191.60912316865335
19.33392336120522,142.98643618338713
95.07447132126717,297.1203647825763
40.8699562270934,233.701316124236
46.66831558308642,198.09602804468295
5.270978985343899,109.7767889661149
3.756622954398059,92.57154080125778
71.71814470467577,245.31493922837794
53.80946641211113,264.6455987997108
50.87059842162667,215.26491185715003
24.312453042266867,101.00916288703152
74.47507316299222,309.1145669562722
16.82365791084919,91.90083072288292
18.993474366102003,99.50223870995089
46.07121713482755,264.7964836855853
28.62798621119409,121.79618414403618
24.746298123314638,65.48994109679242
64.52376445533316,287.2235943946316
65.09717452185446,250.10068311258303
82.45170697999292,297.0737152413019
41.77085669729759,191.34233713703375
7.308509102615024,127.90991216458822
27.366638492145768,137.099674497077
98.00054631968169,406.4151990356746
59.62585752327021,187.64600078895515
70.97370848010203,295.94331437478087
0.7357829625414536,128.55493391106148
51.820573218252086,197.9460835152718
3.7528657531803122,66.78964154883352
56.9230212091448,284.6271371134027
92.07708496360753,288.9679011451617
96.84191305004079,316.86449900639275
54.055267538892416,272.05470264055043
45.8204805252216,215.99661207325823
94.5017094248494,261.4840213226286
67.3609831996695,341.08894114935754
6.489927953840946,94.17369573830356
46.57255776674975,199.67465721214847
24.02450184643039,170.70317123622235
46.98043214486815,243.4574317868778
45.54655720063617,295.45823519485515
58.2144802814742,176.46898226056203
35.677049034925126,223.55640557892747
16.427044945592804,171.98056787287882
50.37194345899563,220.22310566541077
83.0202884345762,340.3052825626444
66.40122280676023,304.87357428147124
33.836786592521584,127.09533564410903
93.55230227588572,406.67987874342566
91.22075712491822,263.1995112537859
20.934839938409876,105.10220914203475
3.9417585120362975,98.96270701637856
74.13087083507622,365.4144234829091
82.76102613491533,294.0775328280265
96.78645659513553,340.63753039397045
88.98363940883107,382.0408005136552
60.053476820641485,237.63894069911962
53.00523392123808,183.48416638036815
2.784105126258629,89.60118661277993
24.665644684477783,218.69597456538372
45.96147517329264,217.85202968253304
62.85039000835678,337.4511085191743
55.725183331841066,270.0147778706888
74.26359896816905,258.831689348817
27.976693088704085,172.06676492542002
56.49526076524732,205.7399694039047
8.814224339079214,94.22537115220553
41.366552358320696,389.768905339753
75.0160832954601,329.92013196118626
69.3400853429044,309.1762382881952
99.0642737172179,321.73323608421947
27.7891125987756,234.77540513289682
49.81892991739792,270.2885659322968
32.95304137739967,260.66755136315527
44.060311405917474,286.4175844070346
85.6950129869388,252.69994860701723
68.42090751884867,224.87734129812037
88.24411913475817,278.8476555345343
20.351110833188645,111.60507937250483
87.3361117841438,331.79753126433803
5.976227417838443,91.35868255140173
88.85992804371524,408.38038613212933
32.90737794607279,261.51274668920666
31.458763341406648,178.3780734084527
51.20885766986639,309.37358926246617
94.06901877232318,397.0864625788919
4.778136468140537,93.19367221773125
35.22309750707453,104.46423881744144
85.65719886833357,305.07441160513474
39.60544774354668,172.19408333174178
19.9156897597067,158.38090126915122
42.47941813314118,209.91089267418965
38.55525014916693,199.0099782254797
91.54162014667034,350.6419802423945
76.19343757430971,240.0365576401314
50.51155557440063,243.39355387304178
98.8370566721571,328.8023896311494
46.527753127592334,224.6396522535016
5.823783082027523,154.39254223471394
26.22743218149849,114.62736660716877
43.60704802193126,197.31438355664673
15.690262414612011,134.29403329707156
94.7565126324043,315.4950952794389
76.68488978177731,329.1496756778945
26.828720042777267,137.10000638331337
59.08045335179158,224.5936719626601
72.1449157109572,250.8260682191753
94.1278928906798,380.75475227743715
88.16353491754107,299.9206753499103
51.51922261382137,247.93826804772644
77.46526197930176,375.8624645697914
56.2144753827585,237.42336433351716
55.27038900455401,284.44331276326284
11.47419583381919,198.22225990520775
12.613765801615207,174.27077077088308
52.95336150224574,231.68438416344762
26.886154497900662,193.93031169564864
2.103690246046863,51.697774813888536
72.28392039002122,248.25606633874068
3.248659669016496,82.9641079765016
59.52768411040545,342.0399896794306
53.91937941273144,200.99082914604622
96.88146905778045,307.776460992648
48.421313934764164,177.62090020497337
6.360143637779736,139.19135546838953
55.16879678064617,243.85576213186414
84.10961706161014,355.4887042859532
99.68492842814399,377.140113074333
43.034317368907246,150.1546047602289
32.02987424967425,146.48785359831692
90.66532969519989,383.46789514528547
19.124212907612137,139.3522986282509
61.542891503292665,303.26704578633417
40.57144241809477,195.2011227156266
4.108236495555529,70.01119710833927
34.72884743056978,174.2049387432734
26.52285225026746,126.03137043052976
68.60911539434869,247.99293749996855
94.87904976919181,345.5571485010415
26.804718737863777,188.29715223550951
81.14659391516817,236.70649519418998
5.535981693840952,113.11735741291037
53.81210100398132,210.1240754716289
7.055006370989458,90.66018534731211
93.40329911306394,339.0285980026117
76.63512805573902,268.6862424257683
65.79499112045923,321.9913982533239
82.38963816246643,355.4034692305811
64.75197955701631,311.04997421299566
96.89443971742911,321.6453358397382
71.39579478647715,238.44467476590856
92.46586095822468,334.57751171338623
51.713189201063805,223.02772169832127
11.706441298186265,103.93598510098977
52.81777214230171,183.1279398561786
12.68728280630933,129.99084982638362
59.249347917640506,231.31204009250354
48.24930605276629,249.26197805993726
62.25753978327817,283.31562002058035
1.0046981054831594,148.3105762638069
19.484049165536412,96.31706844960732
49.13304319121309,239.518658942761
95.05035615891349,307.3596432794714
38.360904035515844,145.12686576575697
42.43720260536347,188.26098899343785
71.46960890066222,323.1375464392839
60.3792757286118,235.45786558654146
29.892615009833325,239.86235700383725
41.08163955674278,225.54021700167777
21.769979885723245,138.0287956119293
96.60214591302085,389.7692377281083
13.063438155735973,151.189350385448
37.18367845664194,154.16001611029546
2.583897222001119,183.79531974217306
22.17794919335464,166.24050240492218
78.04711383801549,295.89980110335233
20.117523228887947,114.69932852103172
8.00634025289656,169.0905992924409
47.44531798445233,240.13456500634769
0.9969234734518495,128.67179466844505
8.476615442633317,100.07567165703944
80.76258695629751,336.6092634321418
77.14733448596064,330.80438641206337
91.5138820404896,300.96015300410716
85.45154359107495,254.67491329531552
68.3175563239818,294.98194604171323
5.233285730066283,47.62403574015147
78.28486179866574,302.0367785420579
84.55108108405605,292.7700477406612
79.90821457719545,350.47316353256093
50.847903530802604,210.77546908963717
23.290183864948165,204.29360708206022
84.53299756887267,289.938784253062
72.71628097401384,323.39537825050434
98.07611743888516,430.91090664949314
15.569259775593292,94.48699479105349
22.566458305205504,168.5663065821372
21.17981498815027,267.312767462014
79.25397676213368,300.90537338142866
18.690729645011817,149.2975281879626
6.665982982330609,149.47049562506507
99.85608065856286,351.3493730531837
2.4817211445149145,35.17507990981028
83.52440601588657,355.91988794134323
36.53668415506528,108.00894138040294
84.16154597578152,293.0632274332481
55.4620491211145,288.89013152860815
90.16312294863602,310.57384178281046
92.61929864146266,302.68696931487796
0.9098181280775997,138.8563641021719
7.541217599278827,83.4423706933043
25.035872957085548,111.73892015618642
66.93154163635016,278.7500222800724
88.8272196511506,314.45751614203374
45.994195129396275,163.2424056613087
60.697311627426544,278.24372137479173
18.849985279556115,166.4499932767284
80.49668338816853,286.27408299865624
96.73281113534698,329.7111451422513
26.85989329145975,186.7204468032922
49.48259516005463,273.2315343470041
8.61161105063738,109.76340196607752
55.91366564629684,267.0225116347766
50.27834418466806,249.2110437819802
14.44364841550776,172.6927449616211
44.2066213118075,212.15201446068232
33.410465208656326,145.56881434663958
52.18308753051893,211.21541840913815
58.565433542879916,260.67801946100343
0.8495578607209509,177.78119612926497
76.10059829495553,270.11383508892476
71.30142918617408,311.73679483333797
36.62863862065222,177.9227915018625
5.2935935568818255,117.8300420098543
75.49325397850504,351.7812925456102
95.51751604781325,370.59222122269097
24.015159602201418,108.39358063557258
32.35246137370379,157.06330141596584
18.381288948181496,198.21837428033584
57.693612334483966,250.13687390082333
15.484139464745494,90.91279798532123
35.619394346137945,154.9759284033036
69.70130139342629,303.52213670610666
56.01159830093484,281.40148527304365
38.64625643279352,197.3585117938149
42.02496018075419,308.0479550303145
56.21108826232295,274.81662098654687
0.5864727887161303,91.33613988338497
7.8509868453609855,85.6899761558032
88.12580677630116,279.7544066528818
7.787898909129076,133.42496809938467
70.68035962105051,256.36530563551014
92.00381641090526,399.64573368331264
27.06836043017311,228.67687702534425
37.04914370595142,218.961624658744
56.892140584471626,193.17815667605993
88.17089696385847,292.45954257227
94.19055872604201,387.71892312074453
73.9563248111268,261.4644146036449
8.661976085469403,168.34170321705454
66.91541555348508,287.03445885569715
41.03037218726621,204.72765565431976
47.07009994910616,188.43385551351255
4.914839034517704,108.36607775950351
19.106213934635818,155.6558474911185
79.05136075336478,340.5872344262302
45.395883304785976,176.63863426616336
30.166224163114887,164.48105252039622
38.401907396495815,197.86963713869858
85.43995133256801,341.1706445702796
74.8999017404957,249.4530501195872
27.231539718108277,113.30289716733387
11.750184021237331,157.41581392222534
25.19982216440717,99.8452065096775
92.07564510547337,383.6507581101311
58.15888378497554,238.9098963724966
53.34802087447829,168.9849440535948
59.63935996924615,229.11049264960175
36.60282657465152,207.28052416576952
80.71070203195127,279.6136996702429
52.32862493002498,231.65490102739665
11.674790276879554,159.9779731385965
12.906512482906296,123.85414218375367
53.685914650261836,195.22845509615573
93.65702180708392,321.70331034278126
30.835212167619876,235.9525251097729
86.95411688592183,387.49247864056116
76.40955865788793,206.9847670797086
24.781244290690687,207.34538149503751
3.6340748316242455,119.49259532470856
10.184726514238275,163.90416189610588
72.84939338474402,259.2203918412595
19.96697380406467,76.34874269503025
37.12709205053938,217.13541543193242
50.16991660064248,186.27538544963653
72.54681684501628,223.6070660160014
11.323122325912538,73.45565031043672
40.636640527746145,226.5926493127394
48.50729091426954,227.07015411447236
54.08270639715397,267.7613039957297
81.83606413952167,332.4270697996194
17.16781950432169,125.40658673839714
80.78314518266222,299.0258063882524
69.28784276966522,251.94122294150503
55.58708141989593,230.21700603267882
69.95278704025719,234.63928581543985
41.20177389516564,219.25055332845668
13.839758596812457,179.32984906365655
66.57652402653673,232.46608408881883
52.46723066856222,284.47536439640567
63.93748005427755,264.56676767845664
33.799878102849,194.5297981365891
90.6866577339836,256.0117941145358
58.736986857557696,171.65122830018362
8.540248429087383,127.34658955925086
44.980399070442864,245.30784224784225
75.63560547436343,261.1561967251906
79.41345617322723,368.0179807557199
49.45970527637588,254.22631118364083
89.4747570831301,285.8953094676581
26.766843719429755,168.20056963532414
41.05986972382666,305.70243488945977
89.859691056897,272.95229011491705
89.62567164715789,346.0428763665872
68.57127688246808,258.0003889366168
85.89805471222202,344.15559234467236
8.877326695623267,174.9183002217061
86.49949762077763,300.17933064478115
32.061990655022676,226.70737770395695
17.833151242821632,236.99615649789024
23.936983634204633,162.59982284979657
41.79685080138871,237.1474601306717
25.119200460446724,138.2326833550041
32.0567586016499,180.94318102030476
13.497848607164208,126.3940454431224
29.617676555899852,207.20075046374916
57.22838145420012,293.19155623719746
44.185370809106395,205.9012315369634
34.67187612359112,250.48614556415563
74.6452128857114,350.27073259995916
89.3509971393318,358.6108852187104
75.6789222902397,267.72799604597475
33.200070211767915,157.54500698667007
74.44421678375537,252.31137503748556
15.19801824740512,177.485147476927
13.031798809129091,82.1638201007263
34.562703703615895,214.56662373433352
80.7702369044057,256.94598373482074
24.634824724230185,195.85073934542567
6.325340889867959,116.52977382602212
13.170953520635509,188.4134829169301
85.87449685295802,362.17651699372664
63.37832847472876,318.1517894787889
25.320116336997668,224.0777267314955
55.52958253281813,244.7997243689071
52.75796224253504,183.68326207966828
65.54359784406613,220.0687202277839
23.31875544216163,71.47345109558002
86.44029871943977,271.0147755608991
30.936856208001284,180.20555224345776
69.41316539762369,250.2484732899045
1.612464637221489,96.53661075572015
37.26571298941472,213.66373216083952
35.17098179588083,175.27680420928394
54.348442858301446,189.19736375659127
7.27362617771965,115.96927604095539
79.01313737261083,260.1511017595213
21.778080176756852,143.17911468210173
67.70378148820102,325.1257565318656
80.32121232440932,289.5486440951993
56.18769562415131,314.1500167045713
74.08832067219855,344.78408857102556
66.18603122150056,241.36305169584935
35.55297971520076,142.65408937406818
80.88585390335653,300.028116221344
29.4701369885528,221.6596017920425
57.12129177515172,222.40881224997653
74.53977391415395,324.1305770948773
37.89559098125076,245.01618368405656
30.276760761742505,143.48852598071517
45.934601017282276,186.70936317832164
81.79634943491536,334.1412131029628
92.99217631456648,338.79806568928655
54.50834128598901,207.7272290654588
66.14662053236519,250.71406616012007
90.32736222389141,322.8844360389714
9.85468514129424,59.5308661813506
23.207857786616504,189.87426423250884
70.89000062515825,257.30898908333796
82.37444619122996,190.11946266080332
85.70290283305779,313.2641042513779
41.51071768549326,172.92368487151967
8.933990229186684,192.5985074099708
43.778147729961994,185.08789992776357
23.07345902070538,112.0161404725697
29.11964549966242,193.93167790516654
77.22675568375058,265.58894340775623
7.552708602588687,86.45245724126642
82.75812174807021,328.09313490334046
42.76690858241691,163.62857703547655
59.60639311005951,188.38603928860945
8.9652231235679,194.22329107297057
33.735907835727964,208.44984357134695
8.970091901484578,111.43278922773658
96.15437228811096,340.2412612365926
80.72616493262504,322.8619242697062
45.963275435646025,255.40394189622452
22.36025483236711,124.4482472488798
93.34551052498522,348.59732085105077
34.45965957269718,165.06769631976178
16.098443168737475,132.3835337853063
56.31643884539549,247.47673190711075
94.37741203448161,335.66566772008224
0.3830290500322575,131.5608702443875
23.812484325399875,179.7964714843883
93.84476404104076,271.86445466217793
17.108596685716204,86.27918922471807
11.324345163981986,112.92878173607117
57.01872157998045,318.62684951729614
86.18438232948299,280.03043500995386
47.71098176939261,210.61433816840994
99.45642566845248,326.326360875264
67.91716995379929,246.74188055436244
7.407490721044773,125.93440026875489
99.28321316819753,406.4874416060976
40.78942367801904,220.94414729348705
28.740253384548254,138.41968759413857
55.787918357788556,354.0180474917178
30.43075918208643,179.345940745926
8.645750712015232,97.59906999961196
0.14283430791767193,159.10742611426457
44.95833529202623,192.88013169333402
83.68634222265922,378.4014614019188
57.231518563007654,206.85565951331813
99.92072989434408,409.29831064054787
28.68466456472,180.07625954675888
28.04550647600553,223.82805894929837
15.97494602339442,219.06042255317635
16.40635882653352,93.89371405673234
28.51865960100478,224.37519945807077
79.28400452735272,239.59249385853803
90.57567906364478,282.8710401469981
97.50871697076813,310.3459016412793
23.228965409645262,179.02624097951562
88.12975456140917,321.6980136158561
32.82550892773371,175.11006717250913
11.28405445168844,134.2942622320828
87.00249255201656,342.10686433688556
63.61056346436186,286.82890530358037
16.47308960810617,186.7055899795369
42.98312575130026,283.1804538569373
28.725769487706764,170.92564114464366
73.6794568710197,262.51870982737375
45.341623062426805,238.88025901855454
98.9279945106385,299.71320737547853
5.474498225959512,85.44872617897187
35.50152661362467,230.3331108281646
48.19001671099774,215.3106745305271
50.31335547483198,175.51648098656003
31.593582238563677,117.00062449662975
72.9240249097568,284.33692215886134
87.47470734889747,366.1954309451931
93.8719301977863,381.633029052835
80.50933767995262,305.8865330723532
85.05801973065994,396.22582625489395
55.05453006199955,233.27526858374313
82.58882264268146,300.70694369988735
30.350390914795224,69.05767776106477
39.84787621092144,181.00713263675004
31.69130138185443,214.6763816257099
46.738733544792545,281.915523558943
28.557961623863637,136.85295057234393
96.16114422544469,359.6348918597698
31.284462800566814,221.76661153795723
9.804453811093982,124.97745030242305
52.68171660504134,136.70829379804894
5.7099078445176366,124.5632824205479
11.054316630858052,159.31515080111714
21.93893891962463,115.42977033290971
46.43502498821417,205.51345049296688
43.32509323090279,160.23826241143354
79.96918620027913,192.9918481050614
73.94746538841133,327.59723342545055
42.63182939907013,206.42361556123362
33.37042075756299,249.89740009611455
31.64687840614986,214.78612871896246
77.3995087294009,278.76185696106575
5.2072406221269745,109.55736602844696
1.2821649510605826,126.76125105805774
79.5544391926648,339.1133309287008
47.71463759890493,232.71132173908262
13.088113855357598,178.7185427835585
23.556593459450127,146.54856601089062
93.25039530973825,291.639781102879
85.9502975624898,312.17935166808365
70.97850502239726,285.98299020466095
48.22252303373266,170.56636734885873
52.032362619138574,174.46651733343145
97.52445352839587,362.4246630776363
96.57704438842872,324.5361138314763
21.526904578583427,146.91744226598485
81.11045663053181,287.8111102170797
19.72426661670168,212.57534316631848
21.35374778839514,205.88000570089127
67.60930341645768,217.54309633699916
40.50010985875484,179.0833863501538
93.15444071065203,368.2505718885712
8.900973489600883,147.29602099584093
51.152564080949304,226.15654960465434
91.85215304431212,282.30046914588115
90.41136604795051,297.6313023382456
15.652921341574121,117.63216284174081
36.663770009645646,203.18378803400546
61.912140004669624,325.66400355510336
15.939488477140218,111.27103464584982
96.80221720457386,299.31729518340916
91.47493287276603,324.16958637869027
16.695017903446917,184.66309668186864
12.115546126098542,70.09122706607468
8.54084828082653,181.83064230421073
90.94436640366311,320.20354257809436
19.362380979546078,117.85453199959659
41.62849285443547,137.4952767702115
44.8851365652003,241.6076735528237
59.901104421356756,242.6311749081785
7.173534374742497,125.03604609073771
22.675861740051594,119.21133677934992
93.1490386918926,319.5965902538288
90.84101072685695,306.8582897089603
78.12906474056922,291.1374806674361
1.9401245618215435,76.99355335431662
32.70067684961021,117.92201646824022
62.79587353429078,370.5090523013363
27.519021177347568,112.07305099394353
90.95866950537773,334.9462848293872
63.38894618324419,184.74705896580036
7.19067173164456,34.889420775567984
90.9005588835703,331.3214732986958
95.77666581762226,346.696236760326
7.771241839172549,171.9128332488123
53.23602348613149,249.7132250332723
30.336428221417044,169.60818810203537
39.283907648140236,158.70160343813998
17.965121795534188,207.27927661386803
57.807210201241254,283.16292808441284
95.79793532488907,287.6412380111921
50.30726002716091,227.3476328802061
8.291458139448116,126.72194565115413
62.000133347740835,240.61939568616435
34.022299445125704,217.16862670624292
85.59251895912978,348.58559624738893
43.467814831647026,200.74437008804796
19.28396089422456,136.52432320652758
19.110562269114496,210.1406475355617
76.87641807211604,331.00185398599444
26.55875983073599,169.40745722064585
76.7233394159223,224.0250249262919
20.58873107665994,165.78396933181887
32.16863687013094,209.46538967259391
46.54869724396994,101.7697328954605
94.31958496934507,346.2780034268045
93.17314247538246,315.59636522221285
20.68718754222878,142.52931547693362
35.82190412430728,151.80313035625718
14.939938845377231,131.1844242692641
50.998507931349714,285.41014902515434
46.05825506946666,196.5732057880171
90.07601624507325,365.36277685363063
93.00053777910726,298.95389372907
38.35673910072921,227.4599371233397
49.173794301898944,223.00337771077488
89.62362491461332,338.7050729073
80.67078077450614,301.97456351422477
0.3656311344649277,127.60892774548782
32.00595641835825,73.19038370556147
42.17742419361259,146.37165725478343
22.97162836832317,174.78172591550953
19.957161589593873,64.87138848018955
3.7784506595679668,87.3713043964509
64.33697250697605,258.5815778563287
26.251029048316564,131.17276074664943
5.234717843131309,84.31434783581875
23.097931052806363,169.04401866220786
80.19139528361265,342.4702553598818
85.14891816465466,272.9959609337413
48.30662451933026,196.84123626404886
41.607067040868614,173.5935182069848
97.78536935017817,243.72179760753028
20.05646595880699,156.0370910259113
21.535928285460848,192.72879931185741
29.186717703639975,215.26428578289145
17.275731828108732,106.96105089623657
37.93655982041866,142.7644395943596
91.08342269897538,328.60745663635714
61.534784062857426,288.3389333922334
41.19465486122637,209.4291978053486
93.44107945712148,345.6392324981486
4.846423247582232,159.62199101653312
21.027617790186138,121.81723093458055
56.5888605101759,232.32028480981427
61.55526231931792,321.8959999278035
3.9557506562613143,101.70104001369816
40.30387579071322,148.03207157700302
64.91539648308728,234.43989732167444
69.80705464034016,235.4846169344999
63.813990251626926,274.3947428833042
32.05632243609246,142.86488616340083
9.352012359790951,134.65642455514623
42.71124464193341,176.1540813470803
12.875443736805547,43.845338975979004
94.76236585206671,349.66284621399717
47.51708660226283,224.96955540708421
31.725917435686757,200.85613342577665
76.63040711189001,263.57635084306503
49.79485925822639,192.05416123171477
31.003402401245005,194.21155474382002
81.19677423908017,366.1908209404116
86.7152151001122,317.2526833447548
67.3008166288677,285.9169257438709
4.6964422407667294,98.36143389578828
56.632288016653206,177.35789491973046
76.32949119972817,331.07367740346876
13.650301208358218,171.92037290458478
22.867075138460336,186.73947673809957
88.24951050681365,313.05392719835316
2.0121721853074037,129.87097937579594
75.2727137825976,325.3667887699634
47.37732925144229,285.8501063058437
44.677215883960685,252.8207177699001
0.7096532494887176,104.42941838552512
81.93982309664928,250.41961557107413
35.98249006365665,196.4323964245368
54.07656313005429,245.86632322125124
67.73006863356595,298.82439087326725
70.26295764379158,331.9861326794792
95.59800588260723,335.0362728900732
53.13399532366091,320.2466654966071
39.97195509744276,126.73466322177362
95.37036264917079,355.87264621492756
64.21102350255211,227.3050778732869
29.81503562765556,95.18752231483408
12.646424540357115,123.22122832607506
84.25545014651813,250.01288231639342
36.21816027941516,183.82918492134928
66.04697213644312,266.564006648293
47.08164193658981,264.2410761603582
19.892977979503833,87.00928996164461
60.16866086204651,288.217558739866
6.068306895068232,119.25140928052862
41.334245987119225,246.14093549805213
54.661493966367104,218.6907056694223
43.604697411857906,153.58364081795747
74.86721752509908,236.51392340919028
82.79249545453125,253.23552487100892
77.1243074033178,312.6902502553549
3.881294781180211,171.15065160775293
19.41287704459722,125.02735606894437
53.66075092637743,260.3270828884413
93.48220404438013,270.32262703331094
83.49567750521169,316.24146836020407
84.25345083518016,338.4492082024928
30.32081937596749,115.55274468527895
42.94478970787026,198.8793923383166
47.070594731593744,247.46225529083614
15.737158334991042,17.283221223057424
3.1068130244456316,163.32862403319476
94.69028994605169,351.44057300087576
24.07125856635067,189.9976360716728
23.99489037236313,142.81601966323854
8.337905376875954,49.1708083736885
92.85077519437786,354.34665401358393
57.9737114939772,241.49810411230897
66.70368571253539,268.09537941199204
91.15768872630525,373.1441648701463
34.56201689007895,218.11074783886374
62.15073111380841,335.310006681264
3.879945472888746,116.10097657497175
18.677252823112934,117.9352039880137
83.12458050899426,299.9723589265068
76.67683563383358,308.98578450317683
35.06426914571469,229.9254341810297
37.681062777421246,133.16663596828744
53.35544335535795,233.74381629523538
0.02410046851345493,167.02531237059253
24.124433603802785,150.31718190889347
20.823180860821445,190.7927469714122
25.048294674976347,183.1369160879995
80.59058425334413,341.2450890090519
27.967385654644318,136.2283362744946
19.152132205014816,114.37155371877091
50.42634607930315,226.90927828462227
86.56450363727319,252.66309494671384
24.134970383749987,149.1148545206677
7.853624279279869,130.1550066907206
35.64047358496647,263.35103771131384
74.76518245649778,303.6680665620278
55.06905446947946,263.6852979973184
81.67933695743474,352.64641829260154
95.9592147609234,299.7634096348172
79.26624767516171,291.2973467575037
60.38030788437534,351.86018198584554
49.33415880523805,220.0435129906876
4.006908634826667,156.46642876797245
98.43219788140412,386.17685731877793
38.348112257504255,134.3732855764563
15.222821391686681,150.97455933866516
66.67088553964568,272.78264977498446
28.428828909545935,184.8000241565403
58.57782709310476,215.06968026741242
58.67679078445912,200.22248476575757
44.572982090286914,191.62803535035184
83.61186155450426,304.9608881378922
26.496706155544302,215.54310264023502
44.86325916177341,287.7674555162777
53.76921285909715,292.52855544015966
66.36247207672996,301.6942289390301
78.39718505055895,254.2073357457762
39.480728287825606,181.6896748937029
64.6046944096596,270.24571994167775
15.061095306851913,111.34008043413435
93.26481005424786,357.17669519842735
38.305880642100355,225.7405621997991
72.95214219764384,304.692730388686
2.0341081882177647,147.73604700157478
20.5187142904807,113.66122300450382
48.7082544323578,260.58102100311396
87.82524677323465,290.62075316349257
52.72551499506771,192.66610008372731
92.98704822938791,354.60633896892745
48.37968965827963,271.5357045559638
49.044909673594994,242.9160997099388
11.974678850053188,130.8022495754397
80.26562441522198,313.56802649633573
24.69654124670625,167.41740187117864
89.9612489372315,278.05787895505625
91.0824220330396,276.00678175851215
94.33101118741497,332.5479733077764
52.023048910309,233.38006992482215
67.70937847836443,269.7449303650909
77.85158800616635,322.75821149048676
13.10146186504656,123.7887351019
60.09571949974972,273.6620757898674
3.4297901303311673,102.55893563458338
49.75660833887259,300.252461722581
15.48426816202274,142.06876904526615
18.29229259620847,243.1166128971846
36.50475666926015,205.90735153881195
43.243716671650304,199.21924230217203
62.317242453218725,218.3715280630188
7.442841843851566,58.57565326878695
50.36917612374447,184.6739344449615
18.262513025310113,109.06021804584685
57.397517503174186,259.92030046808986
63.74046122611835,237.46001646754172
55.67092565528539,246.95442351551986
73.82955104783076,337.91065154980777
33.56092442409013,180.24904019561282
76.5106591633131,377.7800664106493
43.27670817081937,159.2720957402088
48.41844983225968,214.78108851374128
64.81021272610714,239.58739063559756
1.835838399922396,143.5530002173519
65.39942214202483,170.31191247117948
61.858514907211536,194.60540343326718
30.984711675327993,172.99560926749467
8.579428489948949,185.9937189545708
9.093544991304114,132.1300232868599
92.32237469852286,274.574737266133
68.92793212258371,222.5116542988977
12.710261377074039,201.38047376337792
35.67231693089064,163.33844793525466
59.248299390159644,208.88871016891878
83.55717050906487,370.3590856008186
4.366092871300853,152.9819737015234
23.663313147000885,212.16559809283086
88.97489902953801,282.91070759539554
0.9165550183816484,38.83929101938172
20.13991027938874,155.89017415344526
95.90241759729659,353.6989835329732
61.34018465221711,268.5197379221538
26.167136663750647,226.9177582853564
6.699109439584761,44.614307043406725
2.8191340447222157,142.815490749143
24.474507963692727,115.56113006094432
88.14858195889104,355.9743657515507
41.59136542975095,184.2178161109854
72.0333369165993,246.2180049838475
91.82850353799577,304.1962261964844
40.80404616028166,141.86543064400507
19.127737103739705,149.5013908246059
51.71179308569195,197.13236762317786
90.80836870598544,359.7348990161223
80.43744141377006,327.723168820872
6.582984336315379,186.69331951976977
69.25728000775818,288.3842733069645
57.18975224589538,264.6372051742431
90.74631763464255,385.11701683327885
12.248141685029722,104.50641632960533
53.40361132046566,171.589970868721
87.94626935118923,328.19059672280054
41.0023786741743,143.31720999537526
48.19949177328671,322.5949707409261
7.046067766695829,178.17124870697725
27.814364044891082,259.56825376715307
32.45066491689473,183.7247718818034
94.51224487448869,359.18725410861344
28.266736054115903,151.55034179196406
46.0868735269652,251.95131454460255
67.13044235642798,217.25336971524374
16.21833724078774,34.7403236710022
48.64423871418745,188.7130418862523
73.85390394759077,224.0797130688673
86.6855213027066,378.2030190855301
62.62592746624267,332.10617005963303
66.90535153169479,208.89444455430754
12.628347258456895,185.31276064796535
94.57764972463471,376.0265441673494
13.257407748448236,67.83288183541754
77.46729371817983,277.4311341379878
26.481632177831884,142.06633974815412
93.35931437012516,364.5186719226775
71.99595393694796,228.86645844705058
75.38137129783689,284.33982770541354
21.905917305988332,126.22645389684052
44.30399766351608,230.45337778445165
61.78131945892864,245.4336553184142
76.99736182066009,270.22448024994054
10.395937591238958,117.1156292733427
96.23653164545284,425.3009930787333
89.0220670554556,305.2100374118921
27.034859049558435,124.27607341445616
82.2760243032332,329.9638436039091
51.832392303982346,223.60962970514453
46.18064815620186,156.57074186375982
31.44341058114054,271.45004316626716
58.096858663159246,230.5772424850482
72.98891177035978,266.7510018813145
41.09329049627583,209.38318405665163
62.92191930082921,329.28639302806874
69.93129211553037,204.94234190705276
71.11218170152858,289.2628593321692
5.196609813118025,199.8325872930564
85.97478056850669,320.29271462636365
45.82533147650479,163.16719665336262
26.241608169621443,139.87558840560666
24.176450747968158,169.04848487500809
48.301411284395044,276.12169172847206
88.68315394689591,307.5898000764098
37.83475816826469,228.9797848271034
74.97257467835433,227.71284480579487
9.68187309872186,64.13870772109917
47.60567021510618,198.9272287206534
99.16861403927356,407.750792045655
77.0437802792337,295.4749835222589
21.0528488440613,164.689731406873
50.14414736979107,236.92988391631337
23.362476364856654,204.5548445439822
40.95609272625092,177.00196936079112
78.00840237349648,323.6571423213493
77.12248152904037,258.2372890068863
22.810037790238514,239.5392525887986
92.22233181548602,297.2555175845445
59.25681827648268,211.43019457267008
37.992429096201455,217.8501128418761
50.19355807808606,228.80349687840106
60.50712534377437,264.8665240810206
55.98905318457854,249.430034800054
48.64050355361782,176.2354368780792
50.49328040894001,293.35708001598556
17.641191042788616,181.27884580514598
81.27329043046794,359.72240681464694
54.176031994101535,213.4588469006345
13.107986170470308,150.09944835122664
76.61571015827779,299.7508001453422
93.24439783773508,380.04160031445076
94.7306899236962,385.0989064049121
36.901773241117276,200.28632142213834
13.551687356075403,70.72478557576623
51.839962663306515,303.6428285433652
11.260922934922068,151.28419234338506
93.39874185126172,308.18280106854957
18.357962735514597,162.80911284897496
25.276585995116406,100.3223422735649
40.663652688497045,245.56714891423417
38.31644685591258,134.58127888428925
79.4662892397889,289.47789300541154
45.631682055096235,224.24974474862609
17.07682600033369,185.9130432122077
26.72098954860741,171.23527046717592
50.9113385187522,253.69600843368585
14.745391742613489,135.69159372072463
61.16556756460141,251.57482081154643
56.57473065511459,244.99311191669923
71.47023163822577,270.80981483607405
93.77046153793677,264.25631446789856
91.22545611011557,296.09750286513116
94.60756180688314,346.70277403274235
24.471559702370094,150.8142074371675
13.156530663935461,126.40888199735124
30.22767004964485,162.1160295231291
89.50851727663147,287.8412388385136
97.20534746234883,322.4979409021208
85.9324951070476,302.0654876852754
11.00177211275436,127.71841090154587
94.74279980597932,353.22352522535994
42.3358027350786,198.32770294877835
0.9310290762353679,59.48871424283268
44.23937407481936,152.4311619416414
4.606916967546759,219.58379743452272
54.387792116111754,188.96346940841136
33.855402743705135,163.06108772426174
47.343493359404874,239.86855686068404
61.3170360743117,268.3062139079826
86.88010958178202,338.87091716302325
66.19015764719286,247.05612828192304
43.40488684781807,218.4374375884339
81.9427853670365,307.4091696386082
90.55821375731323,313.4092932244234
11.975996643219721,140.15027619730526
53.19329775527915,276.8917807822444
28.451195974244413,170.20434852845395
4.706119787694741,111.11845936375444
66.85466951139854,311.57756709641455
86.27707774592255,355.69014025155286
16.290265447739404,206.6254185223101
81.24136576239005,230.0353676004006
85.33957335369416,351.0064623015884
91.43404426664836,353.6138785649094
26.528508908605243,129.47365993571864
90.39530651898893,336.455594217894
32.06627547364322,223.89766160865906
55.23380134555028,203.58730489412264
5.050747083228213,131.03969971799756
4.388108836874361,147.22298538258778
72.03732127322029,235.5334806789548
44.4479977977791,205.20019113880943
25.629237536921757,176.59489821610399
19.04134960249102,114.48028287140086
66.9953490859218,230.91115986453528
0.04015440253398728,94.48184858679592
80.58911691968542,334.825052843392
7.924960612992882,146.5949868712337
19.148961490811946,112.03328401516768
38.62363952990896,223.69257632628367
48.48587397161036,186.4353687024858
35.49951158139418,121.75758391830233
32.071216498429386,164.9030145969654
96.39160120731884,387.7001999282045
64.15796812433942,287.6861919137881
2.343295536738821,105.79284371741569
43.01759084443132,190.20692460999004
87.50086997439702,302.5361017551119
30.145618641066797,179.89004805573506
9.455634477438824,79.186691119242
75.83847715899178,275.11316937746244
60.60138319360813,242.53467975480618
57.03125078265039,186.36660649091436
5.357655960740793,78.51045845857564
14.049900979551733,152.20390805470544
62.25493962131138,256.03308963009505
20.782384145883583,139.10991058845255
50.40700797484243,188.0975357810178
54.488168602939346,301.82533742297557
28.35071902709394,136.01263039979455
94.84251555414929,347.57382022382217
84.24641068355751,290.31820888153334
72.23735076327985,282.10277869421117
7.7993866409409085,138.53734281933885
10.613001930901945,69.5229108513501
49.27813458649557,222.9200672970873
16.071334919098568,189.71866233501567
97.8265463529474,417.8537403250037
15.852023402740944,134.22082064231932
48.746783546397396,223.60110757841468
36.41210568415054,283.0328855434784
63.938642145409794,307.06518690289016
12.90364088894249,106.57694682314411
43.03164280423909,181.82626955610212
27.470503280714365,208.47354643514257
88.77515246716881,279.87363076954165
4.058571213469508,155.40135396430185
91.37274940064593,342.3404402253274
83.29941385530005,329.78833293773545
29.757071644081545,163.7112563667829
78.92906546771047,271.1187711656116
3.121356033874756,168.62967498631096
96.68655502933936,331.45087066661785
52.65949425897893,214.55176121912078
30.328102606544526,172.4861497963284
36.25832125946771,198.6764986412371
6.640535346049736,73.71380737473652
98.93495140420391,323.8358717219786
3.9291945150692453,84.10973092004993
65.49071231478591,298.8947101667626
44.273592770645834,173.82346494218518
94.89162181887151,264.1802449482454
24.599974030679515,79.65886733308945
53.20868239380113,171.84646688818398
48.2356208582753,277.2359172207357
70.28664440501014,276.39088739520633
6.801023195242051,137.8570513324435
19.378913002335484,170.76788124415486
21.456482009284983,155.97873975995336
73.81507548416897,281.42640912040986
18.913869632674007,190.74224847324982
57.349176389097664,249.44710829487764
21.52438205009537,212.02047577540193
86.16249500839784,341.2358984675758
94.21854544896385,309.8429187432717
51.84929749422405,208.93995779068732
35.23088842091783,157.81101136984898
23.405777501749913,209.17059014641782
4.978100152304377,95.59308521049302
26.85000761974954,133.90451837463047
65.42357799453178,276.86332639243443
53.36169313092108,229.36159050342073
94.40412782809274,348.2658572791978
39.62772624917006,277.69511768039825
69.38633423283946,311.4541921623414
48.93227474751214,223.4544623324006
51.25762159242117,169.54652858898734
26.777431460411748,146.14261393133373
45.49507768419997,243.3208028950496
47.07849970127073,168.9750281869572
70.66425217489339,365.73580677250925
94.06399991861139,335.75980160653546
32.93212774825043,184.362659214989
4.2200468581298445,82.81431052643951
49.62951255006397,244.74058060774445
54.446133214916856,187.93660991846394
16.844055113191526,232.180602306317
76.04646062760668,344.9246185330428
98.49291084414916,387.1839799772414
94.57747170084609,278.5948108746817
19.71060388236522,157.82273910432716
87.53632399007607,369.14491007983855
70.44936364116847,300.7995889283712
45.384656380691155,171.7688414974633
54.0610994324729,208.10556535410356
84.9600174982458,293.59721810428414
48.01349396383732,194.92767360338087
37.320736910512686,256.9067622520239
49.32474930259858,143.38802546825048
57.91298040350491,272.07199964329317
18.907765377834885,93.50306685036904
90.09077302669907,285.23401632031033
67.41869488296139,184.93167989084185
63.326891733748894,235.47379224560558
9.949622618063813,187.7281225201943
60.41739381725918,262.0615104054582
12.096066223849233,80.38227341823315
7.869767519539906,161.99289870006405
52.73108956423933,283.05619942366263
40.2785534046495,205.02524256282445
58.88102701562232,331.8584081040337
8.92221680572386,156.48675853894196
43.09830628472584,236.14755744476386
17.4786715045158,110.27206744019847
98.71000859241165,372.8779668768595
56.11502124351744,249.3071650640219
68.74368609408673,293.4867269090021
32.541828068260784,152.8723512224827
9.473891477934416,129.01428918999397
97.58708627835367,309.98215209518395
28.62590353831832,82.23322036185681
42.38081851735742,247.48655783465495
64.9863921702575,199.95901164725967
2.4697297686111286,110.63382265352726
81.0259130517287,316.41935289194373
53.65781900286203,247.73121812675186
27.821718706882216,157.7767777419253
6.160798529246925,126.68576332638744
16.249841547444145,160.21921237911923
89.50338588534369,354.33671265801445
68.60242239358911,343.6259696685131
24.990172163688985,172.2190898038197
6.560076494502953,119.06494663889013
69.06153123866363,234.9293241111076
57.24077259677651,261.23950011706756
40.4519524458235,228.89638852352326
36.361144919006385,182.90207869062473
21.68142759291083,176.8621994769357
66.96112565375176,255.23266326120222
97.06680277938705,370.5836898220878
17.571524583682585,181.89767641053828
59.71166200155034,286.66661237589517
42.41850557459762,210.94918302376024
44.668872174466486,168.40425343730146
25.41472801278144,138.07814685028853
82.5134875661419,331.0452691634498
48.52556041472411,323.1968595812041
54.34058521982641,221.6757582967578
30.476091279732575,195.1553776235349
18.180846566694974,122.31752193214572
8.591038820282048,80.95564942726674
71.41191409249159,250.39162987720331
19.623428168785562,62.41721960266304
69.00753541887977,328.8285720794627
39.03764460469539,104.80943072028178
41.57748009896515,192.96711351688216
46.91774960927717,168.27830397136407
36.77085081275432,155.13244390814467
10.061997722259008,182.42528845960487
30.963181000284578,185.77335468445375
66.37343606939385,225.76823465225175
66.57844014688709,241.91921056412335
28.622430723999436,139.70819232085302
46.0102626557688,213.2139367731012
19.344722801193747,155.55497420187686
21.037208152983577,231.45850369693684
2.3047088406607408,26.033982820669067
89.67465499077446,322.73826937906074
21.07066650749062,139.54745662653383
22.75338769364633,196.264668104919
27.96014326451318,184.662583726889
12.7408071695429,156.41406714035296
63.92628831813628,274.17304883620494
7.514295317758657,80.01020088043259
13.420242632635027,183.9453681875199
64.47567265900929,294.41101816955984
33.96606204814427,223.00581792771445
70.7947826701189,329.57782728548324
55.742474467014205,256.73357963497233
25.602117306151307,225.62205636297068
65.08279504893281,278.4187009075324
11.627368029288066,119.95447655448312
53.64103830800304,233.82783974381877
43.71481050450347,208.29500509456508
26.787358281744076,145.35909375303206
60.40049977395001,318.8960666480318
87.13335923402825,330.16078159655666
99.89046997630767,353.66777396949726
60.77627687434245,268.0948619953579
40.470587432917014,325.1534648940961
22.52071002162016,109.21633354409651
25.709608939511174,129.11615277429425
47.94549781497657,162.42501825840708
36.72777012807092,182.14212236338054
91.38145226249442,338.6684377791708
36.82954676557095,172.7141002487618
37.34445911454355,170.90578733570433
38.35345124339769,201.8083897119803
83.66202103676581,288.26483140917003
65.07883208469019,275.6019610260963
61.416885031889265,299.89998834384045
33.41430223838622,211.70364217768395
81.79041768324394,341.1306486120016
3.8363861355701134,154.77065520032926
87.07971723381132,329.4663728419337
51.27498997939296,221.58720711991003
39.82502348634128,167.4329310501713
49.71672807176857,208.0168331027279
66.7415530533831,245.0659198357574
1.276542651789736,133.6326203990408
87.15518564582477,332.31586965506415
44.673952531139285,240.67352707909677
34.296651970007815,137.4657569516318
13.82455656340571,194.12940036001993
43.94653743584421,192.101803862527
49.632277128437885,178.31444537128917
40.36466944934778,182.6379965349266
67.86600938268971,373.0022318918457
42.0896528759226,189.09315255403484
96.14175778465733,326.8287394948822
59.92775178235918,241.82685460338132
80.74779356519089,295.68612542179966
10.935590310947884,94.82562494650728
39.72912929459057,205.2812107311417
33.68477014471527,228.96210535135103
56.94823881365918,255.44661973495016
86.11135200614257,269.04829214033845
7.833821776200667,105.25802583107935
7.257479804471078,95.19737442577424
85.03177081575988,314.78197626495097
21.285008603835742,208.56602989459756
66.87532544498137,260.99403743235894
54.28781323608052,232.05184535866093
83.28935948872295,382.1824003806503
12.508890983640352,167.72682159707364
12.978296572261128,156.33042190570148
55.681836027830755,320.6727539295068
94.63786533583709,356.9732851105541
41.499775837075425,121.0998784242063
32.694210025469495,216.3786255955527
60.66893231978858,185.4367392603664
93.0448600545031,351.4178561191867
83.69278328446237,237.93157103593217
99.54836107332198,329.44735996730935
2.256858320237709,90.50687223860899
11.285814471276224,96.17369217703272
60.946776336662204,237.8529360383285
82.05764393338497,348.10389188920556
28.524434230676654,141.60703893265404
23.921108803421877,182.48338558511787
78.69757993812009,256.5680482582735
5.638185385323158,106.21132410298097
36.93826475825851,205.81901077948947
50.58092225923298,184.99169099800667
56.03486743503234,185.51297432417982
72.86151567927769,302.61840427173433
35.48457234306582,235.43724708287164
61.26843446746072,249.88158207564268
58.53754227909563,227.31732933174675
54.76161006537471,243.38090745982984
64.04832931422122,262.42906808257965
25.94491710680763,174.96826513068362
8.464875358462898,15.9744244578892
11.927167203974342,85.33778046686272
22.458238265390108,120.97975482265758
50.01979355227852,231.32633911590725
84.04427505460201,317.8441462878746
70.12933420883842,301.7916565948927
78.90406042020471,307.9768526184854
35.09756239260914,133.62675827572795
40.465374164855014,261.36613494994526
39.368188599061284,251.33869617157941
19.187318440450152,95.62093487625889
6.121665814357202,129.14638496036886
59.09160928272268,222.95636185753355
98.92166834205861,353.0816140760356
16.682970495026282,185.5304531406821
4.6684819899273755,200.29429958770402
77.9531681823933,326.1398669802023
25.25860066847242,175.4172760870441
82.96438053529283,293.2726746225749
70.39366670345154,283.5618971829747
94.56735370508046,392.9917619417729
40.8927235756672,200.3716988764936
66.19698394506341,228.62569865303377
46.48547808132707,148.82641728234884
63.05886973085435,278.9925565289979
44.95989060077373,222.6881613455497
18.863224642407484,120.28501972946887
50.78974160033809,269.6617230533299
52.85842014374423,214.59800280640619
81.0603848260161,297.04908788567707
73.55207057935812,283.1868643484876
66.3791623941444,251.34649958337553
11.338709555257253,138.1599517537984
72.0616290663715,328.06291794628197
50.03051563545148,177.5432725357188
89.40995361061593,343.84978883838653
91.98709341305428,337.1304035982245
5.515659060178546,120.18649947459731
82.06415603544788,341.4335270544136
3.769739042267062,111.47536944918411
36.716962569502265,211.7723689010162
54.22999756210791,265.358577647899
14.810079862712744,116.04106025125924
74.63138125690769,299.0259960036836
0.8354704172138572,91.65464509301253
16.859904843403683,136.62953002248486
58.07968298534757,231.79982694358142
71.43875620372924,298.19621429954367
91.66431026939162,332.55760787853507
70.54966519346239,292.7891872784938
67.1779270254866,267.21600680368755
39.43411463506643,131.84575157691614
0.12844255268014138,101.62619090353097
12.015925873562194,132.68331448830588
53.455454475603915,243.73185229630678
67.51298858444197,244.08033864141723
41.74482838964625,154.6244935784918
73.06790115283903,308.65654360474565
52.186229533217876,219.08215935431895
7.4176195594312215,125.66866607334792
19.201625096794885,136.29390203104091
83.99982232439429,309.7473532462784
72.49127466244396,262.5356472683225
89.4761987012495,283.4133305733935
11.755724912093656,149.09894173698024
99.02225346150739,322.4627921967102
20.94067139499336,159.17288805595163
1.177987628664201,120.02218714760082
99.74229390535541,324.94136236050247
28.107388544511313,120.18074928821488
66.80194525125599,367.9422765190875
17.66823141763052,122.21260323016554
58.022853219914175,270.994435135674
90.40349864545593,406.70022466445994
32.01811674284386,212.90944320017624
67.02539760443592,255.0635559125323
18.79035887984165,144.1835165370028
62.479539871872525,221.55818463010982
33.64503518175101,220.7956119272263
21.12082585879517,176.36178579785349
31.318205070363515,156.89280075990337
17.884106850779936,101.35053211633769
90.19161078378828,270.5090311756762
39.71868863171289,240.3406860829911
24.527930497436735,166.32795629851296
44.840784101593286,221.04640264817255
32.053616680649554,145.89522293370044
74.4419253813326,225.2156935914143
97.12199118854944,382.8545639264598
43.80336566976468,211.25745041275275
86.10333999722404,353.00389343222844
56.58630735596195,225.40900134511176
15.723566509423348,129.4560980611786
69.06227420813416,302.3324918595064
51.343449712582014,258.82800278964027
65.06065232521034,295.8343884633652
88.9687412571665,310.1399902326334
44.043457065604606,235.67691124482002
90.11776232173557,371.4385445763861
75.0669014281655,283.30820878052083
48.860492587798475,200.7875223943711
60.32221356579637,306.67061515555946
32.55811325190115,154.1670356300703
98.35972997387742,372.0887261027011
66.7351163050396,264.40712760935924
4.38468524966299,34.34328347919437
32.662190574800874,228.61068910104973
62.33144337590575,141.08797015072804
5.63332777992398,31.533571925926893
2.3884191319142767,127.91064217966824
45.002423952780255,234.43488348308574
33.269017969267,156.64600302503626
43.82986080331659,215.72479747391492
26.269330988000515,60.3530537162836
16.47177469429809,170.59318631945976
68.91433569803377,282.6756806328135
51.45711162678005,226.74380586955382
20.015421124936683,150.90566371980856
31.958942625999832,200.4192212530868
59.18079076633259,246.74952758416975
7.2229348272477845,40.08716407973179
14.745300926617954,228.24176486119381
7.324560410739012,168.27077921974734
81.23173327141188,249.61914620588578
75.24092332120092,273.7428565547622
75.33129318792571,278.5080186747631
71.6325343476028,323.9669260804808
66.93854236698692,177.5098637911825
47.6991915378175,198.48671502737176
64.22781635071149,187.31817353113757
3.836155478797465,97.72897549180682
62.14644226567846,235.70768235853302
77.78777055368772,297.7851020463982
50.035836038439015,199.9237604511059
35.75133284272369,158.13196631897424
27.742673480097913,195.137531375125
64.28020501620824,279.61719468399593
69.28011986299087,296.14125530648175
87.09675998625426,310.38196284684125
34.233408246099074,161.7963082860155
76.97723073855856,287.49821338330617
56.135582418933794,261.1898290559019
88.28364906780791,230.1440942618591
52.78121082956208,248.3500736624503
51.76298283979672,242.2691668560506
57.787708144090914,247.05506191860258
74.93153551424344,281.11664639543886
96.4690478828461,234.4090942200575
7.356335421576565,100.09072152781077
5.3434602391017165,187.80833773427815
93.75503374073385,334.92434339966917
52.98756255182061,219.684097261506
61.49030145669361,254.42913675542277
48.24236015947289,235.36624335447976
9.365745260747449,150.82461240640032
76.80893784186665,282.49977396093334
74.72246450885869,304.4849625971383
31.1703321492812,247.68297093915749
30.623924522840042,218.42492618076813
83.78413809055185,406.82865284010575
7.235725774132662,90.76435080447965
88.11051483565659,390.0142354427429
25.66616898959144,131.2694061114554
59.298474775549394,262.95632417014275
93.59941790017777,364.4732674101497
67.81225015366465,248.2797147503657
41.44298124670366,207.26721128372495
68.95342089054152,310.2633319628185
34.39796363163702,156.44405280547255
27.725841634918613,238.76938647511096
99.66832779346797,291.56460761225316
75.07902311797878,368.3985173520226
64.47199773818177,302.84021830057986
35.52896432193188,185.08937371091017
4.916082915504816,95.53717620654683
3.105687603515561,86.66928275839349
55.418125544879885,232.8955294526785
76.2032721039051,288.4905075127858
53.73791904438551,286.56854842678985
84.07850719391146,392.1022203632336
3.3426533093221633,116.65184485116313
36.67520764259401,156.50560353962928
23.707039117417807,136.56263855906099
44.7272968157122,204.2007407817583
7.2376393194122475,75.23581654961961
95.41316415710726,289.48299435158447
22.325540106936092,243.06493290020688
92.23077754835847,343.1671947638226
42.58931550366818,171.81074303374072
98.5524133255218,380.35586572988456
55.40583834602108,189.48944636575158
93.08328641758075,287.1085799364191
0.5348988694222845,67.92662788467253
74.82388061809002,355.89580940469074
90.30506531025154,315.2415754821674
13.972056697895407,33.34280034621308
9.612585173215148,174.37631664711031
42.457260718595556,193.39613980599967
93.36789061329351,256.47501388502485
54.23865601904387,222.4210076807521
52.74564637217322,253.54050912514117
14.112611829932186,152.09201537126305
0.07895110932187865,175.02052299287266
81.01400907454612,267.05557308275814
8.757456298623822,123.83743368854513
63.384981873532396,229.35683983484316
91.46164545151915,264.4911010787444
20.865191315843102,189.00538893540931
66.52728362369108,285.59256267044435
7.869857670750946,131.4771002748222
60.3755143837613,268.69541331095536
16.393172095320274,112.46379789399838
73.5953560515178,242.1463956854648
30.12312947939082,176.87414450184988
46.33910088046462,264.1600107176091
59.94305420276217,316.7617652123779
17.12734106662396,175.91237024502004
74.16378186176209,286.623258140284
30.264034063681457,186.88445904468557
66.23718599127535,266.07532807569794
15.828305069937365,96.88633867775901
68.81176592063503,273.0548702056487
12.818807281046174,76.51148164821029
42.535649626998364,201.1768848653623
24.72060737388768,229.87175344881848
74.83752494281826,321.3289115053924
26.203500450687457,127.10233126405974
88.17173063953962,317.4159115312769
89.18202114066128,288.2407846402168
19.644131522278585,146.5094403518436
61.38459450077243,296.77682906631355
8.771764171996432,149.09783838669279
39.15370996016292,301.23721371225867
71.33217295012723,327.9435143906342
65.94232468499163,273.34325777752014
62.47006694066079,284.3480259171048
28.25408636624436,162.21255752134837
37.8024949434402,147.5963667265116
10.294614470028618,180.06343606938321
71.9022820433601,321.73484600658344
50.38887967912735,215.94312653477309
70.87656323456545,288.5885181320392
24.894352479687278,213.8652181998841
32.443822863506625,216.32205060630798
33.42153372601147,122.68143352796045
2.57424097472162,116.57142562417131
34.10478728306236,178.28765019968515
80.33045735180335,347.13259317331983
89.72984957497385,367.221208688604
51.821831563592745,284.41532359719815
45.55016952192202,167.36537389127548
3.0824618699370254,75.08315505532522
87.92043375853827,366.15253991204867
1.3010213425872719,78.63709959702726
94.47500802102118,272.8882247332614
48.92162486880907,244.462765695881
34.19344935747266,162.71657279790594
92.421843484266,405.5189432891164
2.4390993110096737,118.420521470374
58.14248948690871,252.02381935904205
54.89325244993376,221.87072053335092
21.932040121138208,221.0168839928455
42.88874313502106,222.13953408706809
65.22640059437703,246.0703585874833
72.71311968819275,248.74490686294337
0.07168587065797816,97.12236456414381
93.68534300910153,293.53831193129844
16.45253723928124,183.9378405549983
23.35804342223592,83.15894688964164
26.347344569384823,160.06387329192967
3.782013655203531,134.83967081882935
12.305212359032492,144.9969264944624
98.63499229441621,316.7448867434133
31.521673737728605,206.27428088306965
11.530109033904933,91.96155948432774
10.699126117462331,125.81650053974471
71.94599676699718,306.9848931446767
85.45686640326409,332.9016753679478
25.695229950846986,136.153043021028
2.090951233523497,155.04919738056634
22.30900184453558,159.37943659709384
5.651569079675733,145.04128395854124
10.339493663004152,189.46705807229046
43.15081198476424,254.3715283260451
22.991837086163258,204.08263272875263
51.59458785254234,237.00292775645354
25.349375325719038,196.40514875656146
94.05373011029477,344.02102145108245
90.59439679262645,276.171986972454
56.6806105010466,254.29719689224117
35.44239919873861,199.27190955625895
38.114688203473555,219.57280981069584
41.185228314449695,197.63775022606922
72.7579322134944,250.21443398340955
45.16389955188379,240.22371732861657
85.67299465058974,259.5437273855219
94.40947859303645,396.7179396444024
33.59461533789339,174.3583783257298
56.06944813756801,250.38883223110375
9.505653683256444,147.00297413148817
20.0469047766359,174.69286761151395
41.34657667101601,144.74557935779944
20.620271590177886,185.836842404864
87.65604907887176,331.75285289974914
15.828625605909806,113.14148231511778
45.566082155309196,182.7252743730264
60.56992404598757,237.52651491649854
69.18639081608444,218.93176416622146
38.306936972650675,267.42236343383917
86.90990687247286,379.1061674462612
56.831915107792554,260.87279723886775
43.95077804475518,200.58244281879186
6.724063405203662,108.60947080953727
46.4689468445165,247.71172875816222
82.07358408157303,378.31843633767664
61.45410182213155,229.90386965581294
83.21624537291183,261.54339019329115
49.401167059930565,287.89258949532035
11.846170509448184,55.26143589014177
1.363984583588107,61.449986704233645
30.321954671859118,165.53435170639384
69.79904714977924,209.57570534607748
79.02599039416938,343.8359934070139
29.575283462032942,209.58979532291124
49.565392088324714,199.99917923387906
42.111890443408164,258.518135582128
41.05227843514279,262.92858010928535
23.134871320015048,153.12870781369165
13.637110502945838,115.34270417351843
19.668855823121312,243.18299501604784
5.53323871633461,143.83707049309612
19.813074182357703,160.19708547181858
0.9200897625379456,159.03062176232615
62.72584006359783,269.3764393400488
31.637540738768287,158.0574820632328
97.31447114269086,346.62122870384104
19.371705077629787,191.64252630308994
34.58285703095939,103.57216237972553
35.78411586415332,177.47675632995652
0.845149606246054,159.6550463061993
83.9207953039459,288.50567781314317
3.199446014432472,172.32453907620476
94.01798347292414,393.90544609529036
89.20743510936207,320.29224564372794
53.55219160859635,210.226372785956
54.35955749112921,223.94331338639662
65.37779229561563,374.30590004381935
38.7050011934887,274.74802591410037
64.72222833978554,267.0224685073533
4.476838868848687,85.88983821861707
5.404762734972657,118.38140498074247
45.723041961954436,224.4520363904154
54.96223011060349,185.675572767651
88.7817640335819,325.28453109575435
10.466063390789627,181.18385659765107
82.26479271938894,230.7996570179127
21.004733729206958,186.90190156342294
39.408364851003185,255.71945048084572
31.66024348274129,155.8285923080744
40.0155272865399,270.5250854300881
15.049549807258556,108.90236648332666
50.357007440355495,244.24378482396102
80.16425898313673,287.64735455831135
44.153401037889694,197.6109037896791
49.061357589819906,196.9706352811918
84.87675852813142,341.2561641655854
70.60581146380308,311.8291222114899
49.04544085197847,219.93331329217943
25.769564818917967,107.84236645048676
88.49267468449666,338.0056016728995
57.702040169055834,261.8130289679153
22.11476101106934,146.27046363226484
26.911975263801036,244.96618931836056
80.3133088936246,235.71591689256138
4.414556208745546,18.78619078079477
99.20921870288201,317.6166241766936
13.035167971479177,162.1451682266153
79.60685253969373,255.0886623633373
39.47753167716829,157.88048502964196
49.221618328746686,262.62133611257116
88.06505774645778,339.40697384486026
41.291118958921324,218.9154354144478
53.74937536732345,266.88482772351347
4.929966240916994,94.63474150029046
0.23474738674531537,84.81921709736214
24.47998730017259,194.89087541513805
68.05830929187672,214.1916914031488
12.126489335913671,41.16825688635558
11.376195880454942,110.41367997129785
41.096060803590326,241.46918179114817
64.78370386082265,272.5918337192715
71.20719922479304,313.68565399881606
17.84506740983748,60.72464282307132
7.958814737204245,133.0232973440556
94.03970339455442,362.3033239282218
26.066638256210172,108.9666012648366
85.33464976087238,349.20257360320994
86.34914504628183,311.23311334501403
77.25225917625444,420.9137651326297
16.88336066525701,51.624386045125505
82.18014592542004,362.4124366054001
76.92505592415867,275.9136724766531
59.67229901062171,181.89906950816214
33.720203516895275,162.3765136698932
26.25086042665441,177.17168879043243
12.188921208035897,173.63615573298048
50.975706690087144,299.0816771179839
58.52608755098465,305.4731519993447
35.93389905157872,149.66998033976574
47.53590676808685,265.86032550716055
36.35144573692667,207.158044567305
64.10060573207012,233.01672288127202
90.12592077965633,316.4982511012971
16.39202620469449,111.44702613761895
38.14088099031234,196.89543121853418
14.08686039508613,104.8596982751888
62.4943770407832,213.46619773421665
72.88705094885958,302.1514026636623
93.19127325974559,359.1365490779309
27.887192626096493,161.91299898712205
95.02112058654302,394.4540024181287
6.32626718206748,104.98044036938063
60.30138633645882,238.15651573720743
5.713271934332997,141.76285700407277
89.37741877619449,317.93397385096324
52.98090570700541,235.98027802780774
66.93483507627961,162.4741189716019
83.15739259104525,308.5885930558481
15.031062248396875,61.55707719058583
3.8591561938133845,58.85018086904294
87.88811459128522,264.16412541984334
31.49332274589325,135.356582580239
12.897890792716527,109.40963468142809
46.84612370870865,196.87475965284455
59.83060756960188,277.2137220443719
3.0970603422510123,116.99510699330395
27.489565825708773,89.62961780373593
3.2799874276896013,111.66544613329009
42.0335389195499,218.32487276178531
89.51000290662444,310.10498091296637
98.26524114935692,343.12993875682054
63.70475535036275,267.17975066815217
16.16376937845918,172.22062797430326
90.58493899993057,260.93938679804273
51.62478232000605,218.89713317924338
15.374931210291809,201.1917268782687
92.17266694516614,389.3719319991379
75.7469050723103,324.7705361506333
73.17052727231516,305.26093602506194
70.91807037944046,346.1363374710255
20.03398210964423,229.8771173700439
21.100669170752607,147.3812935636853
68.8292998427255,231.7399642833073
21.972275011039688,143.68516212458948
43.86716968030488,338.50609604214344
78.20018255939414,230.2073072124677
78.3952518097841,276.4113250736597
45.326177252585964,154.54035702623082
79.21899382752451,303.238291328308
83.86217961980567,259.6174285971583
65.47757512842603,259.1693460730386
22.842585230842015,75.97265634145295
27.401178038554754,194.19908377940425
31.484115540873535,229.56602442642105
11.6804107733952,113.22703332100026
27.315962036994513,162.66781438478878
20.951922431253212,145.5812400649571
45.532874980860214,221.35898514954206
90.84375478722649,325.52133939192436
10.448031675395807,158.0776234389406
72.02679239473956,331.36763584819556
68.72830044131277,237.9512771468923
9.575419866335766,111.06892224194543
92.25724049058,368.15502352539136
56.84722021568196,182.9694386395833
36.372552113568425,108.93942271731852
75.65385834953067,298.5505324213752
25.736545840163405,184.99188187534008
69.35098370463204,243.32612379034688
3.971120757224722,85.85299582465498
83.9408037609272,278.2241698083469
44.81708470213185,175.97424378243662
63.66929143579417,288.02615691549335
22.123781980668365,106.19475631569523
67.7073712658448,258.2213362251482
77.22402758932766,255.39351241141304
47.321318688439874,157.75592604091273
61.77269240617943,290.63553752856654
45.63259238223986,192.45412656960158
89.40913692578455,331.3629012918712
49.78691805143192,161.72372266963544
84.18087090288189,279.5837491492892
80.13520582702486,331.7950886863899
41.050482134835654,310.26976375154277
23.008449185747505,75.30055469497611
40.6082132559771,193.15343325139762
82.62173757752201,323.70729886438033
22.763253581939235,131.2752562432595
52.44363458577494,266.45349125225573
80.60967479607474,265.46373084703487
35.34774751283788,194.77020838554725
64.22096370026973,238.83158153410474
24.56315740488145,212.14238475156844
10.927944536815993,99.1796823409197
79.43842250928563,283.9563293672841
9.896862340870683,164.08759558937444
27.13813950795846,125.07374890457623
85.51094219974401,316.6377050519773
34.64692870786672,110.79068918198587
97.30453495141612,297.9978113807568
97.97343347738597,360.8321745527307
26.82760204535567,125.85098564431291
4.097822224989045,87.58757147784264
70.50632842053791,296.7807054877282
45.098650264834376,188.64955727116129
10.07528439595763,159.42259662964773
70.75228189780428,285.8533658118804
3.1174909111921223,125.92034495571973
87.01966904922422,369.17960846942015
13.865252911330373,147.96938680566106
12.7311878746725,195.8517882266035
17.567229796858452,181.83118738699002
96.02663584920666,318.2883250807428
69.3169360253846,327.0938304473191
80.13715354636368,311.32104287218004
39.7634985732753,182.98807740048488
33.631272750495555,195.66043266338374
23.448400678316993,204.8994148969683
48.0648028312409,239.0941809992456
55.18287335341685,313.7779283933602
63.17748436527554,303.1488691558744
25.71185039986945,186.04572537374725
94.86540809029907,294.4739062881687
16.975849820713584,134.961844310706
96.56531747664123,344.39488381275714
1.4856122507503788,132.6974191017359
48.11256918168456,246.79769603512403
33.336783811656275,190.39569678184034
44.91234139302508,217.28801773539308
57.0664578980789,272.64078992400357
43.558915801270906,173.17576661324497
41.4846850301595,274.253733096559
73.27234154133066,198.0083731345487
68.58762750864646,332.0214531212317
83.32712820358479,306.4378743372787
24.995898123949555,204.20212866217912
60.952850975406356,267.51972691762467
58.51947853928539,260.6954753333232
36.973781087268875,215.49423793392202
48.605754190268094,255.17512966667
31.378214330572874,164.7645128281508
14.18443976169852,178.51396902191604
21.380121066273283,108.33084809348338
10.55136464012011,126.15663283026944
68.30695751901241,305.54796433752057
66.07273931091515,306.57960447824956
95.06063715798729,356.82273598955675
72.96784136472412,266.0524913412072
5.204583875613144,150.31903168865904
88.42451739289542,293.2122776016449
86.26751629457257,388.5362529085055
44.332032077269865,207.3073432648876
58.586305052792156,182.40955856563681
97.60783324725189,294.31471763689797
53.23043638481663,234.89188665879894
90.53218283760897,332.14789450585573
8.303875781018643,202.70735441207103
19.105186870868284,104.55615025840821
44.07549434413178,211.83056263746894
58.47568083373047,202.11192141819635
81.62278518628003,283.56003314017664
98.82621151431869,417.12726938033006
38.885149647411644,149.9355486800248
4.741563614008493,136.27783847008027
80.11715032953248,316.63980616080124
60.43807190828081,250.08952636727884
19.854285886820165,171.2469014229611
49.48284566214202,175.44440810510324
74.23102455337244,354.48894222022665
77.04117870686437,372.6862399310904
49.9618411998762,226.86439630757638
30.521453012885914,277.1170843738586
97.37425820384935,326.83406844597545
66.33626109564929,282.5006458853012
40.82375193462987,261.6331960015549
28.04632242046524,151.01890251022533
73.11029830035622,225.2963280091081
24.21834455937677,93.49029221626185
17.17099889736882,228.66828957981647
52.98338889620703,210.44837517278805
28.998739264414187,164.76926082280679
62.890514492361504,210.92968105805258
11.793867487423348,168.94037189982353
65.49411045673216,231.2184390813964
28.329652799770223,150.38510914565796
0.024293443451273156,112.52229564955877
12.693605767417637,87.46433035955204
93.3615377835094,325.9739201975175
86.73546391153579,375.1776599312946
23.360903203623685,176.21980365205854
77.83719045454912,300.0241947465505
60.857159317397425,261.0823552848055
97.09047114498695,326.5361927179895
37.36056595340591,276.45143205517
68.14606125171713,236.5753150646217
6.353572242391858,124.65952413143086
39.6247346816406,203.84748114887128
96.38176611881805,382.9240298953011
53.89808744501205,280.6428255503527
28.787950333484456,170.63773187047212
12.027096312860685,142.16093477609869
70.35283401815305,289.55078992527314
64.48560434297268,166.6814435557843
37.39387136037746,127.37468646026711
95.09413518658343,312.5616328302823
2.2202812987850318,82.18536220805626
30.37238516318258,126.03475771755606
92.10694862995814,361.45379197381385
32.09354383194404,180.3219965923199
25.225283385517038,154.13083107421207
53.42204099312473,181.29269941583948
82.3801749920538,304.0971461737411
10.314676087836105,16.503339479606467
94.30207096457362,328.97537194432607
79.5072881181164,301.39697999840655
18.125025555155194,155.37744891852924
71.20079611981626,212.92745814604316
38.495872263755714,205.59319224160902
40.22946780763187,157.24486941229833
78.32900924388665,262.01967507274196
96.27848079807322,370.5657732350987
12.665587284719393,215.46127047940791
42.06302368788194,207.29434295021753
48.09416080843035,186.24010456838238
37.63118169549976,201.92759765043706
36.3189123716225,229.86563602560705
5.226866756159653,138.90380169972005
68.55386205626233,385.512003493447
43.62144171200454,179.2919489148857
19.479380264392677,159.19255400731427
81.60335023020684,368.45118455146746
80.25607481516279,362.4719164769492
48.63916280888938,140.4648172869675
29.845066114776053,174.4729713371264
63.80927257964524,321.2867422131284
28.815213577740305,292.30338023778756
23.600793032371204,188.2834455496567
73.05146540263266,267.323692760629
4.0325239720950705,68.09336226204368
9.476847103459395,216.00304619774482
0.6788174023589777,132.01637368462403
15.294318647542616,102.95192967968728
6.899000871045946,108.79517138823749
99.58023677799186,361.8559175026017
28.880996995408957,194.82759554128614
14.926801266924727,99.88832389383225
24.099625799591795,134.69564141238317
93.61255715401346,265.26096768744617
52.016022302439566,273.2994178556397
36.48180963078569,176.99147066883927
87.33914579092193,337.7492000311677
39.499027054903245,257.92070407120445
33.50085699576958,192.8998507674838
20.728252254973555,147.12048833135373
37.77968239094115,202.5173187289593
31.6684356016926,181.80026205528628
67.73039592981411,321.1727469323222
28.958270467072712,185.32812325487387
57.71997464225615,221.65010493856286
6.589216503197271,160.06885371517117
19.128915669651438,199.01665240667026
40.74052716113488,146.1700051899688
93.69492539086954,398.0088637194201
37.72519857156954,209.4868480072384
66.4074121199834,277.8039907535862
25.508722242139815,205.65247378490287
12.703357597323173,108.16931286817139
5.853660008005013,154.33221238925563
30.541349854275136,160.6776123594758
15.766102679690796,78.04985984798503
17.40104480161242,101.99091207367142
76.075930838695,313.7807988343542
1.5838070944874216,64.62326012965822
55.78101257354344,306.43982912414174
37.94613805934648,244.34554275285268
50.65499999085472,282.11530321912164
56.28302372146029,245.89897835634912
31.336769445727818,189.07026910795724
29.51088601842853,124.1127736044647
73.34018493349058,324.78008511320655
87.12769881211571,333.6222369379292
19.25816324585279,171.74818704879831
9.761876053514895,194.64698754999085
89.77958063920259,299.23783132217164
34.989546364739866,182.22574041576695
55.13173906628141,251.42050770648052
35.95431445200035,150.9669492669613
12.58023363460513,123.64552573789109
58.933164494772804,267.8421127737528
52.514085176962965,217.74604465947115
20.299355919119723,205.2089597050419
45.186904465227784,150.10516914627237
79.69475040156459,345.94982964898594
59.04261031078914,275.11518054929996
9.691732706699485,100.56318991135001
54.802149722913505,198.54530955904244
70.27382992895869,189.13431241301663
79.27034057807514,265.09255525487106
62.91175786342668,300.84723180159233
15.265816454078374,135.83109168625782
71.01732665901606,325.9291943839182
67.73418460815164,243.54569460224042
2.442688294063322,135.52590791734846
41.174766759024315,173.08535164673577
33.29502469623733,143.0647652798034
66.94120642536434,262.8959828312632
21.61358123109207,126.36798809241202
59.08719229742585,183.52878801398288
91.32059618141723,320.7162782052862
79.78023722086077,303.87884387991244
92.14577362165303,383.13455756730104
97.850596693269,383.6023388178062
1.0670127006162766,153.4233296142858
62.27412763774775,285.6558288692229
41.283939775890644,217.04821992324685
85.98544903351217,263.83330824081503
25.181470200913168,169.18911579854569
98.10294891150761,370.08700725439365
61.370796954374725,314.0637712148677
79.35374022288309,326.937419684986
8.559955282276832,173.00610308415605
18.345788475886504,102.92814726754295
75.84036730342032,276.0202965853217
2.198652203932361,123.35978844088939
81.68779858937827,352.52099127795367
1.3949018691911452,97.44500959409565
65.71188390612733,260.84954150846335
36.50939202318059,219.86198688086273
61.149485271919914,206.03180106612498
69.60314069891137,340.88399849394665
34.24752191863042,149.0423036417047
10.796244811083556,47.16760303432763
6.964586774826564,117.83030533050632
58.89360225625479,317.89846496153496
52.06553537341115,254.56325027328015
74.22010091211325,316.7994119143425
50.97355100039371,229.15573421314636
42.244579003087914,199.2717741071955
39.808717823623084,135.24576291378136
2.6446902597667465,12.609847306093826
33.55572016966571,192.05522088850833
97.60201575244942,398.61371430528027
87.35555762270889,332.70659407017854
32.93780670342177,208.28940629296844
58.77954050663722,312.83949901864617
84.7296745535494,325.502547692996
44.12743367500687,205.21551260028
1.795786375015096,70.43470043096076
7.451046181864007,202.7618703496912
51.039272134870664,249.50522704280027
96.94393756758784,303.1012473004886
69.32095422188678,224.5758961184189
7.091619143856953,169.86282693487908
18.936087579186278,104.17740524451008
77.132314321685,369.9596487122609
84.14397599562447,195.67716735399583
61.76945861885908,313.6107909526794
64.44231696298166,281.36307539513496
2.8337450383384644,112.01848950282746
82.85302595815085,299.83260792369714
78.82752081708297,375.7327120252752
25.903514410334715,194.17600521820802
70.8676719965507,239.5913486375662
21.48546064249981,82.19831685351163
4.033016105151299,117.45899968967106
20.113654259037727,150.23957108315952
17.86288767542995,81.42303342354111
33.77479967348472,182.1323487835503
41.84494971754581,180.73379515914598
50.853889149770794,227.5212366312988
47.675387550832816,249.39055707249167
27.067460596528935,229.76876306131055
2.9170668574074465,145.1070409919361
60.51016222371507,221.25982705419318
39.57448298473544,214.28493986113244
29.86721573875497,177.2936142951007
86.69410428305123,261.3119688766027
74.67433077981597,303.254321888378
85.77655483724422,391.6883326393977
49.4982794712461,225.09480916828053
13.093125212677748,66.40676285221471
69.62214361212725,275.31468860675176
20.607377993717524,101.02188819921274
44.12296690917168,246.23776761074703
6.5000788948888495,138.08723148765665
82.53084024229824,299.21637927680985
12.594064104750057,117.70705440603483
90.30975070493096,316.94435802119773
86.42306022615571,316.4019113166434
46.4582764439246,184.0168143962135
74.43682043039907,228.35451468331559
61.94450738181533,302.23689512412375
80.30756423377449,284.7342836678015
43.180510078591205,214.9011119060119
78.580848424435,308.3212909178911
46.245681706514794,229.01188243960075
94.09657878427939,286.4046904413409
48.637210082514756,151.8696112836119
46.261927193372955,191.16223602931703
78.50718615635127,312.7315635026119
82.15776917608379,275.1080322697478
55.44891143211708,223.8557578956751
17.97978134950754,233.4557687449376
46.77582309575795,140.16060464787125
96.80725029096784,310.60489853779865
75.29861930391851,367.15485545863487
81.11626038791321,300.93512098923975
3.282549881924013,78.83382655937748
46.78594626341599,265.5915549481567
64.66211336575553,263.9531484884917
83.00326836280748,293.01678269823316
4.927365358277147,120.32193223323311
85.24388856418732,285.72907145747945
54.84009367419117,194.7674675881697
19.731397057605992,144.60228678419793
31.72552164497,137.25122498764551
28.192955175156076,170.92728371038746
53.08590342884758,247.45986155008453
5.168567991113182,148.4130429478399
15.853615849992353,186.56141510052186
81.26930433757823,286.2925733862555
13.260399074681107,153.92916744591602
23.339626945812697,178.84052999494997
45.33706056041573,226.98156548002603
51.71208881133305,209.3322892385964
76.36104796141586,248.12980711074985
44.73324266661878,232.71892038656392
78.98646210355388,226.45205292966358
61.834630704545745,243.4431037638851
11.309973942382246,22.030988639604146
15.633143839283859,83.48176988689347
43.70337254497708,172.76522995242016
39.68893930890396,244.8516138221778
74.35442696372945,314.5148362047553
58.07371397973519,222.13780470342078
38.81330810022493,227.3787370821964
17.076028345038562,179.6196686799353
22.683710232549515,150.0248065234012
57.550101846905896,186.2781326385538
42.34388048997925,197.2094991585501
51.492750886067206,224.6590587984258
17.067743530223368,91.39303221021339
66.29062523445658,280.997563276837
85.2538740855967,324.77627141694063
25.79395067869006,183.00090050039455
49.15142258318266,234.48316587582485
97.55273290209018,374.24698826013093
33.32417405507277,175.84948356258226
59.50463449237612,257.15686572253713
9.019570020024437,106.00092061695952
60.601500247944315,227.18563149948136
8.963177330461791,178.08588619395977
95.92354353238221,254.77775971247436
71.56626520723114,315.39330624904215
78.81597881357064,271.2223128526817
70.41043607716368,244.8207142723453
58.97290360764658,258.3152033357193
44.99127810855054,150.50291279393392
85.83733797610624,280.64266418965065
95.6835667543063,303.8804193928012
49.90361729040813,215.54775761315477
93.1535049155262,299.4275735254652
58.33329099885175,312.4478505498055
53.83841868964332,309.3610088344277
45.44827329553567,129.49554152329148
20.928776153011984,174.96851375788557
0.37196608180591895,136.65465056379858
24.150622685606127,182.96748323613184
50.97231716035652,200.049948081958
37.99599522597526,184.83437998424787
44.84852280026338,180.98930253717558
98.06482195640496,327.67694884026025
35.027237066932756,137.22743709038247
45.21829393601079,208.26994017069336
13.351555135281956,70.85474742350846
4.795773243698765,103.6628249637678
77.54095145924947,241.90507498109656
57.06831750719786,251.2753988515707
76.0704806043895,261.908916672714
14.986279888655163,149.55530963862498
57.18287711826909,287.9564131328535
25.364247434137553,229.5396379144587
22.806181690001992,51.83769677112922
1.1526014052985256,68.17481648586717
13.034072356907188,119.97526948443875
30.926811149969534,196.4689897982837
11.687876059093904,60.55660840145808
98.58584404109375,305.60460636367907
30.863264852395066,182.58168007196878
13.032394670232817,136.11276621299072
19.908231282795775,165.4814109060553
58.77032283414765,265.38495790870337
6.404352386478851,130.09811930277442
86.24341301411569,323.6655716762714
96.14996792371473,342.69397586832906
24.674742066738087,189.3443567864957
45.00952685908594,119.35668552628195
2.213445102949707,169.7856847773441
64.07102247272215,168.45997011968842
41.39260580525889,158.58293310833926
27.005846610155572,158.08022223128773
20.683711061660848,179.6933706524992
65.40230776587605,138.88754050862178
41.62170310323145,202.88414385284452
17.9659289029912,177.88245753207005
68.91090814868241,313.65424636511506
56.507228303669365,212.25563541574797
85.86720549294962,302.15174656167903
11.74758988764929,103.73410097807603
78.56666019444562,280.079401872632
67.3516786817259,225.45000141791132
11.501093682809781,91.75535347998232
69.48207298717207,291.77745604966555
44.15472888798304,215.86268641237405
94.49847855558431,356.6986776413711
14.161135061789931,144.30691704948714
64.2833390815738,290.0123904571193
38.1980045462946,232.03314871394994
95.68146705908778,266.73946050455095
32.997489529027646,146.95012805852718
96.21859094918001,330.92006908111426
90.1485851100749,324.42796319226693
27.038323531065632,139.71665696565364
80.35417768264277,338.83023468523845
99.56042018035059,431.27690141084395
25.266300217128233,170.91102802228173
43.67771693233197,212.70330519674013
52.018073656675966,265.3868541509435
29.49311358038643,96.10442754967345
1.526483964602976,105.00066160332979
22.012924419752665,195.76514556910686
28.193688434175847,143.72576684176303
44.35997013181871,159.86881101285974
17.110247841340186,135.04516789550132
87.32543566916726,315.78876868722114
70.4911132731336,238.42325951531774
8.520047755966198,208.51101419375664
65.00924511399315,242.60692589419486
65.36564764056205,215.41606404417365
95.62211736436277,335.1601737451883
0.30208713561612477,138.52680510953715
24.79324498058072,162.7076331526136
92.77914793753155,352.1510291914367
93.21339153982831,296.774236952873
72.05864193706374,342.0419571147014
76.576332104754,314.81084569230177
9.148295792964712,166.46041569346283
51.38758347782336,243.66148508512896
23.15829912889994,192.21508949774417
18.121804361361725,108.98111546139053
81.03032991233326,282.13066979916874
13.503813668054743,189.7799267401578
46.86516369963852,282.056051031577
93.8578239586033,286.92083820908704
18.583205556534253,156.84829549420334
97.79934237382346,326.5689175464548
99.4287985761059,319.5719672706256
55.561715468240294,250.75505845220914
17.014274017715792,190.00550495102033
31.610488794089562,197.81766179210692
42.44928326765351,192.8298766985217
30.932422435822293,198.75188124977367
28.063557987651578,155.18206825033874
97.22297092163575,360.2034634124778
15.336482741574564,196.4412322150847
73.33279087168623,196.91164559130212
0.041028943917487126,133.27229414336003
59.61826694023769,185.01321030831767
91.59430039540524,380.09038686402687
28.793409409321903,145.4800411411484
18.55259752577192,95.7202152041545
65.1679794878427,291.84665971114725
71.26014072983932,293.301665528501
68.80305189519814,230.4364086305566
31.931688002137403,127.6981023951949
25.22024021593309,155.2504238692317
95.59187999620443,288.8836021635871
92.32995082699294,286.66224090183226
45.731660989282034,219.13956124555736
84.61938661543734,271.36332885313413
45.2323477634296,230.82705791859672
42.43890180725104,268.0947534071647
15.676294759929466,133.0100814276248
42.64060564919728,212.01645557101807
53.7416938599807,318.31725022615075
2.2504327428686466,56.215877928758566
44.41130051754064,260.589651211162
78.13562183952003,339.8921385568159
68.00460563742699,305.5554297488299
63.5156988863935,312.53248119823064
90.95554284372025,339.06219261090234
1.803200982523001,80.25519161603694
55.70475861922341,284.8016731131375
78.73488484097071,343.96916901996434
54.13353827012672,281.3204858683643
32.389555258037916,182.8253995073343
13.625056509197787,104.26533268827956
88.75630718161914,329.85240411412167
47.076239238760294,256.8921251368138
87.81151969857014,362.1470067327812
58.58521224331683,228.58633383588517
67.41921166150007,281.66913428167453
80.426115437845,246.61350173157732
65.91555446001344,305.7677844827532
39.80548406789377,166.92411014125997
51.363338392865096,261.07893451949343
80.30455246758798,252.94450670348144
37.36502963729842,236.3246845032269
38.81214567684971,210.4203333810064
9.569011605800116,91.41410298108048
91.45844352217478,357.4100256429658
9.103631494544173,98.1970510009521
64.82091774485559,293.23756921058407
41.31944788027977,191.89419804809145
40.561939025544234,129.80059576291595
67.95518365726839,229.01448228762126
6.709373262987873,98.86600766010051
59.37057829514346,305.3500185493464
77.20317859723548,330.5000723438696
82.82127578865942,374.61402480624855
17.05303893937753,211.43217327649455
89.74190500781737,302.10642853003884
65.61460918474422,256.1945177277489
88.18548008206828,303.35237836866787
48.52807171101983,193.38194693461395
54.2033345097202,158.8928567247831
91.90382770286712,329.1459897109477
89.99095433546718,271.49136496922597
44.8160873369002,210.61849550069797
27.441263163568173,256.629908335995
39.31704345642642,177.10128041529356
38.77643285297497,205.04466438511292
28.686687498279394,209.43787021542147
26.857960433296657,178.80643431417863
86.10629364797194,327.434553398224
6.986192068466169,102.38770877918073
67.76111820995942,259.75550076688717
17.28200514564523,103.26372703956366
34.45058933940632,221.32621828826322
6.154303413483686,42.930910997899986
26.997363685546205,207.89558813563116
76.84210711172422,233.70432622629835
88.50153245472586,361.3031549536671
22.152715190236705,140.66119208882
46.354783925892185,164.63500138941484
47.03240479372064,241.68276110697735
87.35753057597341,357.03524622196153
76.27990528758055,272.4734791385857
51.30772183680499,258.2503425366564
67.07472004717734,172.61574534779822
84.73550539093668,256.8952887460423
0.9538954025544943,156.15547674414074
40.28900310500486,191.4167364147679
90.72431672770787,249.33331316781596
74.03130308439513,256.0018952951565
54.284137433407466,197.29222070753602
52.964452703513345,225.50628561439885
34.777009760443775,171.51741116355174
52.052053364151455,237.57459694845807
65.53831994634533,260.95566131171745
41.83630384287931,261.16277936852714
71.4153146392174,296.2016523382138
86.12322272603859,334.3495071054596
15.468484818486116,187.1476325024442
45.154702281742445,196.71201238469615
40.80200912850811,149.50454863285105
68.74648040497281,322.0822617781222
24.986746525792935,168.11856904345618
64.02509149522763,265.86044271728974
87.74892417314881,293.02258734918126
41.81315997936227,178.86860294076604
91.101569997922,362.9818502781702
99.31637389334784,389.257588497316
10.609204994795206,159.13402451376433
23.305318798485864,191.2545042788309
95.03797514820931,361.2694402483799
95.83276864813868,345.0539313880156
9.77072753867585,117.13013830268929
1.499850037713668,154.10520944831322
16.110002325642224,124.72633029246649
99.60127833822483,364.39619955668365
17.999961661068685,111.54890313160125
50.254760672202316,198.20673225415254
84.8417726430511,302.2792089922938
2.040161068820634,71.65250627086873
60.44889822584595,284.3169106964544
27.702544886962432,113.1713297122017
86.23349164397315,319.71218255718617
28.346114926407918,176.37829331722395
68.67557202819089,196.3505229832169
67.42196324473969,250.20608998553934
22.149354885964,166.0117792932709
3.4799199868350117,126.53704958610113
40.92495737853973,193.81218180687887
28.91931519658697,200.46025561742297
80.89777496137086,297.6963290497976
80.03641884553453,300.659077204053
45.70239521926255,224.72605986272248
60.65122253232189,290.1959222810057
60.42595159869252,222.95159768626678
82.71581484276234,286.53528873514546
42.50024141231975,178.42113151385854
27.544667979050907,155.04056734090864
26.503491814054748,225.59727722616168
53.61922792822041,257.8763353964081
44.91482027322126,165.2280052237926
44.01207709849362,185.04856669029755
9.113733908970723,138.29333379560072
71.86037406901956,241.93563357575053
21.37366879819107,123.2563632938098
19.695363020872136,205.19552177914497
41.27583202773935,177.6700563470168
22.77783416178014,196.66354606682313
58.38582673080154,298.19235095688487
37.14633393344715,162.35010782045123
44.89117225927901,175.20099393964256
53.716932160402884,222.80384112243286
20.353552248180485,105.59146981555607
15.57516228655298,143.97352628928485
88.04219028736048,311.54931763277756
43.372370283142104,223.4328753159842
41.209360963253914,261.1433048223007
3.561215027284148,142.91454110862188
49.797630258739325,244.8489209895331
55.416972161100006,156.74488777968122
55.88408709546665,258.1568976651877
70.70311693228844,348.42780237256284
17.748183499101177,19.117518778628394
25.22231342306188,191.73757876203783
81.07304652304127,296.05249482889775
94.7170616843394,301.43689057748645
13.593274736732063,167.31418167230493
49.76495545052182,295.544788192562
21.417625273958684,185.797576458811
6.007316835498244,99.57483237819868
32.550333812613545,142.12272526597644
14.368762518421274,141.93914623854022
70.99330734342463,313.8115204705828
53.37254136714444,217.32799288924238
14.383447099031088,123.87721884615713
0.9241588405514367,219.7198587381882
80.81570490242127,346.9166304546849
17.619440616424754,191.89976277004638
60.621664222076596,190.7988923456993
33.692191307674555,154.80785787209524
58.54859383150356,249.47861792609953
31.565362698232402,137.26102854241933
8.693956069225417,188.31949989390125
22.29500085577536,214.4136162418581
18.80585664790756,124.8164611537399
42.80193524396439,281.22486102368157
65.82837834261574,264.3940371596869
26.380607494635754,273.6832075285902
1.206993530061795,109.03715752724948
51.89373642647569,253.70686928228938
60.57594893589721,309.6829250753504
96.28704940018096,393.87362296528545
58.94708030932468,268.6167339472473
47.117255937814186,211.92098978994315
57.34016258977038,264.74092319019456
92.7900629862027,298.01777414424464
82.83781456016463,313.4240673881089
32.2978733363808,134.5918879300708
23.725436365713726,85.21992114487858
26.263361236607363,167.7564111374204
50.4421039715213,278.6223947477302
74.40494512285778,324.5305112576548
50.32192071829621,222.39683663233222
6.779639582811258,189.6326927871787
72.3580700439981,257.2193474620649
80.59701286709539,221.70100828531145
28.949786511971965,81.58803271962401
66.41257392833504,216.88792661825627
42.659190105439336,240.6236885794305
88.91193557274428,295.86884151406247
84.52255581607399,330.4845969058292
52.54319983096423,299.8517021485882
69.15055458135944,227.1067972650397
88.33497010221039,340.74543054600406
49.57170100782755,246.35283813273554
31.325074048882197,142.50163803148868
75.36661379095813,344.75854780103555
22.00662547846918,143.0464972501795
38.8531148006042,181.16672502362889
86.57272371067937,404.2855829160957
72.4422340269315,302.8553215481884
40.381100524749925,239.44951094271576
21.47445024083574,210.0565138310087
35.59683908322365,161.92909440406493
28.4104149227433,223.0249066038409
17.608928794385392,123.14099221147679
74.33329135656567,263.1741450193678
25.20698868501715,151.70089925095144
45.416747016776384,187.6608289494531
38.585944683610904,230.67072123899902
98.20773786356308,356.63665734022186
39.10922441482205,177.33564468092445
7.9982482796754795,148.05843636285175
8.982575257208403,111.00745906256694
59.07537213530648,234.0390461591857
59.93635517382656,251.86638340254376
41.875899048265495,223.97203891453975
43.184369231202965,224.1805540423915
5.393258284087121,98.37014530181655
51.654651038926225,264.3807317810992
50.47394753803517,216.9321490584993
14.954931855694454,110.13666720842504
10.383938611092757,64.8827323556738
12.35724905994905,171.7983125603277
10.102824649125852,125.77255136299478
60.97081955367598,261.2004039142689
19.648265240291863,192.6313457512777
25.143015218746346,142.99502788685882
17.35721441514397,86.21108651584134
95.7835304448503,342.362055720343
85.46174631518355,326.46712157586296
23.049483735152087,146.6878607845731
32.7566293922126,243.2064991775676
20.989284230499717,49.03612609253432
49.187595946082375,269.5690023443257
1.9610532474253595,137.81862033953539
67.13680088967958,286.84597329199346
52.31581498176416,91.9991865254924
89.86389283011033,378.07598916240147
16.439268432841413,98.39332853564454
80.41092460611317,279.904761344448
79.19610144667158,290.8927372598545
12.718118921688692,148.74594502735877
39.85592241441276,226.2432417350917
17.01526411445169,179.68483623562364
25.47205004575489,197.6237512350105
26.324617483054435,176.33459269803467
55.623639402577275,256.36358155363587
41.14109317604655,157.47187000065588
94.77328040063054,305.6866931146677
12.637014194700512,168.8482029108983
97.36921348501988,378.2551763105785
23.063864021426394,187.77337100119712
77.2873936381853,271.81614897997116
33.89699261728214,222.62355226323166
14.308139541731391,87.45671528811664
85.788918524624,359.2959051231852
30.88608992364632,166.3616820665887
65.88554042268422,334.78384510594
56.64436850866266,178.31124688246436
47.17563093908743,291.30559093726265
49.58194726485391,208.91612665584933
73.22379140922875,267.2712250836091
8.777291412344058,130.04950734651962
66.81806619579052,238.04316243331456
89.58121013985787,320.9437736303657
5.778819701986415,83.75807156987159
14.065333923366675,105.9955515135071
71.66319367020314,299.4148985066069
43.72816482446176,171.8107345053246
40.354862081368836,168.92639560757888
13.696663454423586,77.12660998158815
50.67700407177881,205.72644901771594
12.654531119637724,186.2055958919837
47.66204563105404,183.96000264182155
76.36152989616566,260.4641861237506
25.826435788716353,172.63422176102904
48.07861681797273,204.7695378581872
99.20159693968357,440.7064690687747
68.66504233540373,264.9006217335616
84.13567713051987,324.2859688984907
41.484760656054576,242.97744916773138
76.78609231258552,330.4323391661934
4.050917294132184,119.83323474216544
12.291118254224498,124.02407848749263
20.307059292006212,234.97745678954232
40.195192461521955,196.33744990631166
84.57448783257632,293.0596806799209
34.62660507879305,159.6959332140002
65.46211935154629,191.8115647030346
70.93142948034834,311.5119381949072
58.61823540883414,148.85408533890825
35.72419681701362,189.0723929602543
57.70533417135443,235.74009848616538
34.22655927897462,278.7602621314129
8.387373855201208,44.76249359246884
99.28039781860144,310.71054719092615
12.718245363251091,126.1333134329935
7.2348383836057355,109.86887798718432
87.85307492071558,296.76885709620234
30.183466089289514,172.08915919906815
65.02969740735077,210.17007314211432
32.90057296622329,197.1124600237944
39.14542707944712,101.27805385017585
26.21129720167965,164.4561076631589
34.30440057930102,160.78313113531502
41.070040058654314,244.95781087065868
72.04160690923429,353.1338222208315
51.15361942347918,214.11060650854094
94.3565217156977,393.75252617758304
4.188039383877551,97.31806478231466
50.306832263202814,185.57133830818805
58.42247888317181,318.6946052082132
92.01969860742739,351.7161765668039
4.915852362142759,112.47429586068813
57.349958493521605,271.9649494788009
85.3629928527957,324.8162123931561
24.192772811923657,157.6020550979422
87.62923485239375,263.8866997522219
1.9043409274291823,93.50515782850255
73.24546291337298,309.0442303706146
93.3113221168653,328.1703939817028
65.71976616400622,301.84072386362385
43.902924398044796,225.71929746518282
4.488101647271803,74.68534865314919
92.01138133226287,275.14423799994796
47.02962226915748,211.0346363164499
2.899674433594801,85.43863526274436
68.9821071328762,286.4479535545468
48.18372535762582,190.58116015815347
12.434531744241074,105.48290084692987
21.42718093102596,197.3809706346774
6.449068045584627,122.2886620413453
57.429353970857356,214.33639019825978
62.202947925200924,256.24135814840264
50.574229835544436,283.8052458690257
81.71021330026149,316.49854312046915
86.10088213080135,339.92195343056983
61.56243966831266,222.60934362890683
1.2756479707430546,145.89334948525826
69.52296557477356,370.2521745055101
41.799921692035156,171.5707533500568
56.5557483226387,192.21661284856648
64.90806020188845,269.5735943454446
35.02366143270768,223.98458499993677
91.70985051717942,325.4723544132064
13.39748667497812,89.67501186667334
67.15118072810374,263.3603023347039
0.43595799565804283,125.97355393281744
92.46511054051808,314.2281968190926
11.25041332380915,153.39090871658192
9.488423014757464,172.17890805105802
33.30076330522442,193.24671547188302
37.35662860390806,192.22880308693922
21.430007232287863,188.07991359876655
58.51216609271247,210.66229745805367
44.291409804196356,171.00777409607366
3.4175589041087417,97.45314400374798
31.965206225530064,159.44834622749852
81.04329135731705,269.1851453037333
68.97015348618686,348.5821162334976
72.48708535798805,371.5835995851412
69.81169240835236,259.8133150347533
31.097302138303327,181.55922684061053
9.966392207677588,117.10077058882888
27.2467184033096,214.19435732418623
83.17853001851593,362.2677739947469
98.04707977830711,271.1745501484947
49.38470147415613,243.2662068466587
0.970035492304222,48.05472142480079
14.004481213422903,208.16420416420902
32.20805753162658,198.8366851605666
57.85853485929498,210.39083839567405
7.509364580531397,108.73322302793854
94.33572987098816,323.8164113838753
36.50836732844007,213.11826859198513
91.25842179248231,371.4948805261677
78.05218027570217,247.35922883852123
75.54372725155811,365.36079116976924
60.671957978223205,318.48471224690013
62.678381705184464,220.27807342302808
63.80032352162481,262.5297311022659
62.87213870255821,328.3586218609489
55.37282313983612,289.72769735639366
98.6414018482889,332.59329400145117
73.22905674256961,316.9532905995659
77.69463883925212,418.93518203612274
87.24628150836742,322.490890079139
21.563976272584917,127.58857851599288
8.380415909506079,128.12457634971298
48.28944365985986,230.98142142285022
51.40806956192732,206.69679662543786
82.91817799499177,325.6692780374077
44.37835792823357,158.75647594732789
57.08530255443127,215.02368653893598
52.70709385134583,263.3145464907505
3.8202783757391057,36.53920632891837
61.5214896596914,291.3800570180838
82.80432857742522,223.30223602287535
15.750054807580383,67.34329126128857
59.433173392659576,227.82289790271577
59.36105444464144,260.337620649757
16.418496405635874,196.18389955219772
12.346357373073602,133.26329137798217
98.00519429764847,334.7551105608118
39.371916965303754,222.543299243949
22.742172872352928,120.6216431664667
17.132454445437496,148.63151079598754
66.7601713583235,216.9974068007933
60.94452973272788,255.7975069201109
64.35521229874175,255.486183911528
8.800602751145226,88.53989975201699
89.35345834984369,330.25016981811416
38.92663968090483,203.9130654574449
31.336940643035792,227.24717462292006
46.23614472477392,148.7879037148897
39.00660657476283,194.35249782589224
86.35770031391459,284.2634955936748
92.92609751978921,368.5017377618494
30.34532164496062,207.22985331833183
86.39358074599548,337.1143182386656
78.15231295330672,266.0977644541403
93.08076723447618,369.5419660075831
24.575031218588784,97.77640417241798
57.695915012097906,172.042098854247
27.454458474044465,115.55346937631884
82.40944904843742,304.63090146201444
0.5324190571064258,129.42129633814235
56.48191628863961,117.386810688773
33.9203431271918,239.83363954216543
32.268370707782026,186.12585625367862
64.4906323864917,195.99933397710032
85.1484449313994,317.07101607983424
60.91953913933262,297.75342240737734
85.31729786467224,338.23301810576896
26.459711188102997,211.87626774687791
51.95018547649811,173.03270429396798
45.0536539067076,195.40942623770195
1.1644899503096218,64.43935834361281
55.68121431407401,310.66304618165555
66.1524324146175,291.9818041401805
59.191440441907005,366.428577547361
73.62798987834215,264.6150566539805
57.13395284530771,212.68477526598213
6.675025485075691,110.74525426540548
11.644552408471142,186.45800220581367
59.64745775439524,233.88621638508445
27.49791919736402,173.92203048248183
7.964512903476583,123.93410379170737
42.960274344854675,209.04395058878308
55.43225980836554,211.4375789205589
32.87459883496066,176.47449533551594
72.04337022257779,272.6152478130113
64.37706081012446,260.6279239809331
33.281836109167195,222.4596547155695
75.48725289085606,361.96914972785555
64.86950425330355,227.20743026827728
63.74453787179021,243.0524303007391
55.342770078706806,204.0322638713899
1.1389668088552796,110.6317858427804
69.65071834768891,251.72873974486444
37.604179110915645,203.98720704705556
94.26097101586556,381.5688803857039
81.79847710772053,199.40883906247706
58.76944695313122,267.3841443034523
25.218198181926944,143.89939025286841
20.371739327766658,170.08523982323265
34.03848376775491,147.79855359312296
47.656794358001854,268.9124841868708
29.606551003894708,212.01346333337654
51.49294953924828,252.37869343449813
16.537042551318592,174.3448020690618
97.77128128254999,313.40662635106304
10.792455496499386,101.20166141497461
93.1944139654372,364.2911807083482
91.35780114026949,296.45309344062355
52.5360481819498,291.4858389257179
72.49102718360844,267.7645452425064
43.60482979725878,229.8934157033205
63.00345775424382,344.84802570252674
34.05759374211187,155.76152636250552
30.115901978544535,178.15059103181267
57.82297861695137,288.41678986941827
49.81296741839804,264.1103619220311
57.95363691499811,231.24531989769451
28.6660581287023,150.16654960608628
36.695783181699525,182.0398258121618
8.38979606289093,181.21268498383657
5.227637227220572,101.45687994483197
25.345712967301626,166.61428971375142
7.424685933054576,100.80524234902745
10.37747086347407,155.29806051002052
81.29284053939371,309.70272832124493
3.88736970166893,67.97051033529776
65.89427939347428,224.427722729211
27.255774881540052,84.98735257627068
87.15456807081264,283.29925134237897
48.49922845774996,254.2802260418082
30.557645932782574,231.46923827072084
51.76389356894345,257.93242393649
38.19580190452688,218.56500522854446
56.43010646698302,235.81114354413683
11.453286832634824,160.8735759235784
99.69905028125511,361.15824550280337
42.55558776967175,281.46315921712323
34.82306397073687,182.96183770328975
71.02098483162649,333.42838062101964
36.389940649533244,227.34241174763753
83.32743050287577,338.91673098895495
45.42707243604253,129.8794838182921
71.95584132654349,318.5485815308742
10.745321644188655,121.55832826612908
84.61191855551118,293.06021236910914
73.57179867781099,222.23282539590758
21.17167784619657,152.6967416271068
14.528600974578666,137.717418301341
31.62923487256244,124.86162700851449
97.60705860319044,282.7217511764503
25.683157456705864,184.45372146800156
45.612720894663326,250.29913784367028
3.0020225717336313,115.421786420395
39.72275295662325,247.18741559142762
57.132001543310274,239.2359522607273
95.3124612507965,336.019865635267
51.67360449400644,191.0310142016223
81.91073261776877,239.8628859775414
54.712764256890054,313.94522154806225
4.07850134355181,157.26400696650694
31.500827518977403,120.81651374581554
57.55495078311033,250.36744287854384
95.05939659311244,333.48605970195365
85.91303597512334,303.383119378423
22.835561417884765,140.07169551485842
22.01098300191635,170.8901794470726
20.117296711390075,184.33347546574032
92.24988963025031,347.36622880288917
85.26661531017207,308.1523652773892
77.48834322529487,287.17943263771974
39.27351142242276,237.15998509956958
50.43807042987668,245.37682592062188
46.43317447951528,219.1071849465152
25.339810755937265,161.85585160631584
50.502804614876695,240.62200837054326
3.0496547852754463,88.1384663346266
13.181037349745917,167.13275698683145
88.65895961689463,276.8862497298049
75.16797670314233,270.8012730754524
42.286840905908704,231.14220195191714
51.715036228387724,182.15394442011007
36.999888595997746,127.05462234333187
74.07798671606724,287.81931663346546
78.41871792320796,225.4655683838402
76.32851902031591,236.78451067880547
72.26117248344495,312.1310673769219
20.450433869279582,142.60598378092524
33.79699792404788,237.97524369191706
46.98454349836749,167.33499778975843
33.079299142765564,178.78935498242782
75.4940200158329,305.3597853751637
32.935352424995465,133.63904880971765
13.823208678533716,177.48452737315245
39.90404520483041,221.006933505889
97.99144327823804,278.02413840847817
22.588141293357587,154.90010391314257
61.21586589432291,269.0974140651424
43.29730498397063,183.69392502521052
7.102456764932663,56.186288450785106
48.787660599805946,233.55444337145227
70.21643286483125,367.53995578221094
51.321997582781876,212.2045011427843
87.21060637465811,383.31487382516764
28.893701665758265,140.93524008264222
8.624917130396492,130.5300797587287
93.65656116580061,366.2406364266252
37.8196349528219,194.19903638820864
57.64055514536334,231.714081289912
79.20031261301959,328.21135340131497
32.43136638755806,259.77250070778416
71.61645381776111,291.5470685885141
13.541884981782804,112.38400298088601
29.129374720550526,164.92881376444305
14.47106361365199,241.01022174361862
81.12305584013578,308.42045692774434
22.264923522678536,130.9316971267076
71.74035554052102,231.71028087492232
94.32983972456526,259.8578929037511
52.7772209068877,247.0699941781337
54.00291922606877,262.2437109417387
46.103356809781204,198.75382760219222
32.589014339364276,180.8496908569572
47.56550309249171,170.21663973418205
60.28075322667594,256.2323784989628
98.59915721706594,366.53052995390055
93.77645593182243,312.1756037088529
86.21529582931218,385.86960749925663
88.91305357048583,287.4547833043904
46.784918329204295,228.7563541213421
65.74443271774648,299.65536217880504
89.50667229362142,320.551047211967
39.295076499135305,190.39610376438998
96.17624783454688,280.99257188156554
41.5786062069183,260.4187763820766
60.10826653932156,243.20225118969836
70.9804713272372,299.80829371786876
95.05920130759384,365.63657283634524
24.461627405226604,135.01367830606776
74.61309782386422,278.314557091736
52.081558614408216,285.7251015300992
26.855714062064106,120.6582203558225
77.66068397963906,382.6838479525556
55.22222801738466,207.0651005308504
66.09738206496758,216.16957234355252
32.2901068577901,186.2299905723431
48.1273951827605,312.19692802350824
61.73542509880671,174.83272935206537
40.4910814269844,195.36073754180214
19.837253984770133,169.408164842146
96.1640492315304,341.8101312878912
51.14675400426174,243.75675520646757
73.39203702877005,253.60629025029408
41.10471935560581,177.81034097271228
35.51317640257163,182.6078093427555
40.7164298467125,154.78202416821983
40.91966437856498,200.43998097792044
54.418011594195356,219.87126158542236
54.346986998136316,216.311214041016
49.715381588287165,237.62313930836314
13.478578491743809,57.947816890039675
49.607547850053116,214.487564407822
16.91039004206515,238.68959450808634
12.613578629576516,86.34629871412335
93.26457173411677,386.644741831359
60.49500131477043,253.51147393306042
65.94900581245842,239.78642471434623
40.179367033336376,145.50305523994047
90.89808919148642,333.0566981355484
63.79304895796655,319.95128172546396
76.91698695235874,276.0993182048062
36.85624690277138,188.77221312860212
96.00118808191255,382.03949999643027
82.0461290158315,319.2972688742653
85.39484630145436,248.0725032451399
17.21942674257543,147.16277442143968
27.096320787121954,230.65741111403165
28.562659968357707,169.86971000899229
27.090922324687117,53.667500885628456
85.5408162104288,330.00374468153996
3.188479520859211,99.71440870209129
7.60999889807743,42.925432607067236
27.39148706299037,98.61518102572681
19.987297464944366,190.5376251634088
23.185961388284838,127.4940826841686
79.79431892533,261.7293649722338
56.31265938920469,239.29890436172488
0.5770661292967993,74.64056733551367
42.932276570419525,211.49321959221723
40.78849268503589,193.53705474165548
11.394526944454352,78.56044119106335
67.61417886014571,247.767037155556
70.20971883794911,293.94507118792546
72.08932190520977,281.96730692516775
72.8470945558592,278.7085153084806
0.005282693229680113,180.61817505422738
95.39208038467221,368.89505379407717
81.4208767054663,339.0180532515966
90.39816965892852,319.09030023422577
1.5643295307434135,113.06997548978141
93.38587957857393,315.5287623054851
80.97885286881046,334.7971290833458
83.72191429586987,304.711592204073
9.328738472196852,132.5738835548465
73.87780289185977,291.3767484944775
95.9916689642091,339.2233384003889
67.85473414181607,391.88029694608747
57.05614046246065,214.90562275141232
94.5629677748997,308.2944074053545
44.2937121734436,239.61221032454222
59.92935663104787,225.06135558264157
47.63382934943662,206.96059712466158
93.28462213602991,288.0113732503954
7.608472676550726,139.4724735307992
50.11197008253482,246.25957310138443
68.69524413854383,258.6245289177513
79.1906538422237,327.7166187066444
58.301864744413635,168.44727766472033
90.8917744121454,297.8207648820533
94.19914468838716,328.42586917113334
6.4319223193583515,67.30693384152332
40.23705395413744,127.83734143972478
2.345902172115444,93.05472839454326
32.94166573744429,211.2289048017661
53.68682179706021,287.55923828800735
91.07949305099488,304.9287928547421
84.65543224654029,342.14406223835397
12.749972667198573,158.35829502132762
9.303037474089571,173.95784777025523
58.926733875666706,232.7471193440822
53.211797245878266,158.20278999684152
26.637764143002386,169.5144962603853
89.94530845538353,282.68433180461625
92.73664094615535,301.74013609113274
40.261143834016266,188.1206220205649
89.03025571135203,308.4745382126305
38.39488942629726,201.8768039500427
73.68168318297002,313.45906169532856
47.59422175477241,203.68589703941598
12.258315650718298,147.10880369404614
92.79342012370215,332.5999711439615
45.40965933775366,252.4454395067894
73.44870403224036,275.77538667622224
36.71738144312921,188.50970531190978
1.888087857623466,89.14327026616643
10.05303586918359,118.38223104737905
49.62194794899244,191.4578070787452
68.99643571263624,235.77058501722945
33.473532657927905,215.95958932688683
69.54884591776504,228.8054545508237
69.8635589431956,261.38197326411495
70.39359073278308,318.22736427309013
49.25218540205084,208.45632927618092
91.4886150121504,363.2013255847678
48.91965179806156,197.70864270223015
45.026519349663815,168.83258392078523
19.9380819010627,83.49239523781254
30.765508735633652,231.52972244355738
4.233449251830335,63.28404071680178
63.35352936161702,289.47055888319585
24.853574392709287,120.5310898842711
30.41552544854651,230.84863746286408
77.08145216643211,384.51693612408224
32.72211831614539,111.63712824541795
24.219589201314218,115.41762726759862
16.905774913370575,174.43062717253008
77.48584021819559,315.0597770501348
12.970625799002688,164.75043715006558
45.37537602503535,189.56731167131102
50.69301160771944,309.42398726558497
68.73899126857145,276.75893214148147
63.32834823329955,207.68908166419246
81.07206729451748,292.1479122218195
4.475143392623815,61.11339752493658
29.64407247793972,240.30137604476775
28.013411877537976,142.5604144551925
14.601690559210823,156.99402642982977
28.917825385644313,152.71218370974103
30.976531414290342,151.83810871266638
52.188446192747826,150.99489466065734
66.3704478926256,290.81320402787355
38.110051361181405,249.32762944315127
71.94702313133811,241.75868076109077
33.616533857958,119.75199997601712
29.028367731476035,205.9929234930986
54.11880558570243,166.80506023962812
2.3716360305790607,156.66781891470424
7.9789123634000365,82.31987655262208
41.796954358652705,158.58983611115377
94.29127113917565,346.0654693147538
72.15117798434237,237.18610804865324
8.812656950055775,92.61225044673255
84.63180127808737,326.3069392209382
73.2300770608181,182.0118522861469
61.09465257026532,321.0695663562757
82.02929606091773,306.8888900477381
40.41098477429571,147.23354627620526
22.150105085385274,113.05271821073148
51.20233891087593,269.26334447704306
54.88417555934738,262.2172763450752
53.83263720099121,292.2786716577764
56.50737914801053,212.86289764038355
94.87049182391807,349.5156149485984
90.22456230962314,343.30878509371865
87.57170365589394,347.855898286156
80.14168109086272,347.25479028843586
94.34281072652854,306.0152261143113
9.849464167940326,119.87360071540675
26.51232614457395,140.89550465832508
49.50559456545849,221.57506678940814
84.65344931234053,340.69195413543184
50.51657115227325,157.47519810717375
74.80347393415887,333.16414450725796
13.895990524891621,87.34424701569792
25.24138129765602,150.31529570912474
73.17760950376724,334.698289807443
16.473400888772403,154.83036295565302
35.135593465492676,201.965144154856
26.48662578135714,117.09655874806649
34.98616942224785,144.02617593873455
70.83240490779703,316.24203176317604
36.7847181142801,167.4504485889434
55.52633226079402,218.22499739280028
9.993187705440965,165.08820930989364
80.50176932346278,257.57271770494935
36.988862564812486,203.67369759109405
64.85341590333424,263.91870121107183
72.53896016618326,281.23566065649624
20.96609221117004,130.84569011574314
88.467498495335,297.0438423915633
61.62242516069529,209.1906678944792
42.87251417514815,227.2625880039037
18.233518357821954,117.7854153403569
94.23009379012068,375.87990292503537
75.50682041316252,279.4244272884542
20.802456273324886,107.96925509506389
33.77107747242245,174.53343521158763
80.96742580880732,285.32483018837206
69.5677663215339,315.9032137548247
76.57842927157243,276.0938018365086
44.12011022129324,198.80852881894938
71.6476262642167,337.84653699105263
38.64937228639137,217.76991806445133
21.126291693819642,221.99269624950034
63.26770348413599,310.5518891201434
97.60139255987941,307.09303750800643
31.06009713953296,218.8371976935998
46.09695922125396,278.7027178619607
67.40013710698535,332.27310985571233
54.15062821224878,276.4863533819439
84.34277957090492,351.11079155538573
76.1742706469516,277.843448746947
5.829720386235704,79.73497743490455
99.8421233923774,334.9512892995919
75.24024537194673,218.83698370187665
86.39033162941132,371.84289537911087
65.11977120953463,251.01301026833255
85.62851280467623,367.79716162607684
11.238297492870942,76.85914218480806
34.77378355593156,231.97712291395223
87.64209436044928,298.51570134859037
20.165521126689224,96.97754930079824
7.824209858002273,187.25685264304582
78.8118939945219,343.099492410636
83.54861556432962,317.68317315295207
16.26522181899006,142.07504195712053
85.43459827827155,331.87233202630705
68.67677955971696,279.78948062478736
52.00826832165839,197.0579900771018
83.0250192781385,290.41909288755755
41.92492493189658,286.3880758664525
19.39939562233972,259.67370407544115
28.485267661061364,236.22807052498283
50.51640182933148,246.1875355391012
53.13307926731758,218.78063275825076
80.55808264412336,268.18664254519
79.13527236523345,267.3715345760967
58.13665572045748,222.32291067020523
78.07854833654764,384.6956584515408
19.1773458293671,223.09382991959393
5.006452709329434,143.5650815381286
87.36338226347002,278.4420963749315
7.5554493762769575,156.04425996932463
24.66884297439973,151.74443402193435
69.53189496243846,184.253671952292
40.94479376273091,214.30682079541265
87.63139699155089,284.05065827687946
29.797979466226955,140.87584530486708
1.1871346669359295,92.54959956191892
30.06556405607441,154.43115790964544
57.80750491848317,243.09350562281764
37.59383754032933,190.55922719667933
53.48727557587553,155.67505774673995
87.65981188350187,382.4007715267689
91.24850542303685,287.2078257808994
26.59740646541121,126.86893368224048
46.21404732699007,201.8656438325133
54.91440152414512,232.77872706335924
94.9112456888247,397.9790425238954
99.86173191643847,360.8637059985959
23.540724884152663,182.4196370285913
72.69798713458154,293.16705966150636
37.80310622331952,204.13773628290843
0.8108196886213226,114.91336069957842
0.9252522435902355,21.901629873249377
46.05660075622558,204.74363082029151
48.833491300433465,270.4396599280474
2.2569696573442655,269.66330316327515
68.69274167743025,221.6265207791077
29.400338859495314,191.10311007336048
55.98931015359494,216.2148539304073
30.091907316541878,260.42242823881026
16.71343148693072,85.4593791972085
40.71737385988753,227.7940734227917
23.227336479050077,99.52125297125414
53.480097691916804,220.4462620607272
19.882853028647997,148.27952472837774
50.840597664462706,271.60607011844553
15.737851486886756,94.5290490022449
67.09747094857849,295.34376232133843
75.39376844414241,289.2656692317444
11.039423424993377,138.94814105233377
46.78024120373392,256.82208356876
7.087170065487358,64.35708975873892
59.81824455420024,283.2704558139624
26.440429792964537,142.43175959570195
52.76244568387079,277.4999841529088
51.746100938429116,243.28453947576966
92.43543461938005,322.3711477484506
54.90832225687229,212.72274566711263
58.29984797183157,280.00284937598843
40.165312576438026,252.87523942668395
94.90796031828168,315.10058576877555
77.71859094396096,247.15768248311878
28.540529030284155,200.23400776299715
84.42095857762321,250.78619410117142
43.239636018508996,153.78317973919394
82.8667143533594,262.95308773147065
82.28880682935021,288.43717893307934
18.88701867628544,91.61939155593964
70.1141131383577,194.62141557833405
29.06429693065311,125.42052979178386
29.749266999266823,201.1033490039334
29.634807688058075,121.18436445800279
72.55682475599482,267.2351249080653
22.982604179253606,238.44899740791874
0.09058352460902253,98.18056667055986
71.52368534826331,293.06023234217616
17.118474383512527,103.43614364973016
10.448239530783464,216.1320783979669
23.751612059406014,136.858445835897
37.9900522322704,185.48482376733656
47.59063274732007,273.7728740844655
4.457004071263082,103.58144782514856
97.05733326273605,344.6357483568959
71.60630534195582,267.2961066698405
32.31940653243362,169.36410148653857
31.869725728539734,195.0890690256314
44.85425493684594,235.14086640373802
62.6244822763033,229.7988225153086
14.637306658896776,104.72045092660433
18.892981376495232,121.88931597680525
85.94345828335508,256.5594023142617
25.625492388907254,97.89380046487864
38.01949979751775,207.41240352742565
87.12718509501171,356.8682881057391
66.31478293998225,302.0268403674406
34.171187934168834,86.32510369692018
68.36995457246208,260.72894121911105
1.968321538141371,59.0682128727655
73.56426600113653,289.89086829749647
48.701604051623946,204.37044171675512
81.31821472844612,327.9220613058578
95.46376520064683,337.8625477168491
92.57885494945684,252.5638836399021
90.92650434553407,287.0806047229612
51.21699559338872,228.28317897538213
36.014211413893804,193.78457745295822
46.503532473067274,157.77557724343592
68.98960033133608,208.54951796185833
88.39977768711867,323.33953430263125
20.698630300011956,93.34692722766678
91.8193158461703,260.1248788102656
81.5180231969889,285.274964684978
97.88560151782346,324.3921797174846
88.02517732816871,283.5170474964119
27.993732969190667,140.705321116108
10.595591134404769,127.06461379316335
11.224107199158862,98.09785434584622
29.12233185782761,175.74718276934993
61.418372398453926,237.71651850836506
80.43203260971725,308.0551746301148
89.92503069815648,361.35036324993564
62.37533843692328,290.8552947044867
0.563131274805373,155.00388931118624
18.63167765185335,181.45033772463958
9.972620385336795,134.85674900304215
36.332447556901,172.79817391480105
50.13509936337459,209.20493580707245
4.339717857856085,74.32932587726003
34.84779757956553,187.30793532980678
17.917967462532257,173.80975961267328
64.70701662588739,231.57610462680591
46.427236932434,214.5196414586094
49.531764693390876,195.64772230524744
42.76917880334611,215.63314439409206
95.6019710486567,316.1478044355378
21.473512512156322,122.91640694889091
51.66642598438743,200.87601658570654
73.60173683653359,304.94536091899266
55.684441313456254,235.18583943252335
92.90208857168011,314.43071390986347
37.796835564128415,205.3678363222015
46.3675805773178,198.67298346884428
8.852231521472842,168.99941215316363
60.89991110519285,211.73202769616924
28.821196844810604,164.27403296326173
16.030903951556887,81.63193252235462
54.45312929045081,221.70109679033246
53.23102633799106,163.19624689643996
7.587164122404754,150.01844658053585
69.82154534944728,306.44429096371675
62.377219065085285,288.5684869885625
18.90172827464972,148.45556166936262
46.943486215404384,180.75166331266888
72.032291647856,246.78251706640373
52.94357405412765,296.02182007851496
39.54890761835702,258.60368680571764
32.233845808094365,185.6835279591092
61.039386664405356,231.1454868654041
93.91086983102406,391.71882057910165
67.17448404774834,239.04137132978454
7.474590363631551,128.2077586659069
46.06849734821338,271.4194947276602
89.08241315106275,287.9101277400212
9.446242580108688,158.11549523368816
98.88757121375433,368.8768859997538
94.90693936454213,335.6232606939919
7.827448072987586,78.23676556877197
93.3413320449555,303.21297763478145
36.31325902594622,202.82577393796345
84.47091670758626,251.95929317932857
41.83833377132715,210.03543922655652
44.08551127025159,232.72423144734063
63.42430909775426,299.5509073447866
77.44774192759833,235.44063874772667
3.3789150948248636,163.20982241418014
59.31559955271343,318.8246819107859
18.673299409737098,163.7476250273229
34.594951786320294,143.29931628086564
34.79686661552165,173.3411631745703
46.906034022115364,215.28479928987107
33.41364118761734,194.78675078658895
10.736111845066777,127.75482321058983
14.562873852545144,148.10507447392544
3.343798556109767,104.58397300926737
47.02490853287543,228.5920652680905
95.44476948529885,319.4518237264424
11.567522364811655,114.84853062558808
94.6264493003082,312.60056720279
73.33615147320936,363.1080575757003
63.74988029341632,320.2803662111651
64.52777553235629,284.42248139911175
82.67276483962821,361.8214592626598
10.691986437982138,159.94999006645136
50.47543235655417,233.7303765556644
69.70911382607585,211.63341356759557
58.682044507356366,235.79776825017152
83.27790710232946,294.25549948961464
7.22717090113515,70.92627796545628
69.0701039499166,210.84340405674493
53.40277303847177,254.0065456709082
37.91608639799434,208.29123456879947
34.027498223403086,136.49913577409166
62.083263277419285,224.1758456017419
89.09953746442648,371.0615544553016
49.61759261011153,187.52737415134774
82.47231640769202,313.28688796595185
40.21563818439675,192.64335980898343
10.239446279317654,146.66589325553304
6.1505736458638545,79.75803237734573
5.1334371323677574,116.58152042269097
38.015014195766994,202.0572467645277
33.72377508358421,193.88612167277202
71.79370236225695,282.7741277238563
74.28215015848659,300.04286342737385
5.085396883373983,203.90220657242318
22.112326288901496,261.8437379188317
27.42618501588997,141.9708430092604
54.76119841428094,140.4523808091139
14.451522390695025,160.90441776806207
13.394121940000037,141.23434776620516
94.3788889207958,380.09192195890756
80.4202907297781,312.9034189407585
18.06549020911703,147.60194535991158
40.6567807905491,248.610167400088
35.56219992575655,241.69317969834398
79.10040740654073,240.06311787286228
51.021291647812205,193.57828783210974
12.784973699346702,127.56923389218987
73.89920631562438,288.8435180592872
39.68879782249189,189.81995207020637
26.292424763214704,183.79627327522988
37.54986220207201,235.31764512017588
49.77565636068964,296.1125646385956
34.311551641700945,209.86458443316081
24.190577259175782,125.01505779624367
39.85020288039804,193.49391197539865
1.9172910749898242,101.65819391845976
77.24978460963139,314.5360944664521
17.09448935675858,158.88597385088667
4.390461363063725,196.28300870035656
65.36986929050792,244.2233961350655
77.39361288236722,309.49159742020976
81.38291315928431,401.4251684556359
49.35091826605999,199.02973342962773
20.53681846899853,157.3809649414164
73.72276772498267,244.995118771531
69.97130771543371,278.3434988560669
24.627073410317323,129.10671002733486
90.34077558627929,369.4041429482751
10.4371458082829,132.22207302407847
98.26882395913256,306.7548100792472
86.02478109774646,350.0338138817506
68.78986454790751,279.44967590938097
93.87498882798329,374.32954498531507
72.23111683237077,232.82923100417028
19.045699703004594,162.95920738893187
44.21561381128117,242.71395443996863
7.150302433163535,100.26111441143202
38.96574222881154,145.03348410291022
74.16030197372086,283.6696730069445
38.644335093081736,247.70663599813975
33.02941754681341,229.41793162634355
59.53557225103119,231.01414415655134
87.2204528998895,264.66829845032356
4.7583192546112425,93.95654429066028
38.54704346997354,176.8765725687319
15.82407418152627,158.13462621805763
69.53542507318696,269.46996989927266
10.572456043113487,95.09154487727369
66.48077585802446,312.1448598272658
28.618087079790733,177.38764294289209
19.89168137372247,167.84469345891097
93.63525578249853,262.3200341329785
1.8524576745955867,3.7694829056660524
43.777727188956895,149.635153785635
2.162699246179378,85.41371484168077
48.3593048104329,244.8775829857625
50.10473777944182,127.81254617488152
32.1662471394747,246.6863077097898
13.216177752502368,140.13685246192742
37.63875377344753,250.69202569862847
67.2262939932566,231.20490535863527
78.23958086444591,316.56206994075995
53.07506023881423,236.23223152756182
58.98343944397556,281.4784785901128
20.06163711246527,140.42719123082202
28.733033322764946,191.5207257622906
16.18956100523584,186.33079391589825
24.929535000461133,135.2316152021419
22.488678022553177,166.30027847353912
51.94487863912376,151.31759372988557
56.26887557907294,269.8998622163808
94.49474208215045,417.56068815780407
19.557064710152304,97.11783772425592
64.1675710161496,256.61700562659945
81.72592689875229,340.9472858398667
56.024146378305254,241.36749150179654
25.50036525010757,170.61988822844563
26.255023002000023,149.37000617072485
3.925305307099991,91.99996734882943
30.54442265484817,172.75414203812244
74.46036790033801,287.88466135462494
4.751775720711038,62.72551648222843
21.929528250483067,152.07697259649535
70.6232498531782,341.81705765872124
78.26515628228766,278.2248082456326
45.53184100619284,162.35354702785816
69.80743384786489,268.2189115326499
38.7952168654892,167.256540348624
15.991324502412752,84.2965326289491
39.814949352290654,205.32748419655158
57.996782020314285,215.44063534520456
94.80532818528903,311.0220562840889
6.875095208867732,123.57109186220747
50.73940938449606,163.06071768516577
32.89197782107244,109.77185208769967
50.83116942766945,254.9895947988581
2.397544737653168,25.661433246984842
31.302535470158134,137.62161427900907
81.9868147527005,230.0846229292
55.39417338546375,218.2597014290819
45.05824928161174,230.45502882457396
28.552507171533957,176.05509390840635
29.80425227913559,274.02464278046455
38.31014335905844,240.996537076335
83.55707099645603,270.15180853053806
96.72132068082684,291.99976831316474
43.865538135037454,322.2757325927335
39.33528387477618,242.54657116764662
84.65507758198628,336.15844596360955
42.69053206363036,209.84054355267094
55.20181722956512,249.38442157857878
23.094166459874444,96.07368334485759
74.35025357790752,292.40925648068094
53.19883182707819,235.96066542413874
80.90345502403416,264.6418957403242
78.07327300286697,272.7777624529785
21.500476827002856,216.79018175193323
71.56355505577623,273.7009788155162
80.00544079513713,386.1847876927157
34.61072407823951,114.10575511881339
17.260911290227455,121.429025694814
0.263215557958818,36.283437328335694
45.09036530931482,162.40783154702183
35.24327315388416,153.65064304871623
55.49098338254089,251.84593125952028
18.804109258878576,158.11158934975649
85.96655476664752,286.65447916975
25.775521562810965,71.75109182174702
22.642960508764997,218.08688721355645
48.071405648435594,208.28925880775384
49.885102374427426,178.26944752990363
21.508522878509282,165.2098161030938
27.18607267259158,176.4711332336612
16.970523915524495,129.00133931239677
71.84601783231668,285.79468492059544
77.0089031254082,244.46718349362226
46.23284974592826,247.19833623913127
71.40870226850174,237.0470503002832
73.59353919374455,258.7890921664497
13.82755276778086,161.56231395323846
96.61780248345367,391.6352792065305
82.1031947096431,371.2342170463505
20.44834611958235,195.04740385349737
18.616503574607023,133.0582195094972
12.566114557958274,67.30052842562661
13.837856254191838,193.05204859810286
74.81617990286962,344.0683249794684
46.96542569516235,189.4559627449485
78.29341727398672,334.0596592095511
74.62548943502054,272.7434498454266
60.46127135052216,313.6138782543416
68.63666065786795,250.1706815961706
1.8355724379141791,186.9108169455586
31.177764680502197,210.65099642974
63.78221792594102,334.2424880458781
0.9344953486244201,83.0399297545321
3.2976943682593407,125.0955128854487
85.18879824703832,272.6450860576525
68.40248616920718,306.12043049944924
26.536973312034394,203.74710125117616
68.7962840118709,371.719010118479
79.24566691392633,318.16945717443116
30.679428311010128,206.8245463140065
3.603737749918745,89.42042299510139
93.27791246877345,355.7188970666849
34.51798382956305,170.48956682274812
10.648176328470637,131.44083349167704
49.18568713931474,230.2249506814809
76.84677956641337,277.45928702733613
22.164731461755917,158.03066254644764
26.949005013336336,151.75833821373507
24.27149867985832,144.8800142369126
99.16730528316782,392.71294992118396
19.740373373054254,156.649026780349
57.5520216966124,258.3197638672344
92.52646416569644,270.6849225618897
14.689656887777925,154.34214730951334
97.08541978677002,364.78184423352917
94.74772343956246,320.2964102649273
88.45719870582626,407.89076080199186
21.455652133000225,58.395715429348414
63.405505601098334,291.14739794437986
76.08914729612401,319.87914782663324
98.60279281964297,369.03956704139335
18.04238220813704,152.4372939579565
76.60258995192964,314.4175156593673
33.880116992711294,220.82077676124405
17.56264655680023,113.70602713569582
42.13769412138549,217.79228413913137
79.38359121486164,290.8320716496906
46.48498037040522,170.70616189106863
53.75231002030485,264.2186677392027
99.51594102001212,325.3096088345778
39.9109299557426,137.4588397567088
61.54007547092398,231.42046265610566
36.524420161537186,158.07282176345703
39.27856463287049,240.98633223533176
69.56407534454081,280.28379664165107
93.78869760948835,391.9858473469807
54.23589504923214,207.8576322612136
76.83999289487798,328.46986351001345
8.920655881696382,240.44429319912888
21.115803743192696,167.60225797237905
50.213164091953246,261.38185427272083
2.001172362877479,133.85676803813848
25.28549787625588,104.0482295176282
51.740128982496614,253.72328043777355
1.4961198256300712,116.49043012296644
26.45462862260417,155.3297686697595
51.40308194758695,191.7273272737861
57.314924798124565,272.1605194432668
92.57516930553055,290.981017008116
64.53456232506079,350.1068379852898
41.473580252999376,208.433961065232
93.03511771330678,281.6920433330843
78.48829833877943,274.8359049613711
20.00089211127476,138.43043721290007
13.084236134881976,233.0776417641587
67.58116357427329,232.14954152963043
55.98831655769838,235.13556633994978
78.96736137927557,275.04202720142166
73.88050500786865,305.47293680039104
62.521153385751504,234.58989791669904
98.63821716288922,299.20503330222175
53.35897301104087,225.2721917606066
11.310575650171984,115.82014328880594
82.82735648159884,282.4280342308732
25.185336234570897,140.54610863683072
77.73021481439183,343.61486500133475
95.71070960000515,325.97396638228304
69.67955139643412,227.0134403301102
59.60301609498011,229.78118243446158
46.03861756750406,217.3571817503401
36.440986599540324,135.50690138928215
35.30047509718363,255.9000821498966
63.63727057095906,295.1888640117588
75.12731169377459,347.3206878134348
67.85170694844143,285.94377765819394
19.841010119356273,62.49413809530202
49.39871801434912,287.37443116070756
79.1640072183063,261.98121321808105
47.57040781890562,186.38310091428573
53.66232797354938,240.659735372278
77.11360481708222,350.1253337943926
66.12653062650915,309.1383904918204
40.93449208823926,240.0421015852675
89.54127111942189,310.8795976566356
16.25670686634786,127.01163964591477
99.55164485903248,363.2721157685159
11.88525784762372,124.30154075735837
1.4949971104238902,140.7376088212276
89.00189011487647,357.0418122662485
24.49535083659561,185.84116235575783
72.96996274467209,177.33216130825537
81.10153749320693,308.0788060096806
85.89863910321168,310.2177266019633
99.15942356641668,354.88927248699804
29.403971003999906,142.12621316901547
71.02433419272592,222.44305137357074
11.539985828082822,148.11886420984163
40.68092913568494,186.87838868194117
84.79716933125904,335.903054094975
36.76580460591084,164.00108525165928
59.10953805356141,306.6828781985162
50.377344372463405,267.5927138100257
64.59515311120451,273.8373894853825
97.28943893876949,334.34972223282784
5.573552650140212,149.39839564956242
57.39615175016297,259.8223508755407
86.30287792502848,325.68350189266164
48.13827117484275,263.7341454976807
7.852718594157282,178.9829045882077
56.05393524167709,188.02820808997237
33.20738908238204,139.31718934750614
15.49417853379359,106.27265979856563
84.9034513283473,249.75017773893398
52.15995129911216,227.78922270088614
93.32764123790666,358.2869782512918
80.6016504603069,300.61301691728073
69.29717937736673,251.0207908111026
0.5025503365311934,148.1227072063646
42.782345663825,212.80372034988562
19.74862816520323,163.64139393672352
91.07979110488678,375.7214745900022
17.458398467636027,138.51850913487849
28.60600516592855,257.2303225209401
51.68367677344992,210.57782628421327
26.336361899807926,248.96563979641536
20.986467727912117,111.91226329041388
59.90993251027524,271.3048165603629
8.892952275502386,95.49979764657091
5.816775872092473,161.12154401197807
37.22452951860714,173.16443221082756
72.06644545078623,292.2678240719365
55.4806758273948,211.63585726328074
42.28764684667789,244.7124173756029
56.57515642245824,214.15532703663163
36.54514846532736,261.40143003444837
93.61463354321128,292.59807437283126
5.490489091077433,57.74130583641557
67.33914790298353,307.93724159151543
89.12826648277505,298.2053029417642
80.38847087352534,300.6700683955149
18.404103482144674,132.6033993717231
29.592634898028834,119.3704545935962
71.70479387071047,276.0586594267358
8.427055918076555,173.69452891507922
81.18616998325841,344.7009901880972
71.89069446047903,289.37048564157305
72.96066492353425,328.67764031005066
10.024137026759139,80.97901882135199
71.77605448162309,265.89959256084074
67.981812521997,286.42201567427423
83.09224908218505,302.3047073084205
4.159595625646951,100.12989204603014
2.3110668467792195,55.82482454101207
37.300709987856074,106.65746232316033
14.878828384915288,171.22444450687163
55.838447757022195,249.715365121055
91.73489015067489,366.8649130475111
39.14797303340157,179.6787093261645
84.49503772726041,281.5824347450702
0.024087451786647396,100.33264710911224
16.851464345918423,177.66767999837901
3.042353965408562,97.97630392468069
32.814718051506865,215.39510785243485
90.81895956965027,285.1799039852922
9.695212359898775,117.52101484371863
60.64097767438004,248.68534171234162
45.14959391194442,263.8979997780579
93.84682123658125,343.25540137774243
12.251914253709383,203.27542817480747
21.202785050222893,96.93646907155897
2.9541968611493274,112.79077467339967
43.393524963137374,215.94767680689216
27.783289956465428,195.25723341268693
86.99059338903209,283.63660260762185
60.4940813197755,321.3166775578646
61.409073797570166,254.0620499277086
53.19106968813024,187.7501759364884
9.1850337229201,122.29586377908423
44.501868372535526,198.22557009804757
99.95051897085165,465.67293482240257
83.52292908460149,352.4902787198546
89.34590541671159,325.43092673159083
82.32263592464994,301.15029052243545
10.304169343098268,165.32919172207747
22.74482540647996,198.4197736901207
0.3121651356409627,-20.35476727851433
30.351012487811147,202.62929360428234
10.860740234649258,128.31540004859102
47.2793345301583,163.64813199665647
67.7127488573902,305.9032254776222
87.4505295038077,412.07908848625266
74.92171650908982,310.46981450836245
93.85855957785051,380.4297793616231
5.3898290393788795,188.5350377165351
1.217983541654144,68.50186051846258
66.13381138362126,188.05017551066226
28.935241022224623,199.66704799597233
25.350101610577312,153.0733636597366
33.08870876937943,125.54921665957923
26.979605789236416,164.19675036772364
51.14364063015873,258.1287464760034
44.01484472241325,203.83913823741833
51.242855137665636,195.37113488638357
67.27136115004362,258.8793804448517
38.71305089711483,195.97230792911947
25.13076871421568,82.55071567759346
16.62005368087455,135.60997512957405
34.94741195326255,131.43717725476992
74.1806475246172,312.87042652990294
75.67049101114695,224.22897303975105
66.69053866842103,308.85945652705914
23.402817530687457,141.4837106431912
58.80862458546977,224.43103000726552
57.0689661576848,254.92321365253528
48.42661981097255,185.03514308852894
54.997898638386424,249.091977647888
49.17906326236681,192.48823594265951
56.54563660741082,218.20112426846177
71.55059546211288,295.7412691583652
10.962819440343974,80.03634018740294
74.96257521490237,234.8036213168267
13.58861501275942,144.29897219149544
6.6627998410374705,115.53782989342405
97.60796862214676,351.03839164630347
95.69917688704415,352.8793890598847
6.043654494056405,117.49624902295074
44.32534414749622,236.1130844241785
18.624493829977474,150.61507617141734
48.53448971344181,137.82224507122072
83.01772429995874,234.82348470664138
95.06117747428902,417.8653658243506
63.42526534515373,258.5661533954653
35.390566721181706,228.0112682826329
60.332556564459836,236.44836311491122
31.200130610845033,175.58660562117356
90.98236408320604,308.5936510759876
87.04004631058369,420.1951458225951
55.8231750279661,250.09410122726368
32.47989153803606,158.94693891664477
29.338967558297835,104.63502645823378
3.341799470505946,190.47177734746748
81.58208510252952,297.1620073667493
45.038321303900794,243.55949302808838
32.513292840026445,216.89704220628943
47.11103549977539,198.52150165725823
81.8737990454652,332.66192899014436
12.461420770752119,106.01834826920742
85.76559882418273,273.2072586965567
89.7508835108354,372.82482059099993
94.67079150338881,330.09550169352536
39.74879924226278,220.9447504994778
21.714040403767186,171.38148952663522
37.36408184666985,219.9513957435341
33.291209623140325,118.468227005073
17.615391250286006,119.68743627626358
60.726667010148795,238.31686235761703
47.66241605086289,184.56232832523824
86.57009923240037,334.27409946469345
3.2109580482058253,157.40814101838274
64.38679275551263,316.93345680151424
76.29488785115612,276.62458839399386
75.94865691883071,302.01889661765046
88.60739670955252,340.05951208283415
72.9033742829494,308.10582660083656
92.78100616476964,295.4176617457121
33.26565998208915,258.90948313718434
50.32094167515431,264.3502728303391
1.4079663282890675,143.1549394455415
0.6957587303291213,151.80941272683884
24.012662045151988,182.2544077245817
10.080719713908525,82.46037290127266
26.021136793575362,159.27087453194534
17.70432945283974,75.56866449464108
2.852002483864824,124.39911875024373
90.93041464060494,320.28589388432096
0.8223131388891525,100.36984705242278
73.60821443370854,334.1130633622409
15.214788691951654,119.02371188299645
91.22296219996,317.5678088603191
89.27959395898858,324.1131849757937
65.39011463692573,186.92231696308485
67.22341498006051,256.9889457355768
0.5339141969688543,-2.0868362483109593
98.4871566113602,321.85723764013125
87.78326035758144,355.038334262929
89.5106225730092,342.3851039744355
65.92445370508719,240.06360547527288
34.47869286545365,187.8941440748036
89.36486490904808,278.68716752848593
29.151692815119233,172.781734632474
56.271154334220284,362.59400797721236
9.97309723438824,201.72739940316652
92.19556301327502,332.67825388631513
14.077045777121333,141.85542043938938
22.489680573040726,115.46933748958102
55.813415812821496,206.17506356587285
76.40930002129815,306.09194690188673
61.93513059362989,232.99964501967813
23.213391280015617,195.65066734690137
0.09430425274903342,165.5426119523716
75.71505803074392,303.12634947548315
98.52073259110938,350.53461301873295
80.99131203060904,232.54935965839752
46.02066181566153,246.15601621190035
90.37672613991066,278.3593136080211
40.984767311835,185.0706275612638
52.493408424346754,271.15672409072187
47.712976739568326,262.1255818148214
44.762387266552494,192.49689914208435
77.51907692939058,276.7847410267383
52.676890726949196,202.59703009432948
31.671712202521608,129.3425154789427
25.81581676584783,138.1288441098954
3.7747316967433386,42.322474067086176
58.3195161883046,274.2176433619784
22.99614154010342,173.90452818908847
14.813392201638308,160.35432945585666
65.38299638276777,223.74946266442197
68.12092578215488,220.5813438465659
75.21548922576659,290.26518712564376
50.357689633859145,228.56121450776197
89.40546052038866,317.3864827563796
93.63427533982278,322.0417224462388
80.73709397924894,373.0196468041346
63.55934820081872,276.62316244042216
30.372095359118866,257.9204115080314
98.29449216202212,398.5315838003643
27.413616719193833,239.39871392435253
20.265692199043105,105.96115332605919
44.215411378658274,235.21743721557283
5.684057071238846,96.24651789848602
97.84944646717908,275.4183287886395
58.84335564164248,309.349675849043
55.69520916641753,227.01893068462837
65.57962798997198,220.05151383941032
49.70236477772067,207.00796166474646
3.2063517094541583,74.88893479428303
61.23112888403968,224.2164835475367
71.61738769564306,269.82364909921694
41.67490606240531,276.1979178906581
75.72955720711929,261.601731874006
22.70012993384206,225.78436386662958
22.127659106618403,190.6350451479077
16.141698768757394,156.84114515844874
37.19947597891618,224.12426133284765
84.70120353890836,312.32115342469996
82.79120621490644,360.484194475845
38.28242079635038,219.29529422170103
58.911873598023654,178.02117237084963
72.08163164749156,292.529655572543
24.1206774628023,192.9189355093945
16.814108589474706,130.01136130915225
97.2095993212311,348.2768802064997
61.75573132096185,228.8913407601791
98.14157218336639,288.03774608715605
33.77559871322291,119.93548947095758
70.30316999741315,211.8081344606425
22.260363654123772,183.48654913176279
26.120017127391293,61.69174770184863
51.1902121269624,200.24659959849356
31.961812550807124,148.04948812311935
16.762156384058446,130.16612934318584
26.2880701989326,88.48324794706667
3.574839446586464,125.74088301291627
70.44236214774867,223.1359618430932
49.21166570858616,270.14295347004156
9.424306640452562,97.69217404936747
17.16939931284912,138.94551365759838
10.253453811264402,125.79064601902344
61.259280827587645,263.30986329759924
9.42103636124938,125.09257593143539
75.42823330352161,270.8006275017228
2.0510919320391174,119.40028111934471
24.93757879958921,181.7380216940728
89.06666758919071,290.8332028525736
71.8531318122246,297.3718839788425
7.296833292568772,167.82366605893995
82.11261044851797,334.65028948052213
49.30351215402048,262.05029897955
84.67830271688292,318.8485323157114
60.07397744503934,211.23635744893488
68.18330320328587,236.7729597392035
99.35015603957082,361.6843450120353
23.233554592401816,197.3076184516819
62.394557476138836,371.89439830811665
46.032139005739836,255.92909865331328
3.9451952922691436,61.16694995919414
1.4470641502865034,71.69524660036869
11.922857781785867,224.60497142555076
64.90917405385481,253.35327288948818
56.71630879133922,243.76762073571865
55.34295611637275,198.39919624804065
3.1856762528260085,173.08039615505606
46.930299636000704,238.14213722246092
92.46228178425285,298.928376612745
39.75918693106466,158.04981644338696
62.492246978845635,269.01185299188
77.98186756231435,296.7938690242245
78.39252791418876,330.6013070204184
51.92800823952714,252.57667129927395
85.79519454023364,303.4842682027144
39.137809336374694,175.21963074427117
88.86932147847983,315.51890261105575
24.02271663955453,137.14568741192693
28.021640699057105,164.63731008896022
5.31206241990011,113.96418170783495
79.55818365422829,261.5369993746798
41.70552362327056,230.5032762865474
22.911661391139905,141.8674898772784
23.179027761657967,122.92092887386228
90.13999412292331,310.72134065554354
83.3916600461037,318.5583128465675
55.35308853571833,241.83752979862464
61.61108004157211,271.58994540171716
47.4325570550291,255.95712813393632
39.16665428788089,252.20873822025493
91.54768812183315,340.7468863919202
12.561270352030206,86.9106360351096
41.8446789716228,193.41532902067652
34.45619079878753,144.35576034816205
49.81507202511484,295.13537872783684
45.76318745451751,297.0938818240749
51.88895316510814,256.77861283295084
13.99189772269941,170.69596742096655
51.31415015132771,238.72587949274137
24.241881388721087,175.83447815579933
18.433134898819127,79.62067454021845
6.483421878619122,113.1325949396885
76.26525587561409,254.00272242804283
42.744192085655996,218.56633304043527
62.66436833117584,254.18085022705216
72.75933433047433,362.8959610088426
67.93166653135535,307.96550719529824
47.05007190896823,229.46231504517633
38.789852895172984,185.86859319404627
37.595990964066374,263.720934087442
64.00487969300563,258.7659346811773
49.47943549418734,237.49790050972342
84.91322479885106,314.0408589039164
87.47019843267121,301.86065260665424
17.056037800651847,144.15893771113076
13.623365154572564,52.43068386670542
63.04009260359995,193.2078292220129
30.12257480622794,189.85283320088834
1.857071876509886,169.88770630471575
88.86426693629551,336.6484238072676
22.690076724380827,126.7542095482168
92.92806516858091,272.2901602680519
71.74344508782536,311.9989086575672
76.26534899114843,267.06518983153524
20.14614957931604,177.12721573136886
23.419442561681294,174.76896581844028
52.12677538240658,250.2166502149058
17.209985264986216,144.42296387868964
30.543169268303227,192.31946700898058
32.14624779478045,175.39571314393896
15.96299332527641,113.47552315344635
20.518283339516074,111.20928171249224
78.85518420082566,197.90955009180198
16.719585454726836,134.26389122836875
2.8457391843922486,170.32815330820492
62.93549426289384,287.7137544480728
97.598311939245,353.46962911924055
33.12138146231214,152.2651391311258
11.86557031962523,171.1582742040114
57.03873253675308,237.63296145283732
90.63542110956462,392.113773725221
78.40617798284788,255.19726026392001
62.2515868412716,224.42644735559068
31.50564966075994,143.51341571643007
54.18801732762199,173.80643433650866
9.124484130425536,83.8254192991854
67.894542428067,274.0306737237451
72.50960188976508,251.64284543954562
96.50316229099188,180.8132171412399
26.039735874507166,209.7945339932562
1.8456419043022643,34.54730086166717
54.56084644271506,260.91698839061627
70.67905043968145,277.99631066470903
79.0407475882988,385.6952709733031
19.37389330248106,189.91319917308672
26.175286903702364,144.44411780843424
51.25909252672963,198.93834166645883
33.060080997000185,245.17126286429846
86.05114865874451,253.72418078399647
47.37601537387203,226.38160772219788
79.9578644102003,294.43938758936457
58.06197604823537,230.87500235352329
77.3090141617112,307.9805024207763
33.267298653032384,191.05489411659408
83.14166219303112,326.88433627952526
27.457231555102158,174.42516786011888
54.60988080032908,253.90235776169285
21.400711317387422,157.3862418183542
47.55265216261934,191.44614175932435
31.817520950870314,179.71027500958405
26.670343063721425,136.9537690874742
96.69850180280375,309.2786468090096
16.00741054867306,126.03298868416351
78.73258374573953,291.8628527847554
98.4164959483215,347.5067905044456
1.990148374007783,143.10135791261123
69.90274140420951,254.01823040807793
25.291180555628713,171.41798564257726
4.0487824328304445,115.03250502804474
40.28895789566308,175.40038437703384
93.5217810170875,336.872441643599
1.1765094366997686,144.6595482568243
58.788569192978166,254.7310234705928
50.13964785953243,234.77615535663188
87.33841643710475,289.0008205819167
8.400171452062565,202.91489967673746
68.15260298866504,243.40660823388967
68.01096984332773,200.63921025898753
66.90800168622832,303.0580075898159
94.2334494935037,330.80665505254603
82.30875290068805,293.16381212384823
4.197272624350601,87.79538922166192
47.108285070451316,295.643493300882
39.79530562013335,214.24101033907172
31.014722109080207,200.40923236452096
45.13367251540973,219.59981244664397
38.41941849259774,207.2839739149769
43.23338998786653,266.27332189373266
97.92618656086425,334.3786456664025
8.863297474958076,61.54228418567674
92.22308698387297,366.6731747953246
48.02367134710267,240.7244738052231
62.374224549954114,260.4280668944019
83.01829666176938,327.1314538304141
36.046302914925555,174.69092544607278
43.04219080879669,208.46639296731556
40.95184802787139,196.90022441618459
37.47310225357599,169.07385709427186
92.5529321646895,380.85792357139843
82.8929891193012,248.47538192040534
10.89999898629761,225.47461838715446
10.812335247709603,163.5335367456519
42.78695148529912,132.99461760354347
9.865737673280906,115.33789282511437
61.909309527111965,247.7609125508194
14.36916072617339,152.22736462665839
52.2373263966801,189.43018351878135
0.7219947003717753,103.13740276464584
31.659634841264673,174.10990848219282
67.71907236726554,238.6090320251909
48.40389402278484,184.53241458478863
97.82694859989881,382.79428481235226
87.41037960662108,247.93954752342069
35.90707790431512,209.64987181510298
4.5486541472274595,144.55209160145466
84.56263001150188,302.3134444232494
91.12343103146713,329.98755219670863
82.06273934190368,353.56411605057605
12.794994091976486,102.66210284815637
99.79151344122877,324.4470041861863
25.85842215527738,144.03143203689297
72.42049128083701,329.5346580828068
90.80348763357216,380.7746651029067
23.568711433070945,100.84569551293325
90.8258554677066,368.92933532393397
30.948157919486697,211.4411158709959
97.64132223840562,408.7406954428438
28.12600203804746,186.3374440465534
95.34358247578352,336.51751167003124
5.3544650892674905,161.0329602865528
70.9272011669813,306.3959301433089
53.21111338370037,326.42689433800547
47.78770771227306,259.3563571540448
22.349431425583997,162.2619498082169
70.5595789776492,227.55027593416116
19.08094914463071,123.5332846292698
55.284179598476825,178.4674702651942
25.32453630402508,154.36367398580637
95.56213797813561,377.43443351185874
2.8631193835652824,107.00506263894185
19.972828011123656,192.44100097234548
24.231060638744772,174.62242367229746
41.406782576781644,186.74628155180224
23.273024187005355,161.8282094340351
49.134909026878525,242.47887902717878
87.2465523258539,323.9087772759023
71.20634214091707,284.28508023548466
57.99619805351111,212.99412691635595
8.900317798267965,104.23679530962585
69.39921083892756,367.46140155823247
16.641428431093985,192.71398089706383
78.63673859616979,235.27262221230802
25.00567585101532,64.03632768270802
41.70487283209009,207.4321715880616
35.04702023179279,224.7905350707643
85.88139146748568,293.07127249945864
12.654445871340814,174.14227719947036
56.56448823847886,243.8931517590526
14.206160944306223,128.7312296564401
70.47958361321867,307.65716878169326
90.50781277944812,304.1408129643173
43.46076538672534,196.72348259840206
48.80922602649759,249.90540754933136
92.74228364827623,330.54947958767895
52.09913886493571,309.6625795512642
48.75984380495609,250.76625054051456
57.83291027043042,270.74410647625353
68.9229736362952,270.2477908134727
10.688337508703139,163.1150558780954
82.1110527741516,291.8555194013137
43.55050274532593,220.62459733509425
7.234850989748553,79.96470939289958
78.61826691982131,339.7916784477799
37.69499716862721,206.3281158960305
10.036749509505395,207.5744290145148
63.377903954325056,357.9764538739193
88.01313534336417,351.7907823397417
88.77535094139863,324.7852158510166
95.76634748089732,300.0548073243378
86.7705459766688,354.5685257893583
0.2140919345475223,109.28412964205943
38.02411664133902,217.4452580152358
81.85425799055031,376.603535808069
36.62530059984742,157.26307931205247
60.15485063797061,211.9314054034535
60.6316947374532,241.74272384450458
36.502530403882304,225.42244094658855
90.44739272812876,349.2037611207812
50.32283453861176,188.54192098784523
46.47842059375008,247.67247278388848
99.75137456618958,299.40191696421994
49.35003640726167,188.52080672755164
17.839825192858104,139.7959555218024
51.306942286343805,205.24182102759707
81.401673551993,340.5268324431412
77.68603268982814,306.1298728431928
78.8581765108471,370.6017024393692
70.80237839979118,266.72178650217745
25.42178290666882,158.47023065635358
86.20840858402315,365.87905049022413
89.3443465376265,319.57810177947687
19.415269661854907,210.69633726109205
13.045563655139391,155.11509389957152
97.56049685891121,246.01344330975894
86.83239636503679,366.0738669311681
89.32361472099467,361.2830815446919
88.63763846243951,361.1743368479195
54.168682403372834,155.91535492379614
64.64017366657997,234.01670364484542
54.53628521336417,211.8476189683599
5.1206349190329075,77.80669070175881
74.55030853527727,358.8485454615858
50.53320333358803,225.8434068523326
64.77090747902298,260.40614884958046
50.263980497553526,248.6262846228167
49.181132232245595,246.63865496693634
17.178910947776682,4.198899231090621
27.871371514114895,142.78669110172513
15.88526919439558,80.93403349632854
19.566629562534242,165.5713289475279
97.29773804203049,331.224961747523
15.311344577219844,138.91856183427888
26.927042430520764,80.84068789293612
59.058965773858496,234.75599711816568
61.017857623664185,298.9396939993964
15.397412974382906,197.1337487239542
79.37174257852124,328.3377049957062
78.5202867912825,240.7386166037054
23.731770420389108,211.72690109804267
28.866630267546046,202.28872572475393
93.7987865459497,329.62131073725936
82.5671445979478,222.16612427578409
69.77970330625239,314.12362391576784
8.223322151060053,95.9211955805212
41.82640809025757,218.96826653637103
55.9301872076827,242.6709980141362
18.741128798377694,210.8578223208059
44.82265821082245,206.84074579996013
60.102587748869,249.62766770020517
32.737668011539924,247.52254236006831
78.09448189504872,267.8508353420989
84.04495816388055,343.99233839971845
32.36094694340708,172.6389502673599
83.86571544924571,267.9534801162582
10.357656610301502,125.94244443638352
83.77290986226564,338.2107005274522
15.275043166761659,194.50877356286588
8.292715250972604,182.0865051967843
64.17754044410113,248.18017704903534
47.193736575529435,176.9097877278898
90.78906004128328,313.71150223327305
36.31891960908492,141.6396528943069
28.71522634376287,162.74370215241402
50.07349061441984,210.9687253105604
45.59461857686613,244.25381279729402
34.44280462171883,94.3289679859886
69.37412986983286,242.9135293602655
75.95618339139082,259.7052331096791
85.29839690301367,362.63648101018146
97.28566047103429,296.8726001074433
26.665619213250448,176.09413882561736
71.60934824899616,273.6925815276751
39.425823549574524,241.9603954076751
67.70819719511081,294.06010753237035
47.59816903492203,224.03977411799104
99.37731027679317,325.3663326134392
72.890213579075,205.1587313952905
95.24913004343244,348.40283618019515
83.49695494811857,330.81344198936625
90.29010111633711,260.2028069510576
81.4419197214675,252.2768918498748
45.91591303759114,225.28798376532626
25.17884533468844,177.05712016558158
37.03201754505222,151.36411294394162
2.0236232639950447,81.17506701981236
52.39931674646672,154.5910818204161
50.50578002704087,283.56558371838145
52.52504648304882,177.23127642980432
97.40312249720638,366.06853535621934
91.14540034548394,326.40895935045114
16.171277833010798,194.08180167171068
36.888252155588916,159.2588592064326
42.39561794632619,208.53746694525083
36.053291785164774,119.4700928971207
79.8495963603913,218.9714848260275
52.40376698675869,255.819906070363
57.209981697162505,168.75886486712767
85.30135589879255,303.7583878044505
80.59281534153587,343.5570360825097
13.22115228202997,164.11874151478082
71.39145840836343,250.828533532028
43.543612890203555,142.769279730006
29.464890306250048,194.85978498523255
5.0018820902186345,168.34936585695314
48.724956034545094,194.25994167818894
35.54366807245314,155.43729850096298
25.151303967640082,141.03968748237455
69.46717295969576,297.4497414216225
76.9485387315587,343.483883331605
24.47895190294248,109.6234763270345
4.944743667934725,50.02576950325859
84.8752700565235,409.5438392330948
0.9959741204303318,95.1124118358317
93.7112493921472,344.79974090245264
62.76198739827059,228.11715124035405
32.18466352013203,200.84656520792714
24.64779095767362,201.56285813758592
0.9005664264475244,114.72445078933329
23.547141701087714,231.29634167757368
13.77283015171411,120.83785036108388
61.216622072314564,242.1043167327728
16.65455885938013,151.26406997533107
52.86298375366193,251.50221191695923
59.01164223444708,257.0128628330876
29.80416983469145,121.0722731047572
3.5064949018718705,121.7684463857597
3.72538806141961,93.74595943025889
2.6347332193917605,82.41525529976323
73.91246671365462,286.13258429788556
31.800970481429815,139.49822667263325
79.63001859676636,251.83703363536344
43.17328238428492,99.1164889744458
45.29981008299638,285.943421710098
51.28826025095737,251.34187997325688
71.3031456375104,273.3998869827345
27.350286582970707,140.615860291958
12.15873495335269,10.739370342231894
55.60573351914615,208.70385343949806
32.697762324273924,211.52806059780332
44.24913136680374,249.82203747424694
64.69467083373054,288.4592676251724
49.41257411412706,230.12134053198218
62.02788171008429,309.31745337612756
54.42000021136278,222.381192959989
73.97963719360992,330.0984321539503
70.593661771162,260.48358260841474
53.41898918086192,196.8875446948075
67.89030208597069,227.8830163280959
87.35596022726128,274.101473686765
43.22712877881686,235.48838027199776
41.276307274879365,172.28880152698054
76.42456208523801,248.08218841189398
58.2553837041994,275.3334487972532
7.100678022258855,131.39691956629846
89.21120156910814,363.076691547198
3.0783102237640136,129.02250388173297
74.8396356209743,255.76584406477966
75.87941427043128,292.86478052221133
95.31110852819305,343.48393566441314
5.4134408402320755,75.29196011049721
59.685686078449095,203.256237862004
42.784057062705294,178.63868603902228
33.0632954859542,267.3903495960191
9.031856029907303,105.40740137666761
56.265411967130916,291.95701447896585
47.90407256746136,200.26153746509354
10.455445815102426,163.11879811146903
61.24895070970834,290.67058727383676
73.79531202529385,324.12085582412953
76.72783010536483,307.9551512386141
90.53731882624274,383.64870251356524
40.94707418887772,218.10912130388763
95.3072768622137,409.55968230761033
86.5429405082686,248.96050678135867
29.650157102393905,188.6158595220339
15.928303734945848,151.60845158527434
43.53893961280134,169.88339397405917
40.18987079559666,224.5883075439027
57.57193053312043,181.93486203617988
58.3386232327748,218.62918646648166
74.99869843799752,204.3245975842063
50.98899482056102,292.3192212995441
10.482264094076555,116.57203195044916
85.8291335553106,404.72615261025385
30.976458318518706,210.84791767711727
97.1297460306592,361.4675136706188
11.786010867977016,105.07499460844231
95.82511722325032,296.0293474530974
9.101180688251699,144.51121022755586
23.103613794705947,154.78369055165663
4.657994208654159,55.92457701483464
70.5113146638995,213.16931632152722
85.02987365717918,272.6877675084098
43.40710818159804,284.27920300136157
92.85220750424297,424.21405731494553
59.029907175559956,256.10335167247894
63.00071354465232,263.6985563538983
84.54192017007699,297.36217452225117
29.68002050518389,135.3207415751636
35.42657213276258,245.78082385193807
90.59519191946444,404.4382194400271
90.09634960387638,288.0701282273517
97.64827762008709,340.67419916976695
90.18383164416711,306.7428691533763
12.73720360333609,114.35894126544285
82.37242861369873,355.27084385660635
40.9838478109594,147.87539376822147
99.08013559459378,367.107833824891
47.22809643288011,248.36862398528012
55.38360825022206,232.54481393312628
52.97749152567985,269.5998604543995
32.17370298582778,186.5773196801659
7.502208889291817,169.394273510787
89.56512304019185,260.5813797020325
80.26758125262869,286.15814094103445
13.952678055966928,131.89390573732246
77.67682713500729,183.01474586149973
62.584666605061,211.28054867973282
40.91437879176223,168.43610928082813
25.40211490955627,202.95544514661947
85.97287835022325,285.5239430743365
70.01882592940531,241.01084761145546
54.773990946913685,270.9465141869875
60.95685338984641,185.0788800794219
9.106618208218098,36.592332427930714
47.39197609111919,203.4358744855682
19.3700292785702,88.1931606522013
20.838367900882538,93.4461421428582
66.13039622868668,289.18373217549436
91.1256151834288,364.25897332777885
40.375661047834654,233.75988780309552
20.774927301219037,198.06802669986178
64.87469372366542,313.8241898126669
87.11870463503178,229.23665941251213
74.83188011224908,305.8191124167936
86.87572305365872,295.1549319839452
53.655467101079935,203.0420445893742
75.1876244369191,311.2851399143257
14.006455935893648,63.02710979666492
34.82746153631915,114.21369264976794
38.95491644815225,223.7471168484791
51.12957462460346,248.11829823394206
92.90763602568236,337.9578590552662
87.42965602221743,281.9652988120066
13.452549228918453,164.57844224806715
17.27896518824632,171.50144884423383
35.76405495889114,192.95923601530356
29.07438658906739,123.7034656252332
61.47709531562623,236.00025958113335
90.2776047764545,360.55212402846377
96.22915416725868,395.79074266928626
65.36029525352265,249.81516640704203
83.81592014010867,299.1521440283733
52.52022002307971,224.57346662570967
20.832694686003972,163.51867410926005
52.46884120934774,206.99676892171266
55.508260143765106,118.35793618398442
74.24575642135565,335.23960506549986
21.98829897073491,229.63887089846136
36.83103820867317,166.59866871192025
36.40274692145663,146.62870050333242
95.94395957411649,334.15582483930797
44.394496032671896,203.18513161449698
75.50939672981465,330.1920920535193
75.0811381374439,289.97612204797827
26.554418480324138,133.40893367211584
57.18696893717321,188.11493116552552
89.43028933186481,359.59047691443453
47.51977194569494,243.74212505866225
94.5117507342546,380.40402364510845
21.44582293241616,113.33309910914082
7.415910577403073,195.02803566291323
89.14538731447493,250.31697104743762
84.76811979622167,341.4432855017882
99.25898759338448,268.6991823788245
67.93934881124261,236.96659533612828
93.66879266671495,399.11841881791986
82.69490250841109,341.32620768862705
84.44263331200868,288.38105555511913
56.914157045426826,220.69915147896154
38.23645979167109,199.77753743666466
93.45580725432818,355.0303797893902
43.211717561589445,260.10131676255446
53.881936724966906,215.72320321597968
44.611430712518775,144.47017854440094
56.48183139601971,247.73526607475782
47.05050789923272,198.59483685894187
4.796755857947588,57.8789592615534
88.20481860076987,332.8965766219662
44.43938189157698,202.23184632348017
58.894364850734874,259.98836781807603
13.918780275798703,97.58355497340588
0.3387847982639136,121.09657796991607
24.529009364364295,106.52458701360881
70.45860321333502,241.70870213671185
9.91945301128786,114.69217378587544
90.88874403864679,399.69030242975003
21.50225693561846,186.40834107834146
20.45936142917758,195.965051626937
18.15079616214955,204.3345513029087
1.3981712971364746,253.39143957649537
77.18054684782346,294.6816823568774
87.50345312452585,377.8544843097876
61.416270261619886,295.67141609625696
18.819998167986228,188.48997757191512
28.527799694087975,245.13682734521052
47.592669736496326,201.53613470034054
95.43459516233008,317.83867252555984
24.73513718177428,175.14170314724512
73.16459039198881,275.31024282496253
43.94482232929203,223.1132997533189
29.78473483600218,239.4800785083609
45.59159370221138,194.08566592589193
7.120671754123253,105.12549589728752
79.86873709303624,306.9240607586519
24.330192798296714,151.32628245353268
72.54121231929705,201.72072252695588
6.834837144819472,92.95085325193014
95.5098556165686,367.37283718802877
19.30149854056986,208.06295087378857
88.27420762070804,272.64755576022475
80.94732096154344,254.13630016129443
96.7859924081416,343.2228598956231
47.78906609457496,133.1174286778011
72.73972938459515,263.3363158952652
37.0710657037784,120.44954748218511
18.436823801969382,203.05192340695513
44.30759329334488,178.76092205127026
16.574901538845488,210.20350289478554
98.20446227863839,391.8392673394358
9.624649114071637,97.17155926602923
58.92117234526204,202.7039965201496
62.64638552540559,248.56348323235144
53.80795428740542,230.16605767864408
66.21858857118336,279.94793235589617
11.618077501189095,96.73707132575592
55.501852420529104,269.80842712158704
28.721257112736154,182.8421297898904
94.01760633010566,320.8818582931819
76.20716534397258,260.8934262533344
97.25144821597426,335.4364715645448
3.7556069740189546,75.40179996651486
28.51331751807087,173.71463862068975
19.5422586638349,152.41032743440323
1.11545873118305,113.67699145554882
24.232573024632142,234.06603641714304
67.8775983520429,264.1836266880934
23.108892213456855,199.56857507589615
50.90034454826182,236.80285651277308
88.78181149649987,312.0423626365383
69.37579203490752,268.48185269697683
39.462906990603194,196.20979177878505
37.24689389121083,204.75698421054935
45.573581400848475,174.02136505078374
17.704144105990636,83.29480027085474
63.40007674159881,285.7222676573502
36.41528191046055,228.404691782165
85.23653492620437,344.1135534586543
75.65526600578163,295.58578360290994
61.05131640921601,284.5487100481449
36.420222264951605,220.7328059972409
20.99318316734844,185.25231681886808
77.61518641056229,258.2767271340924
48.64090989910865,175.96354032426075
22.47500381773575,140.0210665851592
19.51746150400062,148.07038701239748
16.540090450135903,131.2850855227481
77.7161196205595,216.2105038869569
22.89871853003117,228.8779036243899
52.66422635251975,220.25886879759292
45.15463609730565,220.07196613887595
57.96108992282839,296.6822478579612
87.71549003711942,221.7260364525341
86.77473900817306,295.64779836905535
45.107607182485964,196.662984413547
1.5366250734723308,89.84936641024947
42.64438057143032,199.39303313884596
60.61935374241404,311.7565000750298
55.77647590980618,267.46048000604264
65.13361058002054,302.69313175141644
15.407573247308349,140.4793743853535
64.65350987807325,203.4127890710981
18.265161874377224,59.1370054489942
75.0523980696749,223.99991030164426
33.908761326268,199.73997344391995
70.98954333814535,278.7956388322358
4.786559890610709,103.22253065118134
40.78600255909134,186.63034574537792
70.50345222633328,359.95640739962795
22.687051633149412,122.48068399363126
79.52870447972225,337.4237361087629
63.0779733104932,257.77452107512966
58.75617721497983,244.35505159954533
35.35488542043371,237.34127765248127
48.24514703811176,281.4615173674092
59.73493009778531,239.3708581012199
47.24621139148905,251.36639761321956
69.831332394056,289.71804932030665
43.36969331069596,208.73365580915828
20.227318174203035,159.06633254779777
21.393378280104724,124.8588045235158
0.5803768842941093,88.7156616307939
30.095771555867245,151.0820690145202
74.89176404785196,324.73123352093364
79.41627088376096,294.57983003246113
20.246754209575002,96.6254285787036
95.90439968714077,309.6623573398185
50.24027934801267,92.49513268145651
91.69787490185027,308.67129780375905
70.67652818616311,278.25754528292583
72.2433423022413,274.94441694983715
8.504362130607113,203.645326229528
21.999112689693067,178.91677633078857
0.8814833294472635,124.27318422072756
71.61276404767375,210.66361968959117
34.443828842851,170.93862119509814
78.66525160763467,276.41549856270893
33.893621993702624,152.02910736415933
81.93337522988611,271.5543629516734
13.0698253748313,57.44751744103314
17.33731567575082,90.2613527516283
34.08765395839365,221.5858346667572
40.84873888822733,196.17587430725237
34.87028108429784,166.10680475278983
76.36470325232199,290.6866192817395
9.695139262671471,172.80719577242775
35.12170196384881,187.9794338413974
83.72399995154593,331.79229264220004
6.679707726217199,81.47623247505604
94.23435076713574,309.8477468543365
98.63168422720129,361.30643658776734
8.856817382508009,200.8859957197388
29.127252225573695,232.30398515487533
37.24006660353562,217.34875750934833
77.6391368652726,300.3982513339907
59.59268121167338,307.2732636941543
64.43657004925673,294.15405652741384
75.7509822818506,193.94953246515956
11.797899943702571,85.64590418456385
83.32094569102624,322.3707093881459
70.5619804180144,202.05807604181993
57.73417251963703,206.99119583148132
88.97353347830567,293.31799793884596
70.03063538838072,264.418793120384
20.16999626310254,138.46644245850382
42.97453810756667,195.40747542604353
49.404286693573326,257.8476772957001
5.521762675040565,102.76975449096746
95.46375133600557,322.6568224442926
12.857726079687847,76.01194227970518
69.74612672267268,316.9832918092542
50.62310360908802,198.6200713462058
2.5632249884422587,61.182111268293795
92.47474758643617,340.0525129987856
85.18368088189332,281.0505725975577
52.425792790383554,209.18219191266448
22.894233613944525,167.98883252344513
12.162289068009425,116.8223967670844
36.33924794321266,287.0227436144226
25.54282810460905,160.74382497152774
50.66912010062987,252.37799027110384
96.6409296123429,260.81804600232084
57.49534932296414,207.93102309825196
88.99310558900979,277.26166529503337
65.08788374957773,223.0126932188374
47.52465265872004,236.10011067823754
85.46075627333713,356.7366271586831
47.13681101729975,232.1803969374679
86.8628170510361,307.7274817204566
29.157676957576527,146.64743693375476
12.881307376298812,178.53464182499118
85.53144643629383,400.0033029280423
58.74151637926668,252.4727903052862
88.90923982489602,361.35534685844885
93.78272069923833,348.742742337165
5.3628390371449175,144.8399170396971
50.09693018588683,176.7912984753964
37.49645490745293,173.43220290189595
62.585839707011715,272.91812511403526
79.35911972023236,348.84354571478633
28.059021597436896,136.10903875439962
55.679838437317166,154.60408481100455
70.87285799048996,256.4518285757955
13.443108283573402,175.6343096368537
81.40669059512669,237.61867114597547
60.610959985297306,202.56158894577993
94.95374371136518,343.87135985485935
33.95289191306933,180.0572400071233
10.814594233719866,151.76929330261567
50.65012010369253,175.50406189260897
8.581077170943885,107.93194225165885
96.95265233240067,392.1073793175077
3.8684958257191537,60.04073372309019
75.3503901107308,349.8229852848888
52.510239814224406,186.86566241299923
36.862065249828866,227.49372616326792
6.5842164508654655,100.94358364301844
62.216692417360775,207.90776568119912
58.522032939095524,225.63157262095154
28.088327306759975,192.89262441501887
91.02217014103121,327.2702645516562
30.41100073428369,222.5614776786675
44.97254105921061,272.16538974260783
54.37624559186557,186.72056393793923
10.02318781762861,72.79082889328484
93.21617192136323,278.7544195464434
37.45361524510411,156.22293953154485
8.077921387434362,166.13570387368617
38.72911736753299,220.13668042267005
60.02025470925807,227.37473732285133
51.36526718213295,227.9512441167801
69.4541974037274,332.0616943378204
5.5483942067910625,193.25387246869843
28.45406102720561,181.9268507431953
81.92305768401023,194.16811744960728
7.989368779136086,132.3420664046713
85.54859546959575,352.7617313880887
9.189609207710625,132.31986176340914
83.44542148916962,338.8402432792578
36.078840107872665,205.05282304537604
61.22090632572158,201.6847814254557
15.288711564799817,101.34978453531147
6.616872172518084,103.18062761194487
21.59382040201351,198.311186178092
12.785381790869554,100.09880948187916
31.24058976796318,197.0693262909638
51.43832465110202,241.23095719778672
58.875946356500954,313.18368249470063
78.9868107379743,295.73293758977127
65.62398932483586,191.05316149331924
60.8758325129553,279.1026593505538
41.17820274857746,291.8994009620266
47.38084349601387,248.0908534582855
41.45208293901811,170.85950739748392
84.21660300613831,265.5270950602649
23.000045254839986,117.85179712253897
0.5720931541964625,184.77812393537675
65.13198972262393,249.21149976079133
20.246218363883138,123.04623434391605
89.01151363098093,315.937019568719
85.9046329706656,301.57664880809455
7.672737192820589,184.4040146625613
10.638840541407735,84.38971456476682
49.51715922466663,272.9136188065829
60.92226627693547,257.38531347594613
27.490833748224077,218.9454828738967
71.67977166993707,345.04437370013744
59.49160209188715,252.25701503282895
32.48241097485547,168.09779019070106
2.5371488042315593,109.0962456226045
75.01502812985177,283.59463177254446
21.475366582508272,84.7502441334025
83.44737434626283,373.2094595192717
42.02902600542552,215.2984629633503
57.707744263176544,195.87856085029557
87.29487304090019,232.2177713849959
86.36230009199534,219.06586764661415
37.15195752435733,224.93577094214234
20.888889271484313,126.46963046504953
77.51460777285946,274.86035436766747
43.30802036021312,228.57973350899397
19.204199355900407,126.54028902671229
90.44253423171502,348.84451126296767
19.810419424108737,153.48951472667102
2.580716819123108,102.95157653016327
2.0279973767419968,39.63563409625043
62.231535645426426,221.4738750010329
66.16750607175304,290.48727922176914
31.10417050569839,149.3848745213524
32.00109892470634,230.15220800942583
33.94939150599428,282.49562328809054
68.01585467588787,297.34857998357944
5.813379102682859,176.6427933138099
92.91163526913256,362.26498099483655
22.252104417744643,133.4022628510494
99.96732052420923,358.2456213425098
17.1522693787187,226.64499217672926
77.15464573123775,271.10413466199725
22.341254492962502,112.61187194382157
8.084680164325398,73.02348467020138
87.49333243506489,309.68301018583156
85.87512591908919,272.9383083255341
40.357039244960134,270.54026017629326
70.23961425404268,284.6005600855115
55.706593268391714,279.6952049238699
85.29561136737487,300.8130398950422
31.505596931865444,131.32603084967764
52.367239999898516,176.44069936428468
48.537237120455046,183.5660509224536
35.39058262568587,202.93527213699113
89.14550645563722,344.4935215356549
16.587792466253546,166.5654839754541
14.950863952069614,75.44085836274454
57.69095353227514,244.21035963091038
65.7494229984942,221.68420366713727
19.461925432456518,165.3578252560338
39.07174422546241,217.61138543563285
94.65638429787437,287.87264245540376
24.6617422690674,201.9292759303559
66.83607021173941,364.3970210706895
74.01493936975908,319.7707310704825
44.81286994651595,205.25745650085497
93.7525986759583,321.21159686461067
73.66567352187904,275.46606638347384
45.79245798608979,182.83077519502237
56.933520177609395,252.83484046441694
69.26134434251007,225.78756777077544
59.219018042921824,169.42657411574086
87.86975838260759,328.81093491952697
35.68886622804012,190.10556833442706
29.988574005580492,151.20787789278552
21.38388894952643,100.09306519061377
3.7782968064595135,121.50055675771593
4.301396438005534,69.55720905661883
87.00551931092828,311.73301160534606
67.83931464059073,343.030028929981
66.05324154364861,292.2258868146235
61.464281893488604,196.69787178967337
84.92191446941048,259.2645227547094
48.026692566562744,226.3831723686195
87.04108285583003,260.3824213271389
35.944502618223915,106.57936771161667
92.67075043390905,353.8262402602128
69.86569800812401,288.01679314179734
25.71771360244273,183.04145013160849
56.40849216886251,251.9648223267101
53.303056148825554,230.54038494410568
13.789882173033396,106.92431776368456
59.12429057506141,269.28454753451155
31.478562371695794,242.34728503563895
5.234876680960243,92.23353376099597
94.86561577065649,294.6960918924541
64.14903690642878,213.14589200826956
87.6918931870847,283.16937822965474
67.60560050132531,277.4431230042805
35.698369214011294,100.2266111641353
51.268807232881144,246.4437255713717
67.57467603471771,295.7267231082791
96.02523252014376,265.2539411403681
25.366945912169648,122.67851372070761
87.49770586241176,322.0593958105639
92.40778052942694,325.0503860135334
67.04155146589565,289.22342154012466
93.12666274013378,326.94465232718954
39.78785874773685,252.09044633305396
95.30161760404428,324.89177508823667
70.27828771659749,234.79658267780962
4.20057674188119,66.25688978317609
90.68728318190527,357.31741209393186
48.44728090331925,222.35059135196607
46.032698477783285,241.44752796187365
56.646660597963425,267.1256437623742
14.938454677122792,53.31018247424443
46.916604856739866,169.85831846466223
83.11272167177457,265.31864828656836
1.5482459137515336,69.91822337782793
27.29171603243713,150.740385679918
0.245458644384422,142.18331550286072
41.571130914984835,253.79074554293308
72.83155104937347,269.8931399735305
79.87718291146285,289.23840446652974
94.51897611270066,306.94783488509773
60.85046129707865,255.8368118501875
25.462686665289546,172.08260812562347
92.4147949136699,364.5904431144801
77.53157538803761,327.0480216267876
57.44284830031445,147.8273840140949
69.56402157189359,267.56341374835375
92.43163550074291,388.66463981182073
71.23940284729217,259.87071363987553
36.8374507584734,239.49183976871367
71.30282022890967,265.50710809476897
4.027816273538787,117.34724030176197
38.64155618305812,149.303496298528
40.63230318455793,155.84646670599372
16.68382344208347,171.89367178036548
2.3085480551770177,142.4594638210619
13.338123663774281,134.44488512468493
65.46214957970551,212.584166396196
80.22888163636875,302.3946948610013
98.82034927269741,399.3581966457281
34.63635031084943,259.1029224948168
59.937922226110175,236.66815618949238
93.71449668151219,265.2273567167307
16.70417813381526,176.72381495456148
71.76455863427427,267.92993814560793
75.49787331491632,327.9799363790131
8.897553586933837,133.9379079569741
86.12493851830651,278.5566100588005
81.31050471108439,305.6995213180989
3.3403006577434446,162.78423488853187
9.108441488005148,116.56554454381168
4.912689389185232,69.22860285539048
33.47435317993622,117.59026280307707
50.92889906799262,195.19629722581485
53.23477279546288,216.02319229018548
26.766675976944263,201.03279503349512
91.15968865602741,281.2662317537952
36.826278987191316,256.70962243968614
4.555015596535251,55.755254334267555
30.022711154138637,272.0583734580198
53.11094225441555,304.5676415527281
40.822182258823204,207.92868451827476
27.384251909925915,99.90825779298103
13.132324976431741,130.52489156830342
81.91645000962298,288.6965876054785
99.61452421241918,296.0195268374102
32.95421335238821,194.4930034877529
38.162104417660395,161.13754740282664
61.8037524676957,224.76568762140724
71.84414747355413,271.13630889830233
39.20295348035913,174.0882731081717
90.49295169818153,412.6941893129172
56.00039892289183,217.7125631885437
45.0390076405931,230.9403956468274
64.66727531599051,267.7226588618495
95.28038482491732,352.87715283948376
79.45522944217055,316.4903181137118
4.001313053512434,146.6723713965368
33.230991073995966,194.1629799968401
47.05446849512227,226.99297204017884
31.451757220910526,181.0623344126948
70.01875608304566,269.2880085331386
82.6269149862581,268.6318909632906
73.13450951852715,280.30384190726284
98.93332868282752,357.3712629305235
27.25476478930291,184.86898847797127
87.49894950244214,326.24813075969183
76.66226651744861,281.96356129960026
36.21787575581461,188.16987716019838
73.41245436569686,260.49664621427024
10.407595641824695,139.0506889273805
78.93334823405523,288.1333195952115
53.23306025871026,240.59489751763124
29.22901727092532,214.71100388785183
65.57773017841801,234.4314125066645
64.1619998714409,285.23054086623426
20.94862227195997,153.75326687621413
3.0397414811526136,191.6912145750169
43.36225869016739,199.406460733773
56.95118693444212,271.30032461138114
87.66052783705985,319.79010072140363
92.82167956475944,274.2937203582992
52.88052181567664,210.53800865941238
75.38034837685449,325.0829153514286
43.93032723279969,191.8235433918548
74.6082156572893,194.1466640395716
20.48015249391669,149.89385714391372
37.106473480353145,147.31947735274628
63.42279988136148,264.04128306562234
1.815796560707883,169.0750433588891
72.2461310338954,312.6286375123508
83.55355012681667,372.81651798203006
39.91416610939515,176.4236795173802
44.79424171771643,206.02916181785037
85.1282212216531,269.36673281148023
77.56546353260335,265.45399706395705
28.814948903337502,133.4742824201069
32.397610656153894,126.62775210429461
67.88782323905966,326.5460913562502
56.31980924481612,153.76341033398552
16.222957109649695,197.56209048453834
30.99299092291664,229.32482124436387
89.99832768786541,345.78971849779794
68.81744367222635,225.67447850996103
98.59743176855194,280.66710472126465
76.70125299807694,268.93676988839
94.19744321435903,361.5017759094583
21.61885738704754,154.17460625667445
77.14848748169257,249.45636998323147
2.021752014779743,152.82549757070836
67.07600217115339,337.7688581009606
46.92822781202414,207.8928999698509
34.676007192006864,191.2389853265421
86.24043522930891,252.82536307236467
85.42676926575307,296.32634310043926
2.230170489864358,126.81230705712487
60.9505122449431,267.1401047304996
36.78322243209564,170.8365098048828
41.56610015004492,192.50533547894835
83.2040739218776,289.403959727675
30.983977152767828,165.87440453039173
94.30488106376201,353.37090780124913
17.963382637214075,63.048977680205596
66.27224233681778,262.58729055723677
67.21050670137647,282.5870164295687
25.21951614279182,139.3137464578874
32.4750608967202,161.24497695682393
83.47984925799405,289.9609398924298
76.18052549549525,270.5204156130747
32.909588031475955,182.51876495064022
53.39565469349339,238.85630293753852
6.168029625309545,28.028070804753824
20.874588239862923,179.34959113169526
48.58205588603991,209.3897216172801
8.59737352792116,201.91446348077994
84.33323548919375,261.25449161959995
71.80062101076479,243.41688898073707
94.36336706484948,327.4663794524886
69.34669059640271,290.5589920072994
94.04013722621856,253.93857077354124
55.4512555690965,204.13338975764913
60.02186110619694,274.6565576419864
97.69710546262608,304.79601941124247
64.21291468642603,317.53230267558644
3.07865688607466,88.8127923680086
72.38027766305233,243.53222710179938
90.54686921374156,351.75641592266504
79.55802497943266,365.78006428932974
58.38332726254226,263.2825053422009
67.13035130935164,320.266106513077
99.01917892516717,417.30444457641306
9.066208850933833,84.31154560953837
66.72448286332396,305.8530255787345
28.339769457059383,107.46535685274344
64.00903965861701,277.70069024806304
60.762357588393876,248.93870956662565
15.345683210816208,190.07721343477874
20.674664574023915,200.45824430446856
62.16295780432135,279.1132593276802
12.822994730377413,144.47359452036633
26.518087513032285,187.44592302166063
83.52455477380025,311.3813671297795
32.70915060016386,179.22682462874312
48.80601562696629,282.0335761256145
94.11403351458402,400.30919295745434
22.71490888369463,150.89353419873464
38.96260173580104,207.29337878056515
60.64577755435457,255.01171359943558
75.53389295039722,221.77993803302053
90.16533867127052,311.41592763288855
91.54729875735151,395.4240202438439
77.6640074372623,262.9655557858637
22.833083659331045,245.05839573115065
2.4809330042565803,154.9687062865157
38.37739303556238,212.64783323752994
14.154885098782334,158.72112573044393
71.0387647438298,239.43648135198018
66.11305868257168,254.2477911953114
4.397164162145484,170.96239253292387
83.65937791309511,283.5809208689746
24.874326629118226,206.33425643073494
43.22270754910422,150.76494286979909
66.79337354557424,217.13399314458727
42.94187868522533,286.46190088987316
44.12878027999434,209.8294656382031
6.5627995335740374,94.00268408339284
40.14435492600038,257.0577876280364
76.48478932199835,343.044441453138
91.51763371865978,367.10212406832477
41.34971370633718,179.66365280507503
42.358582687907884,193.95923661253903
70.26271063236521,288.62210938913233
94.27720011052766,364.58351966133006
26.70609402393602,145.60975051298502
44.014420653793685,217.1395776673215
79.59732435523011,310.11813934079686
60.96935693740385,305.9595124608621
11.058634396395473,159.03617456516199
62.77327355622657,194.2426260411468
18.674628459732688,137.7984714725117
51.02159340784041,188.91190492544808
52.910326766043845,255.91112248266933
87.62033622249848,357.4586819082167
46.249427401243814,219.84881036734296
27.94424222358942,158.70516702983272
23.096634821603157,160.6193997552468
87.42518766843361,327.2550660006223
17.10108544182284,116.12133555762212
42.58685608831437,155.76260387628037
18.717311492694698,61.497141255911814
77.33040401143754,346.0471860425814
47.4372639974619,239.2445024034239
35.1143690556812,202.8682114100038
36.10996406264668,242.9135732136283
85.22142067229794,260.8197423007972
55.37739542944381,166.2324791146162
71.78678511312636,295.4529509005595
89.70385162506845,336.46119931634905
90.17416760406421,253.40431254110172
32.850905433786316,197.08515536899841
95.24512631463853,321.46151982068756
2.4875882014605444,72.64003138317712
37.68355610161657,180.33678018295674
89.57988575088416,222.36979598462975
27.463687981698293,144.05506579149895
27.308145032131836,138.96815176670393
30.26222850818887,198.83384645845882
61.23133848469222,246.49517346271116
43.83327756143538,236.16336536865043
72.67348363533426,175.60999704506435
89.49106425646659,288.81693709388395
67.41993749428606,291.68212889422813
20.44667201975755,138.2663516355949
93.26819023605022,368.34590338017443
26.44928733474785,91.04262397060684
14.989429532815812,167.8914769097209
8.996727886096089,95.90040057011066
56.33837406661656,210.2164186238308
11.376246248065181,169.67317760989536
13.877588411263076,183.03492569363164
30.003048059549663,218.05635279173447
28.16530096844638,255.231051747623
60.42395103321423,303.76530511636656
81.67452794726815,271.0921409900571
76.13496562028924,296.2302754608539
26.248445471647674,150.63506166854873
24.53104979859799,245.74800967646502
96.57915301069676,387.4160522911812
0.8236241591960125,94.20069285649753
87.97205330602158,356.4556143403171
19.972851912240497,98.6664509176002
94.72843230897678,347.23323289288567
34.23072848275197,146.5545089587188
44.03517738932523,139.83398045146976
70.7120613944381,309.42082291488805
58.76690514732603,284.7192408589543
31.79393297068228,198.50718703998749
55.38309158678235,230.84537608661032
73.07068843628862,229.98980587406078
4.23349459024921,62.26584179353936
1.1199305255704117,62.47288424402834
45.80669390728913,204.7947457705622
13.183661780351418,177.73362452570305
66.43442914647144,310.20424314177654
21.40524562274342,84.92437656347262
43.2851106795671,179.3707690281931
19.767093687426897,119.45539895492314
54.848358574912446,131.79425366920114
11.60534593845689,152.56685517858136
2.310685278748026,95.53522138569666
5.113163810669718,108.07560862731167
95.425844151531,394.5596431239507
14.228621861093583,139.2456555703324
70.84782531368351,259.1990007310592
6.792620422282624,140.78286911033945
10.816035223518217,171.0945042325469
50.887625140933466,239.55361077613634
46.48709301543437,244.89150028664767
95.15803094398696,331.83872800669343
94.48354530207374,332.8031676208764
77.9608642542465,299.60439294433246
60.21018301273497,219.19182269507058
45.4960317393011,190.1058474506861
35.617853432842104,246.37138504341044
94.70875469755555,420.31300061127627
60.29088114246856,316.9706767598959
57.90725276859945,189.71394336356363
23.190112176891486,98.90203665136238
4.669781788511306,62.13492895969888
94.51885797595445,341.88834118542917
31.37352588446539,61.57668746829201
44.25890233244587,186.15013718214772
11.463994358570684,187.2024222478779
83.6924329909292,350.1054992012702
2.7631832855930627,85.72704979647345
83.39907620990965,290.4679157052502
14.028501278796679,158.67137279937566
88.6564112631152,360.55293153031204
72.97726373361574,260.26195662598525
16.46702625073051,131.41675556307246
56.58179928594681,217.90563513076975
31.265631435521946,122.77321844579733
17.823309891158345,135.41582509318255
85.91821994111083,302.48346973109534
40.35227665072294,148.43153008533844
39.85437143653825,226.5161583383823
16.988667480662002,162.5802497262856
38.306567608577865,224.7118719961637
87.16168463288501,285.9486060008776
36.31287104896359,108.25541225566363
95.1603562499788,357.34422566397114
94.63088992083874,308.9467820708108
14.489865930734602,99.16837256483959
17.73112535226449,92.02805729409299
86.26740703318892,304.21371002189954
39.27609189247192,263.8150108708502
0.43739822830093367,80.06424293679795
27.3871819705371,123.12664472868306
59.762899319556,276.5309700782815
79.9265965959968,307.00635503920256
13.338861709325956,45.1735147987345
11.054136441673535,155.19229288822737
92.20926535723316,419.07817143228664
75.11483678225827,179.59166453705933
58.97796007780784,196.0332892174801
76.9186789995928,173.78358540566958
42.88543613066385,204.0805461327197
75.84557473091266,330.8190057707389
37.18029912745357,197.34011179426443
24.409457249260235,218.93769381309028
72.90134212929686,316.8084417218139
41.96722921572683,275.7359976268047
98.13771043261949,393.6149031576746
34.9485182308101,170.6068290400591
92.17274205310659,333.20801268410383
93.29625485670795,297.09929059554406
24.185294706474615,150.86677531599443
79.82211815880133,302.127805206018
43.30745051445651,204.7360528408061
91.7524727230348,385.2257069497944
45.01242726352388,198.79440939316453
74.4303717337366,247.29642744697603
46.69674091637979,180.56164165940936
22.780075571285618,184.20566851710979
19.935012894468628,91.4598885399694
42.54311942563456,197.98743788550624
75.5494657014215,344.10437840766446
60.50714851807668,263.4414442749125
68.86292899005433,269.0533615268194
28.232635073194245,169.08753354227815
48.14353459576055,177.52375009965496
4.4395264969327,75.43768371475488
81.75324159581207,296.26256071899553
98.98921622398747,358.7593685549935
40.68790626246709,241.16759435249594
1.096365313154335,106.59190239300067
16.979263955094737,198.73039717690094
65.25268777504188,329.9160632012235
61.207931820385916,286.10696172974076
78.78647195855439,347.9315926893786
25.388401096106815,122.25231709729269
76.36319155471341,243.09549969120337
68.79840215236698,293.54631362625213
32.28144977138433,124.90252307762493
54.548814805696196,224.29110191072635
14.727380849832672,168.90392994430022
45.256450343558264,271.94457713032483
88.1197339555641,309.72268003507656
42.11913798253908,178.25688002008968
83.9566706475422,323.224498421082
59.02533652596944,202.89851261581754
19.187671310235675,140.7599114406729
58.11062446978964,244.94371876553367
50.598332915706344,225.331556873587
39.8641335196384,203.34252525692455
11.963043951607034,95.18757754512394
41.670866384722984,173.9305861176174
7.276237623962711,87.10678462616585
9.876905139875126,57.288156781083785
41.591653293271605,218.20100088233565
30.53814819684637,213.56763854773834
92.55443258622235,364.5166023183272
37.57058053802705,183.00525632752118
75.78581220721001,255.7226169389814
53.02475263662427,263.52912954031694
70.40856686423355,302.60384148483934
26.01159830153992,174.07479246440525
94.19049728383291,408.04840017015425
53.00884969144239,231.42268908952101
83.13240712852496,297.14309718266713
36.50456934761135,174.62700329864637
10.021134905052453,60.1124421619205
67.37116477208488,295.94299423869177
0.7759648337424485,97.55118810417045
47.52929765655083,240.0389589602967
19.280190266645924,224.83190213037886
62.737550443536215,240.58662916467074
97.94198731378522,247.5819986040445
46.440290632064595,236.11568338142874
81.74982565256667,311.3167573992831
50.7784186951121,196.4722665683732
49.584003110402406,240.4882935528833
93.04234931787778,365.3114500370839
88.99658687466815,283.1077144941003
78.58004651879745,283.9131891215212
29.625575331678412,235.5043511716974
54.50084157239405,206.2289765473974
22.3897233305685,158.74810683726068
44.39166980465398,101.79041659551167
48.42130657597906,159.4010102004784
83.16400401693309,314.4635334026799
89.60283653249931,375.0975856103564
41.462006239647785,146.98770250931727
1.7704445073237207,107.52835280229849
86.17738397893547,299.8116975363216
17.42786785013607,183.22294585575537
62.188196389039355,204.80372350309167
2.4970900434131194,124.13612719442672
39.95064752605643,172.67978506517176
98.59603021153498,355.7695837148886
10.069360110380309,128.04128015727252
42.369315199964234,195.44800701855988
30.714995018995218,196.66687332620688
90.50881233882643,328.0882050425782
86.93401079073551,311.8096141319274
23.769876030622882,144.5959623397456
8.118778705043116,123.52543165179412
62.713839406111745,266.02273144926835
33.636871188370975,142.93887222220178
67.20843906060631,253.48132930678292
3.2119756067814476,64.12887497807947
13.339923517748941,131.69203798529782
68.63722327726434,246.94904716373648
21.237065530249776,185.16113527540085
85.75876757624016,342.38575852043175
5.859088771013543,76.2567217564899
21.54819827855746,153.77449847560652
99.85602484850686,376.205576358915
43.30761025867926,200.97531421201958
70.29656635446435,245.44388931903703
18.266304885701366,100.2162587547
60.98687349855377,288.009028402298
72.61060683694186,319.08394280791833
31.447663586651053,169.96748870760928
82.88971119758777,339.0994705437057
60.34175784722833,127.48666211217424
38.91230096150302,252.51373009117626
55.76423933431586,232.88090185708
57.676084743592426,250.08883276701948
16.5535292693866,128.04866723829883
40.27323698669662,258.7515721055775
34.34305880194931,141.72585470014553
40.09027225791261,261.57067633060984
76.11105884852579,306.76451862075976
48.253840746667265,246.54057773454542
94.03161532392643,321.38246597569156
29.36764133584362,118.99057813421706
41.5703578284929,242.63984154381154
78.69568104790415,309.6953626571096
54.60245933207503,293.1565604629448
54.70281464244478,228.69496310495262
5.334016300518352,95.89289824950212
39.85996627184558,257.4013962394257
27.073373242173247,247.22788551044525
99.93351228311154,350.22267044830505
30.835507063231027,145.77025432551272
88.44965347938634,354.8463066517259
67.62337350404775,258.48989539075376
34.09164091920904,210.1614621421758
54.353437837412365,225.0964047026328
84.05358799491938,375.20485149455124
88.33682980309119,291.73977864035373
16.03938750061452,160.0909294114714
33.95731412081696,164.56081537079857
33.522318021357165,172.09370047596164
4.204479607594469,93.36760287911595
59.823775985189656,280.2892655204307
85.4820052992188,351.91355660932555
38.15743878255178,218.59834884917046
74.0035944984177,280.51632870748995
62.77004136007399,262.7573006060749
37.56487354930008,231.26193466034144
14.105979949229708,173.9290049712771
70.93238527759674,165.40191090211675
85.45651689412405,302.3154751538745
68.58544924014919,262.1333248582876
1.7878484034818065,132.31390743554192
21.623289439099125,151.2802203849851
6.947998488353191,147.2916567807046
57.038609957622675,197.71878952791155
75.64776788404124,299.93900084168524
11.057918706865944,165.09789803463903
83.83378205933852,248.2426820768906
55.55089783954832,343.4575069026004
68.9969012141725,322.0391218766777
97.14018486086462,342.9067663689779
8.368098824769731,86.454286298086
90.12240229777892,318.0215793042254
12.610269598740931,135.01227536282502
39.29588066366823,216.57348939067955
85.14386963311144,375.2947438332612
90.62542367378683,306.7554585343716
50.63716735451453,250.0044893423535
59.410463827542515,194.7545795722629
70.81473345985572,259.82895522924923
83.27586684527142,323.8629904236177
12.151116953766616,159.13780292081228
81.00693082292277,271.17905216607755
48.127615051161676,201.9798770535213
45.0623425108169,273.4223882019611
42.389975199699826,254.31620427288274
50.92115852460426,235.97576926034455
94.50505533946036,243.20690480388532
54.82037727921516,341.5267385279063
95.31775382631392,337.4651309454522
18.029013061564058,132.06816456082194
72.41359788326332,259.3011838486669
81.22395386087472,318.718654072182
67.91288313348619,285.86599580479094
60.692228022654035,291.281490297383
56.48127810861823,202.6743325740094
86.0930482578696,302.2312555991086
82.16465971645,389.8926057355236
12.228872118059952,139.91628483237014
84.85876570308781,304.9690290705438
41.40686194404425,164.34110059464098
25.369682999581077,184.4736296148469
86.97685680139259,360.33770652642175
43.20247996337416,244.39346268582688
80.83646901768167,291.3237496606646
26.34036119558445,180.88082231912767
0.3929321422217802,170.53180488456812
49.545919290294435,268.41890958963296
10.022825664288426,92.4319340240975
75.43759555249096,182.66732073904163
27.607513606941037,181.36601902817924
44.364564660347874,244.13587853290423
8.703356509155425,76.44115177236385
28.665924844725264,171.29912360397574
78.1490243258572,284.4013479807459
15.158791190231947,142.23581563162418
64.71595611269574,239.12777399384856
91.74258528045011,383.04823784804864
67.98367597577203,276.11544262406
81.10216892922269,266.1838807790125
10.89716293039158,165.41396614560702
25.073182600205445,110.08636829616519
89.4538852240591,377.0761659269733
71.51056136180893,320.0094803522373
63.95538263773112,317.7101273149791
66.37667361217,259.357835784695
41.420055430464345,182.909291616563
4.455663161765322,114.63488747335863
78.4441542070729,292.5973887952642
67.87132362153538,242.52118322324668
47.28044641127247,195.1675903349073
89.97596153682575,309.69694319443016
33.615966498509884,135.36185431277443
29.43217442312359,201.78713265393316
87.27963250794429,316.02325624372554
79.69876547589855,286.41681204281025
51.49798106483448,182.54861222242135
13.073473945784997,84.40630905145878
21.507147146505247,234.31166883987032
65.62279904088066,237.95991946534986
38.50412378404117,221.66137385838132
83.64731916659713,315.88471317661237
94.99550093322041,222.02689750931484
80.56369252749182,375.98423752831786
37.754542299555716,222.84770392455647
78.8686429231424,265.2326521157948
35.14416734706835,186.68022853112222
16.71000877656339,93.96319042347477
3.3393204865857395,184.32829562593227
38.571671276102,158.6660338102241
90.35593036972818,304.12689006126817
23.89865877556765,129.39322176775403
20.6513164929784,154.97248020117084
96.98207852410403,399.46728288346543
2.500411285059212,180.69804172618547
78.57821503937544,279.8452830481474
32.13699557408704,196.07997282657374
3.7487956869659333,112.77966800820718
91.78025402095837,288.61073247525
13.96423302095836,235.70112848337152
55.17792837256954,294.6425007274409
27.405420742954778,176.38172624994127
6.519280218469103,182.11223458975275
4.992248566337909,162.91038186491278
11.555669883633879,132.29501990198523
7.136701388938005,131.4034855866298
76.05581155199229,353.05161271610206
48.556620228342915,182.02678347257776
34.289209134897966,255.35700806821285
41.83689101320071,195.2264081787205
92.89467355726234,395.6709360900322
91.07518127381472,327.47050033550283
71.56764801225769,292.96524381396364
88.46823774216878,319.7431934630773
31.964802758762477,157.78462635085114
38.110932600828285,184.04168394841693
61.371218185422805,310.806044417483
62.36259472972642,159.62557850036075
48.169983801234096,168.87771935872053
40.06578484379533,169.9811753314845
98.6180311608695,301.680488841269
82.11236261177244,368.10368379587334
43.49801978880452,261.0707630828483
72.72924772395685,306.45463237119276
26.95616932524595,140.8545531633539
10.016932623732988,180.5872312972022
35.24310255527406,122.03353133057901
40.29728001233942,289.86049498132303
1.6537124560670802,75.65022416259038
81.47920016358961,292.7960118892895
35.91934023891815,171.935478208625
58.0418165780147,200.45785377199013
7.396318727095597,198.58522469184487
17.499682875058397,176.57120778593807
88.969372532756,372.99314406992437
60.86875278828008,201.26106066145718
95.02840501704856,345.09893989113607
99.87500343913169,371.3649332951643
37.18601153330944,204.22986754704115
29.880306408327463,126.42337051196199
85.83560551590968,359.3352459981365
99.86114270374541,354.7099540372719
62.96412342324573,217.67898205884114
79.51407225115223,221.59738907373293
78.17458588152745,320.6768553614757
35.533970821954696,290.78626051975374
57.42703802570872,201.32789020780226
83.30569412642136,315.3556933794304
68.81138762610554,318.23076394271834
2.116381398203826,52.46700741774237
33.67056688975335,164.20779182456556
14.447569659460536,100.33197508617701
23.297221207803908,199.21057619116203
90.54894774913257,381.5208022137615
3.689328891076815,115.84003398168689
21.980071196192373,119.92978992084207
30.956935223823145,158.96999892519963
61.68840719663948,227.98909574965037
53.41016900858655,192.8661026209293
21.82694828533861,150.32206626124002
16.424106722315447,164.97595146212836
23.679803459611882,179.5966941620667
50.25296267016556,225.28989873546615
27.117778571120343,170.16817416448833
94.76025016077222,333.50770049056916
46.38652214288476,161.99575434422349
5.879601654463706,121.3614245399497
72.92664058366334,258.03482976561503
32.884528820898964,126.15503998403202
65.34889320582475,278.7954566883731
27.9594370523232,144.44753384827237
57.07437417333199,252.16164872648207
77.21525048074646,328.3041399224539
92.8008741774554,292.467455890549
26.112714443307706,169.11449665962363
33.485695099898116,108.39150314293742
46.42664202859397,279.8277210102007
92.71748377359889,275.24967980909753
90.13868568106571,303.92761638168383
8.987828010063803,178.15293290772826
13.192982575381084,123.22511836088357
49.55091773306383,174.05950366388473
10.661927280542349,156.32226572024823
34.55808733486975,215.12485598641055
14.838537821747765,110.75259521383995
63.604035513188585,237.17049461311288
94.94954317391617,319.25864591982537
99.67337702943814,340.5702003276179
37.52411324969148,115.05312672490935
59.901263711461226,242.20501045649505
85.62676535240813,388.28675288207575
11.746207279638398,92.08864286854441
68.9564411051965,248.11482260258538
40.88436617250682,152.966443313426
20.614616028016407,177.00556765667804
40.2753618747442,250.74749099290094
7.596028696491686,168.09725451561172
69.54071485893057,221.92824413295807
25.27426687484531,183.97952714922272
31.1405645044878,237.50265319448667
12.108129824146275,151.4748836654953
86.46591138898917,336.0690372925938
49.34442792827386,203.73835673066216
57.21468777864003,252.19439968212342
56.94326830948546,293.79525051863635
41.04931145413418,216.2784291938092
19.25299154381395,96.19794515824879
74.51327484983999,267.30955044085715
12.705626535767433,182.07620207983769
10.38737902788105,139.47940966644782
71.01450375965034,282.4898431235354
20.883702045198383,129.15941112355975
30.67727513528323,226.14491623422524
47.522746700174025,287.9716260872701
44.93513167295462,264.89287586869136
70.85791250649991,337.1638778787935
62.3431793443361,240.93395726036775
64.43961622818657,240.28948024055435
71.40543306554574,272.0088338952899
29.261272742346534,174.75802351889513
32.233331180047365,240.12097752536323
43.799774789555414,258.0062131225869
30.74621730335261,199.26858906572096
98.49378689708634,286.6898702181648
81.40519264214296,233.2827482747109
16.465468825602958,151.16813659674236
0.5594155881869511,138.02193369702377
4.278326824726786,107.3854260063849
24.406345104292527,240.68556053212262
11.429128583685655,83.53780765610588
53.33381148925721,183.06098538586235
85.79952227273586,286.8613624912972
73.67502209132275,254.96844452321866
21.560906308219042,175.7984156778874
39.929925602578585,182.2794713036444
50.78942095312776,162.57557252126358
81.02058495033356,339.6456286905058
83.91216031061649,236.55751280598636
90.97183119077759,282.861490193667
50.924525050287514,159.79852453278318
69.4274746435863,282.1859777080052
11.180037123393715,135.69061718430063
56.52889599539821,321.05641793371456
24.869180947113513,200.1927561341226
43.17168850266111,267.9089828695945
63.40505083067194,270.5202460639864
25.698593785378108,123.6011871511295
5.218505779676108,118.3761876419683
1.0233856408757513,127.20616976545543
2.2159535544521547,134.82182525055856
0.8349737513769662,82.43270347839106
11.035505655787547,147.92474984515133
23.948871457012988,121.05350321724471
22.12215141822992,111.89976202612209
98.67965941798967,300.27686978229343
30.60061052089432,177.52609178868227
12.74207833593991,82.85125533570205
54.55625441677579,218.7191244427233
85.79574553975084,352.0552521623028
67.80603767876752,226.69810243210367
29.60820891354503,153.03859488888904
56.161615979145495,243.38426280331137
71.48559742004092,288.98573544514403
72.81044923677423,261.25311307176906
66.65384552976889,299.37196636682125
87.0810424775618,342.2684037204355
87.01054583441044,364.9501556607906
57.89365594070033,241.33908770508123
42.985636911121226,186.12824004357776
64.15702955650998,231.9916344494448
81.82120013704632,317.3268955929216
0.5652104841184724,85.7214409896298
99.19970090148512,324.3189151661201
18.289377232919925,127.07242901640966
47.02489856599762,189.11726956240716
87.20297348428667,326.2877170682994
22.504039904419937,97.48950575092998
47.67952239003832,231.80581398960777
13.258218018117917,161.29339008340563
39.50763253881926,174.60157572993987
17.71354547930025,224.2503067693271
36.3627748771157,191.64007271793517
37.346421679272204,128.4063012404457
99.31707895983327,336.5915722051219
99.48130293037723,351.3100693719629
11.478627866061242,147.37588728566425
72.59687793283473,270.7817849919506
5.174547966910115,70.84993796708221
3.0192015337188627,61.991280413501514
10.53338942449643,99.14044258834232
96.5485657007934,318.16514237750215
94.08635478946974,287.995230037113
19.392782028068044,117.99322682484802
16.16723355537115,167.8548888038999
24.0535086515947,228.71606067585063
51.554699407514214,260.3177709355591
56.97046320354099,296.7565738585438
22.159343043944734,195.92660523575822
75.66227880899451,323.8181260340179
30.955316940265078,163.3342619193195
92.21313255294103,336.39543553028943
65.67227064567305,246.6807878191273
43.63511943036117,199.971834120608
78.99120017028454,300.3140960490869
81.79146260466648,334.16661196239346
29.048160560894367,190.2327918776835
33.97145438360843,178.19572137168706
93.59551537286033,336.2994805266856
16.474103836327192,159.2195374506763
4.2150416962934205,138.3045832394982
45.405532260954914,150.3159608587334
80.1209900243629,255.47765329412744
77.16681063107458,338.9867367635843
91.95306289128325,327.3501757246792
53.32006643690402,215.65643820001748
10.006467156653331,114.05325913228756
58.86889743360161,236.20077114693157
77.83956143532116,317.81193291364184
9.33281202698264,77.23295253920668
17.265740109758976,144.19522965753168
1.2290661155670901,113.31240574099624
59.36525794468104,264.8998913637839
88.67343919459044,330.9558657032408
67.06633160020995,289.13013353406086
98.2040087590982,321.6829698692845
6.3033652499761565,76.57466330894322
90.30010851514962,427.9740641234032
81.40682873866807,290.9829395665367
31.424152049950493,170.88614264127017
97.35265518372518,371.58320915104355
28.793774817141504,238.38981192952627
88.93047238282185,299.6710613981285
88.07485770741894,278.63138504440366
75.76576166029724,237.73455182076773
56.347047381285186,307.1488825344694
12.000274961688806,86.81019427482542
53.197173449649824,231.84646750620834
35.67962556549345,148.5390795630747
79.22170331553518,237.79533783136827
75.81292064968449,277.3680104252407
91.06125073726052,288.6364656534157
1.4830162431707872,74.93230535190047
80.91032168230461,385.7399071902048
93.84620531246688,352.29333696148626
78.93004491081501,336.0789482585171
13.01944598703667,166.85861735448802
8.127910484088774,116.12345245738807
2.084523980770081,86.91680560193288
62.8745225828071,267.54324344278007
62.96726518598873,264.4265656790442
98.69137142182123,323.06325070444336
39.804317410409574,204.91311901153543
33.19062848974967,153.58968842518016
62.44249271843925,248.9727160102454
82.5608672507594,292.45268238852776
93.67739495230019,281.4019796577875
80.31241661790386,202.960986411784
42.66739806158048,167.59872163970485
63.491423531206415,333.7884236943159
85.6299326716117,301.1905056376895
49.060968831173945,254.93661624955809
21.66866437053927,65.7840144185884
16.972343974787297,100.48106761417645
0.01577445780567288,43.68582782138642
71.82379949812842,271.14279670044726
11.10972088459905,228.53988119904284
24.383909969594043,180.10803919213262
29.787633152279337,245.01512719384374
56.037986013676836,229.5091122441663
39.795727729576925,256.27477793546086
67.46739920231619,354.92644705469024
5.5638659328702715,109.35935935020143
12.393919426443944,108.54866326507288
49.921150353326674,169.97528589285736
33.69647878468298,171.3827294350185
29.58133627513597,177.3606559585314
6.702807903752273,201.254946659263
89.57191747480014,270.05233668074817
69.18185861250508,275.436882604628
12.161815681964939,54.9201590076233
6.504595773714062,98.50600058079993
97.48725334312431,356.6737527884046
68.1172550439505,291.6191853324831
41.74560710937415,228.87035248278698
70.17310407557848,291.96677486744005
75.63317864801591,313.2314304881028
77.99622023887794,296.893529348613
47.787730565305765,175.87279630644997
42.9882758124848,130.43240888110418
1.102808426890034,80.01204688189594
92.6557115141838,326.0385969553056
60.33078783889431,302.9968647785282
20.31539371899681,146.60294656746328
91.96034194214366,321.722590348412
91.49319017702963,344.77285085061897
98.91841643660959,336.06217883940474
87.40565631389788,352.2367812188953
99.77843878200648,431.79637121434604
24.468618812327257,252.31928799927806
84.2249585199234,314.5997764532391
82.30283087957645,319.77350089369787
23.094035922073374,223.42347771572594
9.843754900099078,118.37020978198689
97.94205136775996,373.11295147800377
29.602455152061037,126.77774386933851
87.0891790467806,304.7904692953419
0.41271546746038945,149.13199515819508
2.1024807219602204,75.37563651517712
46.58713086963684,211.14025147402924
23.871468393506355,94.18359988864395
68.98412834359642,355.91041114159964
56.556432556795436,293.93942745179965
7.7485797450491445,127.19734122686926
16.262829631571705,161.7721725231443
38.80492700584143,213.4836780688469
18.560406395543318,203.99537575908158
79.22223472439286,276.4708850819639
41.607023555328006,234.48358986573223
9.343186684249927,168.18393407051215
48.434290227212486,271.64942339727315
9.083818106141416,28.708306561085863
12.893730541981718,107.30148169279676
23.96098320282053,117.49981329787329
85.95277052474898,321.10555441999657
92.46125323329719,247.27609489720294
82.6257729332069,221.4561895709513
33.40772174178473,273.8062151056281
27.244644110883165,193.8106081915143
54.91556907902392,242.32351831740917
72.18531605331123,295.5939088485858
99.33727881601749,354.43171849705226
13.157071187892623,174.38750195337184
4.929199902380443,86.01012749103512
69.4355888995271,281.35309142775805
83.22257835039055,317.5183191110538
84.63487798664232,268.0326172092716
67.84635490771606,322.74483135514026
95.4015804119187,319.9615479598929
51.10047635445869,270.08107038092265
91.38147983362124,333.23464931616815
96.7812136991523,409.91841296185805
84.71574570031078,268.4627351513836
30.97585632586206,132.30819658518493
19.621565117029526,111.37240239839954
54.812006498181844,242.57578429610274
45.30147503801884,277.3865573525319
87.77583421927329,385.7203252669449
10.003167106715372,28.90155853066055
25.77400613115186,174.82409426849037
75.17989445187085,154.27464035453872
9.498664497731212,156.82399881642544
32.07644140217002,226.71259797698315
38.71553940539832,195.11448345068476
62.259379656269,259.14250687565453
15.813264571936458,142.59691125627694
86.06044903497096,282.5143772965544
44.75422354662742,229.84669967192235
91.70217118805564,319.6276864792889
46.78699136339316,255.67231153496343
27.504025894073337,164.03261043743558
14.182882868767487,99.63429773191109
0.3745094711284813,37.03654717579781
53.21574849848356,155.4848609025483
10.715669692692343,181.3961911785922
39.17277636311782,178.88559196954805
58.92717612370867,261.4043364333973
27.56858969027003,243.11284312310153
17.522429236611526,120.39057071928983
77.47216226093417,267.57417350914915
94.67911722816206,331.1991967489114
10.044041786196601,126.33465343958417
15.559032438500786,217.4292494963745
96.00126572527186,405.1492085004355
3.7784221812246277,135.2776082069339
97.76323365504722,404.7110165404931
0.4644483084988771,93.74630983342604
87.36686556513314,330.8639207040202
30.732518098774953,164.286804975022
93.85888581772966,280.96137340362543
31.694528863558546,229.32359104564907
